Jul 17 01:07:57 server node[1270181]: [2026-07-16 19:07:57.707] [LOG]   [calendar] Create new calendarfetcher for url: https://raw.githubusercontent.com/clarencechaan/ufc-cal/ics/UFC.ics - Interval: 900000
Jul 17 01:07:57 server node[1270181]: [2026-07-16 19:07:57.709] [LOG]   [calendar] Create new calendarfetcher for url: https://butterflytherapeutics.janeapp.com/REDACTED_PRIVATE_PATH - Interval: 900000
Jul 17 01:07:57 server node[1270181]: [2026-07-16 19:07:57.714] [LOG]   [weather] Received INIT_WEATHER for instance module_3_weather
Jul 17 01:07:57 server node[1270181]: [2026-07-16 19:07:57.714] [LOG]   [weather] Attempting to initialize provider openmeteo for instance module_3_weather
Jul 17 01:07:57 server node[1270181]: [2026-07-16 19:07:57.714] [LOG]   [weather] Loading provider from: /opt/MagicMirror/defaultmodules/weather/providers/openmeteo.js
Jul 17 01:07:57 server node[1270181]: [2026-07-16 19:07:57.723] [LOG]   [MMM-ReferenceClock] [MMM-ReferenceClock] Chrony synchronized; starting reference ticks.
Jul 17 01:07:58 server node[1270181]: [2026-07-16 19:07:58.581] [INFO]  [calendar] Broadcasting 24 events from https://raw.githubusercontent.com/clarencechaan/ufc-cal/ics/UFC.ics.
Jul 17 01:07:58 server node[1270181]: [2026-07-16 19:07:58.712] [INFO]  [calendar] Broadcasting 12 events from https://www.officeholidays.com/ics-fed/usa.
Jul 17 01:07:59 server node[1270181]: [2026-07-16 19:07:59.433] [LOG]   [weather] Weather provider openmeteo initialized for instance module_3_weather
Jul 17 01:07:59 server node[1270181]: [2026-07-16 19:07:59.626] [LOG]   [weather] Weather provider openmeteo initialized for instance module_4_weather
Jul 17 01:07:59 server node[1270181]: [2026-07-16 19:07:59.757] [INFO]  [calendar] Broadcasting 8 events from https://butterflytherapeutics.janeapp.com/REDACTED_PRIVATE_PATH
Jul 17 01:07:59 server node[1270181]: [2026-07-16 19:07:59.945] [INFO]  [calendar] Broadcasting 656 events from https://cloud.example.com/REDACTED_PRIVATE_PATH
Jul 17 01:08:03 server node[1270181]: [2026-07-16 19:08:03.466] [LOG]   [MMM-SecondBrain] [MMM-SecondBrain] Publishing 4 item(s) to display.
Jul 17 01:09:02 server node[1270181]: [2026-07-16 19:09:02.552] [LOG]   [MMM-SecondBrain] [MMM-SecondBrain] Publishing 4 item(s) to display.
Jul 17 01:10:02 server node[1270181]: [2026-07-16 19:10:02.602] [LOG]   [MMM-SecondBrain] [MMM-SecondBrain] Publishing 4 item(s) to display.
Jul 17 01:11:03 server node[1270181]: [2026-07-16 19:11:03.027] [LOG]   [MMM-SecondBrain] [MMM-SecondBrain] Publishing 4 item(s) to display.
Jul 17 01:12:02 server node[1270181]: [2026-07-16 19:12:02.946] [LOG]   [MMM-SecondBrain] [MMM-SecondBrain] Publishing 4 item(s) to display.
Jul 17 01:13:02 server node[1270181]: [2026-07-16 19:13:02.445] [LOG]   [MMM-SecondBrain] [MMM-SecondBrain] Publishing 4 item(s) to display.
Jul 17 01:14:02 server node[1270181]: [2026-07-16 19:14:02.858] [LOG]   [MMM-SecondBrain] [MMM-SecondBrain] Publishing 4 item(s) to display.
Jul 17 01:15:03 server node[1270181]: [2026-07-16 19:15:03.018] [LOG]   [MMM-SecondBrain] [MMM-SecondBrain] Publishing 4 item(s) to display.
Jul 17 01:16:03 server node[1270181]: [2026-07-16 19:16:03.016] [LOG]   [MMM-SecondBrain] [MMM-SecondBrain] Publishing 4 item(s) to display.
Jul 17 01:17:03 server node[1270181]: [2026-07-16 19:17:03.286] [LOG]   [MMM-SecondBrain] [MMM-SecondBrain] Publishing 4 item(s) to display.
Jul 17 01:18:03 server node[1270181]: [2026-07-16 19:18:03.222] [LOG]   [MMM-SecondBrain] [MMM-SecondBrain] Publishing 4 item(s) to display.
Jul 17 01:19:06 server node[1270181]: [2026-07-16 19:19:06.977] [LOG]   [MMM-SecondBrain] [MMM-SecondBrain] Publishing 4 item(s) to display.
Jul 17 01:20:03 server node[1270181]: [2026-07-16 19:20:03.234] [LOG]   [MMM-SecondBrain] [MMM-SecondBrain] Publishing 4 item(s) to display.
Jul 17 01:21:02 server node[1270181]: [2026-07-16 19:21:02.767] [LOG]   [MMM-SecondBrain] [MMM-SecondBrain] Publishing 4 item(s) to display.
Jul 17 01:22:03 server node[1270181]: [2026-07-16 19:22:03.848] [LOG]   [MMM-SecondBrain] [MMM-SecondBrain] Publishing 4 item(s) to display.
Jul 17 01:22:59 server node[1270181]: [2026-07-16 19:22:59.167] [INFO]  [calendar] Broadcasting 12 events from https://www.officeholidays.com/ics-fed/usa.
Jul 17 01:22:59 server node[1270181]: [2026-07-16 19:22:59.241] [INFO]  [calendar] Broadcasting 24 events from https://raw.githubusercontent.com/clarencechaan/ufc-cal/ics/UFC.ics.
Jul 17 01:23:01 server node[1270181]: [2026-07-16 19:23:01.105] [INFO]  [calendar] Broadcasting 656 events from https://cloud.example.com/REDACTED_PRIVATE_PATH
Jul 17 01:23:01 server node[1270181]: [2026-07-16 19:23:01.266] [INFO]  [calendar] Broadcasting 8 events from https://butterflytherapeutics.janeapp.com/REDACTED_PRIVATE_PATH
Jul 17 01:23:02 server node[1270181]: [2026-07-16 19:23:02.917] [LOG]   [MMM-SecondBrain] [MMM-SecondBrain] Publishing 4 item(s) to display.
Jul 17 01:24:02 server node[1270181]: [2026-07-16 19:24:02.836] [LOG]   [MMM-SecondBrain] [MMM-SecondBrain] Publishing 4 item(s) to display.
Jul 17 01:25:03 server node[1270181]: [2026-07-16 19:25:03.110] [LOG]   [MMM-SecondBrain] [MMM-SecondBrain] Publishing 4 item(s) to display.
Jul 17 01:26:02 server node[1270181]: [2026-07-16 19:26:02.709] [LOG]   [MMM-SecondBrain] [MMM-SecondBrain] Publishing 4 item(s) to display.
Jul 17 01:27:04 server node[1270181]: [2026-07-16 19:27:04.387] [LOG]   [MMM-SecondBrain] [MMM-SecondBrain] Publishing 4 item(s) to display.
Jul 17 01:28:02 server node[1270181]: [2026-07-16 19:28:02.838] [LOG]   [MMM-SecondBrain] [MMM-SecondBrain] Publishing 4 item(s) to display.
Jul 17 01:29:03 server node[1270181]: [2026-07-16 19:29:03.198] [LOG]   [MMM-SecondBrain] [MMM-SecondBrain] Publishing 4 item(s) to display.
Jul 17 01:30:02 server node[1270181]: [2026-07-16 19:30:02.903] [LOG]   [MMM-SecondBrain] [MMM-SecondBrain] Publishing 4 item(s) to display.
Jul 17 01:31:02 server node[1270181]: [2026-07-16 19:31:02.761] [LOG]   [MMM-SecondBrain] [MMM-SecondBrain] Publishing 4 item(s) to display.
Jul 17 01:32:03 server node[1270181]: [2026-07-16 19:32:03.109] [LOG]   [MMM-SecondBrain] [MMM-SecondBrain] Publishing 4 item(s) to display.
Jul 17 01:33:03 server node[1270181]: [2026-07-16 19:33:03.043] [LOG]   [MMM-SecondBrain] [MMM-SecondBrain] Publishing 4 item(s) to display.
Jul 17 01:34:03 server node[1270181]: [2026-07-16 19:34:03.132] [LOG]   [MMM-SecondBrain] [MMM-SecondBrain] Publishing 4 item(s) to display.
Jul 17 01:35:02 server node[1270181]: [2026-07-16 19:35:02.446] [LOG]   [MMM-SecondBrain] [MMM-SecondBrain] Publishing 4 item(s) to display.
Jul 17 01:36:03 server node[1270181]: [2026-07-16 19:36:03.575] [LOG]   [MMM-SecondBrain] [MMM-SecondBrain] Publishing 4 item(s) to display.
Jul 17 01:37:03 server node[1270181]: [2026-07-16 19:37:03.089] [LOG]   [MMM-SecondBrain] [MMM-SecondBrain] Publishing 4 item(s) to display.
Jul 17 01:37:59 server node[1270181]: [2026-07-16 19:37:59.737] [INFO]  [calendar] Broadcasting 24 events from https://raw.githubusercontent.com/clarencechaan/ufc-cal/ics/UFC.ics.
Jul 17 01:37:59 server node[1270181]: [2026-07-16 19:37:59.970] [INFO]  [calendar] Broadcasting 12 events from https://www.officeholidays.com/ics-fed/usa.
Jul 17 01:38:02 server node[1270181]: [2026-07-16 19:38:02.296] [INFO]  [calendar] Broadcasting 656 events from https://cloud.example.com/REDACTED_PRIVATE_PATH
Jul 17 01:38:02 server node[1270181]: [2026-07-16 19:38:02.888] [INFO]  [calendar] Broadcasting 8 events from https://butterflytherapeutics.janeapp.com/REDACTED_PRIVATE_PATH
Jul 17 01:38:03 server node[1270181]: [2026-07-16 19:38:03.379] [LOG]   [MMM-SecondBrain] [MMM-SecondBrain] Publishing 4 item(s) to display.
Jul 17 01:39:03 server node[1270181]: [2026-07-16 19:39:03.163] [LOG]   [MMM-SecondBrain] [MMM-SecondBrain] Publishing 4 item(s) to display.
Jul 17 01:40:02 server node[1270181]: [2026-07-16 19:40:02.347] [LOG]   [MMM-SecondBrain] [MMM-SecondBrain] Publishing 4 item(s) to display.
Jul 17 01:41:03 server node[1270181]: [2026-07-16 19:41:03.715] [LOG]   [MMM-SecondBrain] [MMM-SecondBrain] Publishing 4 item(s) to display.
Jul 17 01:42:02 server node[1270181]: [2026-07-16 19:42:02.753] [LOG]   [MMM-SecondBrain] [MMM-SecondBrain] Publishing 4 item(s) to display.
Jul 17 01:43:08 server node[1270181]: [2026-07-16 19:43:08.162] [ERROR] [lib] [MMM-SecondBrain] Gmail IMAP account personal.json failed: Unexpected close
Jul 17 01:43:08 server node[1270181]: [2026-07-16 19:43:08.163] [LOG]   [MMM-SecondBrain] [MMM-SecondBrain] Publishing 4 item(s) to display.
Jul 17 01:44:02 server node[1270181]: [2026-07-16 19:44:02.620] [LOG]   [MMM-SecondBrain] [MMM-SecondBrain] Publishing 4 item(s) to display.
Jul 17 01:44:02 server systemd[1]: Stopping magicmirror.service - MagicMirror wall dashboard...
Jul 17 01:44:02 server node[1270181]: [2026-07-16 19:44:02.930] [LOG]   [app] [SIGTERM] Received. Shutting down server...
Jul 17 01:44:02 server node[1270181]: [2026-07-16 19:44:02.931] [LOG]   [node_helper] Stopping module helper: calendar
Jul 17 01:44:02 server node[1270181]: [2026-07-16 19:44:02.931] [LOG]   [node_helper] Stopping module helper: MMM-CalendarExt3
Jul 17 01:44:02 server node[1270181]: [2026-07-16 19:44:02.931] [LOG]   [node_helper] Stopping module helper: weather
Jul 17 01:44:02 server node[1270181]: [2026-07-16 19:44:02.931] [LOG]   [node_helper] Stopping module helper: MMM-CalendarExt3Agenda
Jul 17 01:44:02 server node[1270181]: [2026-07-16 19:44:02.931] [LOG]   [app] Node_helpers stopped ...
Jul 17 01:44:02 server systemd[1]: magicmirror.service: Deactivated successfully.
Jul 17 01:44:02 server systemd[1]: Stopped magicmirror.service - MagicMirror wall dashboard.
Jul 17 01:44:02 server systemd[1]: magicmirror.service: Consumed 7.007s CPU time, 137.1M memory peak, 0B memory swap peak.
Jul 17 01:44:02 server systemd[1]: Started magicmirror.service - MagicMirror wall dashboard.
Jul 17 01:44:03 server node[1395920]: [2026-07-16 19:44:03.816] [LOG]   [app] Starting MagicMirror: v2.37.0
Jul 17 01:44:03 server node[1395920]: [2026-07-16 19:44:03.838] [LOG]   [utils] Loading config ...
Jul 17 01:44:03 server node[1395920]: [2026-07-16 19:44:03.840] [INFO]  [utils] Checking config file /opt/MagicMirror/config/config.js ...
Jul 17 01:44:03 server node[1395920]: [2026-07-16 19:44:03.883] [INFO]  [utils] Your configuration file doesn't contain syntax errors :)
Jul 17 01:44:03 server node[1395920]: [2026-07-16 19:44:03.883] [INFO]  [utils] Checking modules structure configuration ...
Jul 17 01:44:03 server node[1395920]: [2026-07-16 19:44:03.883] [INFO]  [utils] Your modules structure configuration doesn't contain errors :)
Jul 17 01:44:03 server node[1395920]: [2026-07-16 19:44:03.884] [LOG]   [app] Loading module helpers ...
Jul 17 01:44:04 server node[1395920]: [2026-07-16 19:44:04.153] [LOG]   [node_helper] Initializing new module helper ...
Jul 17 01:44:04 server node[1395920]: [2026-07-16 19:44:04.154] [LOG]   [node_helper] Module helper loaded: calendar
Jul 17 01:44:04 server node[1395920]: [2026-07-16 19:44:04.155] [LOG]   [node_helper] Initializing new module helper ...
Jul 17 01:44:04 server node[1395920]: [2026-07-16 19:44:04.155] [LOG]   [node_helper] Module helper loaded: MMM-CalendarExt3
Jul 17 01:44:04 server node[1395920]: [2026-07-16 19:44:04.155] [LOG]   [app] No helper found for module: clock.
Jul 17 01:44:04 server node[1395920]: [2026-07-16 19:44:04.156] [LOG]   [node_helper] Initializing new module helper ...
Jul 17 01:44:04 server node[1395920]: [2026-07-16 19:44:04.156] [LOG]   [node_helper] Module helper loaded: weather
Jul 17 01:44:06 server node[1395920]: [2026-07-16 19:44:06.200] [LOG]   [node_helper] Initializing new module helper ...
Jul 17 01:44:06 server node[1395920]: [2026-07-16 19:44:06.200] [LOG]   [node_helper] Module helper loaded: MMM-SecondBrain
Jul 17 01:44:06 server node[1395920]: [2026-07-16 19:44:06.232] [LOG]   [node_helper] Initializing new module helper ...
Jul 17 01:44:06 server node[1395920]: [2026-07-16 19:44:06.232] [LOG]   [node_helper] Module helper loaded: MMM-CalendarExt3Agenda
Jul 17 01:44:06 server node[1395920]: [2026-07-16 19:44:06.232] [LOG]   [app] No helper found for module: MMM-SolarTheme.
Jul 17 01:44:06 server node[1395920]: [2026-07-16 19:44:06.232] [LOG]   [app] No helper found for module: MMM-CalendarLiveHeader.
Jul 17 01:44:06 server node[1395920]: [2026-07-16 19:44:06.232] [LOG]   [app] All module helpers loaded.
Jul 17 01:44:06 server node[1395920]: [2026-07-16 19:44:06.235] [LOG]   [server] Starting server on port 43761 ...
Jul 17 01:44:06 server node[1395920]: [2026-07-16 19:44:06.249] [LOG]   [app] Server started ...
Jul 17 01:44:06 server node[1395920]: [2026-07-16 19:44:06.249] [LOG]   [node_helper] Connecting socket for: calendar
Jul 17 01:44:06 server node[1395920]: [2026-07-16 19:44:06.249] [LOG]   [calendar] Starting node helper for: calendar
Jul 17 01:44:06 server node[1395920]: [2026-07-16 19:44:06.249] [LOG]   [node_helper] Connecting socket for: MMM-CalendarExt3
Jul 17 01:44:06 server node[1395920]: [2026-07-16 19:44:06.250] [LOG]   [node_helper] Connecting socket for: weather
Jul 17 01:44:06 server node[1395920]: [2026-07-16 19:44:06.250] [LOG]   [weather] Starting node helper for: weather
Jul 17 01:44:06 server node[1395920]: [2026-07-16 19:44:06.251] [LOG]   [node_helper] Connecting socket for: MMM-SecondBrain
Jul 17 01:44:06 server node[1395920]: [2026-07-16 19:44:06.251] [LOG]   [node_helper] Connecting socket for: MMM-CalendarExt3Agenda
Jul 17 01:44:06 server node[1395920]: [2026-07-16 19:44:06.251] [LOG]   [app] Sockets connected & modules started ...
Jul 17 01:44:06 server node[1395920]: [2026-07-16 19:44:06.252] [INFO]  [serveronly]
Jul 17 01:44:06 server node[1395920]: >>>   Ready to go! Please point your browser to: http://127.0.0.1:43761   <<<
Jul 17 01:44:07 server node[1395952]: [2026-07-16 19:44:07.988] [INFO]  [systeminformation]
Jul 17 01:44:07 server node[1395952]: ####  System Information  ####
Jul 17 01:44:07 server node[1395952]: - MM:       version: v2.37.0; git: 4b4a595; branch: HEAD
Jul 17 01:44:07 server node[1395952]: - SYSTEM:   manufacturer: ASUS; model: All Series; virtual: false
Jul 17 01:44:07 server node[1395952]: - OS:       platform: linux; distro: Ubuntu; release: 24.04.4 LTS; arch: x64; kernel: 6.8.0-134-generic
Jul 17 01:44:07 server node[1395952]: - VERSIONS: electron: undefined; used node: 22.23.1; installed node: 22.23.1; npm: 10.9.8; pm2:
Jul 17 01:44:07 server node[1395952]: - ENV:      XDG_SESSION_TYPE: undefined; MM_CONFIG_FILE: undefined
Jul 17 01:44:07 server node[1395952]:             WAYLAND_DISPLAY:  undefined; DISPLAY: undefined; ELECTRON_ENABLE_GPU: undefined
Jul 17 01:44:07 server node[1395952]: - RAM:      total: 15867.98 MB; free: 11040.03 MB; used: 4827.95 MB
Jul 17 01:44:07 server node[1395952]: - OTHERS:   uptime: 1212 minutes; timeZone: America/Denver
Jul 17 01:44:13 server node[1395920]: [2026-07-16 19:44:13.771] [LOG]   [weather] Received INIT_WEATHER for instance module_4_weather
Jul 17 01:44:13 server node[1395920]: [2026-07-16 19:44:13.771] [LOG]   [weather] Attempting to initialize provider openmeteo for instance module_4_weather
Jul 17 01:44:13 server node[1395920]: [2026-07-16 19:44:13.771] [LOG]   [weather] Loading provider from: /opt/MagicMirror/defaultmodules/weather/providers/openmeteo.js
Jul 17 01:44:13 server node[1395920]: [2026-07-16 19:44:13.827] [LOG]   [calendar] Create new calendarfetcher for url: https://cloud.example.com/REDACTED_PRIVATE_PATH - Interval: 900000
Jul 17 01:44:13 server node[1395920]: [2026-07-16 19:44:13.830] [LOG]   [calendar] Create new calendarfetcher for url: https://www.officeholidays.com/ics-fed/usa - Interval: 900000
Jul 17 01:44:13 server node[1395920]: [2026-07-16 19:44:13.831] [LOG]   [calendar] Create new calendarfetcher for url: https://raw.githubusercontent.com/clarencechaan/ufc-cal/ics/UFC.ics - Interval: 900000
Jul 17 01:44:13 server node[1395920]: [2026-07-16 19:44:13.833] [LOG]   [calendar] Create new calendarfetcher for url: https://butterflytherapeutics.janeapp.com/REDACTED_PRIVATE_PATH - Interval: 900000
Jul 17 01:44:13 server node[1395920]: [2026-07-16 19:44:13.835] [LOG]   [weather] Received INIT_WEATHER for instance module_3_weather
Jul 17 01:44:13 server node[1395920]: [2026-07-16 19:44:13.835] [LOG]   [weather] Attempting to initialize provider openmeteo for instance module_3_weather
Jul 17 01:44:13 server node[1395920]: [2026-07-16 19:44:13.836] [LOG]   [weather] Loading provider from: /opt/MagicMirror/defaultmodules/weather/providers/openmeteo.js
Jul 17 01:44:14 server node[1395920]: [2026-07-16 19:44:14.686] [INFO]  [calendar] Broadcasting 24 events from https://raw.githubusercontent.com/clarencechaan/ufc-cal/ics/UFC.ics.
Jul 17 01:44:14 server node[1395920]: [2026-07-16 19:44:14.822] [INFO]  [calendar] Broadcasting 12 events from https://www.officeholidays.com/ics-fed/usa.
Jul 17 01:44:15 server node[1395920]: [2026-07-16 19:44:15.638] [INFO]  [calendar] Broadcasting 8 events from https://butterflytherapeutics.janeapp.com/REDACTED_PRIVATE_PATH
Jul 17 01:44:15 server node[1395920]: [2026-07-16 19:44:15.987] [INFO]  [calendar] Broadcasting 656 events from https://cloud.example.com/REDACTED_PRIVATE_PATH
Jul 17 01:44:15 server node[1395920]: [2026-07-16 19:44:15.996] [LOG]   [weather] Weather provider openmeteo initialized for instance module_4_weather
Jul 17 01:44:15 server node[1395920]: [2026-07-16 19:44:15.998] [LOG]   [weather] Weather provider openmeteo initialized for instance module_3_weather
Jul 17 01:44:19 server node[1395920]: [2026-07-16 19:44:19.430] [LOG]   [MMM-SecondBrain] [MMM-SecondBrain] Publishing 4 item(s) to display.
Jul 17 01:45:32 server node[1395920]: [2026-07-16 19:45:32.416] [LOG]   [MMM-SecondBrain] [MMM-SecondBrain] Publishing 4 item(s) to display.
Jul 17 01:46:28 server node[1395920]: [2026-07-16 19:46:28.239] [LOG]   [MMM-SecondBrain] [MMM-SecondBrain] Publishing 4 item(s) to display.
Jul 17 01:47:20 server node[1395920]: [2026-07-16 19:47:20.182] [LOG]   [MMM-SecondBrain] [MMM-SecondBrain] Publishing 4 item(s) to display.
Jul 17 01:48:21 server node[1395920]: [2026-07-16 19:48:21.022] [LOG]   [MMM-SecondBrain] [MMM-SecondBrain] Publishing 4 item(s) to display.
Jul 17 01:49:19 server node[1395920]: [2026-07-16 19:49:19.787] [LOG]   [MMM-SecondBrain] [MMM-SecondBrain] Publishing 4 item(s) to display.
Jul 17 01:50:19 server node[1395920]: [2026-07-16 19:50:19.466] [LOG]   [MMM-SecondBrain] [MMM-SecondBrain] Publishing 4 item(s) to display.
Jul 17 01:51:19 server node[1395920]: [2026-07-16 19:51:19.815] [LOG]   [MMM-SecondBrain] [MMM-SecondBrain] Publishing 4 item(s) to display.
Jul 17 01:52:18 server node[1395920]: [2026-07-16 19:52:18.844] [LOG]   [MMM-SecondBrain] [MMM-SecondBrain] Publishing 4 item(s) to display.
Jul 17 01:53:18 server node[1395920]: [2026-07-16 19:53:18.819] [LOG]   [MMM-SecondBrain] [MMM-SecondBrain] Publishing 4 item(s) to display.
Jul 17 01:54:18 server node[1395920]: [2026-07-16 19:54:18.913] [LOG]   [MMM-SecondBrain] [MMM-SecondBrain] Publishing 4 item(s) to display.
Jul 17 01:55:21 server node[1395920]: [2026-07-16 19:55:21.692] [LOG]   [MMM-SecondBrain] [MMM-SecondBrain] Publishing 4 item(s) to display.
Jul 17 01:56:26 server node[1395920]: [2026-07-16 19:56:26.007] [LOG]   [MMM-SecondBrain] [MMM-SecondBrain] Publishing 4 item(s) to display.
Jul 17 01:57:21 server node[1395920]: [2026-07-16 19:57:21.239] [LOG]   [MMM-SecondBrain] [MMM-SecondBrain] Publishing 4 item(s) to display.
Jul 17 01:58:20 server node[1395920]: [2026-07-16 19:58:20.139] [LOG]   [MMM-SecondBrain] [MMM-SecondBrain] Publishing 4 item(s) to display.
Jul 17 01:59:15 server node[1395920]: [2026-07-16 19:59:15.164] [INFO]  [calendar] Broadcasting 24 events from https://raw.githubusercontent.com/clarencechaan/ufc-cal/ics/UFC.ics.
Jul 17 01:59:15 server node[1395920]: [2026-07-16 19:59:15.421] [INFO]  [calendar] Broadcasting 12 events from https://www.officeholidays.com/ics-fed/usa.
Jul 17 01:59:17 server node[1395920]: [2026-07-16 19:59:17.220] [INFO]  [calendar] Broadcasting 656 events from https://cloud.example.com/REDACTED_PRIVATE_PATH
Jul 17 01:59:17 server node[1395920]: [2026-07-16 19:59:17.299] [INFO]  [calendar] Broadcasting 8 events from https://butterflytherapeutics.janeapp.com/REDACTED_PRIVATE_PATH
Jul 17 01:59:18 server node[1395920]: [2026-07-16 19:59:18.727] [LOG]   [MMM-SecondBrain] [MMM-SecondBrain] Publishing 4 item(s) to display.
Jul 17 02:00:26 server node[1395920]: [2026-07-16 20:00:26.844] [LOG]   [MMM-SecondBrain] [MMM-SecondBrain] Publishing 4 item(s) to display.
Jul 17 02:01:18 server node[1395920]: [2026-07-16 20:01:18.832] [LOG]   [MMM-SecondBrain] [MMM-SecondBrain] Publishing 4 item(s) to display.
Jul 17 02:02:18 server node[1395920]: [2026-07-16 20:02:18.959] [LOG]   [MMM-SecondBrain] [MMM-SecondBrain] Publishing 4 item(s) to display.
Jul 17 02:03:19 server node[1395920]: [2026-07-16 20:03:19.182] [LOG]   [MMM-SecondBrain] [MMM-SecondBrain] Publishing 4 item(s) to display.
Jul 17 02:04:24 server node[1395920]: [2026-07-16 20:04:24.187] [LOG]   [MMM-SecondBrain] [MMM-SecondBrain] Publishing 4 item(s) to display.
Jul 17 02:05:19 server node[1395920]: [2026-07-16 20:05:19.545] [LOG]   [MMM-SecondBrain] [MMM-SecondBrain] Publishing 4 item(s) to display.
Jul 17 02:06:19 server node[1395920]: [2026-07-16 20:06:19.499] [LOG]   [MMM-SecondBrain] [MMM-SecondBrain] Publishing 4 item(s) to display.
Jul 17 02:07:47 server node[1395920]: [2026-07-16 20:07:47.553] [LOG]   [MMM-SecondBrain] [MMM-SecondBrain] Publishing 4 item(s) to display.
Jul 17 02:08:19 server node[1395920]: [2026-07-16 20:08:19.014] [LOG]   [MMM-SecondBrain] [MMM-SecondBrain] Publishing 4 item(s) to display.
Jul 17 02:09:19 server node[1395920]: [2026-07-16 20:09:19.627] [LOG]   [MMM-SecondBrain] [MMM-SecondBrain] Publishing 4 item(s) to display.
Jul 17 02:10:18 server node[1395920]: [2026-07-16 20:10:18.879] [LOG]   [MMM-SecondBrain] [MMM-SecondBrain] Publishing 4 item(s) to display.
Jul 17 02:11:19 server node[1395920]: [2026-07-16 20:11:19.414] [LOG]   [MMM-SecondBrain] [MMM-SecondBrain] Publishing 4 item(s) to display.
Jul 17 02:12:20 server node[1395920]: [2026-07-16 20:12:20.855] [LOG]   [MMM-SecondBrain] [MMM-SecondBrain] Publishing 4 item(s) to display.
Jul 17 02:13:19 server node[1395920]: [2026-07-16 20:13:19.255] [LOG]   [MMM-SecondBrain] [MMM-SecondBrain] Publishing 4 item(s) to display.
Jul 17 02:14:15 server node[1395920]: [2026-07-16 20:14:15.867] [INFO]  [calendar] Broadcasting 24 events from https://raw.githubusercontent.com/clarencechaan/ufc-cal/ics/UFC.ics.
Jul 17 02:14:16 server node[1395920]: [2026-07-16 20:14:16.243] [INFO]  [calendar] Broadcasting 12 events from https://www.officeholidays.com/ics-fed/usa.
Jul 17 02:14:18 server node[1395920]: [2026-07-16 20:14:18.397] [INFO]  [calendar] Broadcasting 656 events from https://cloud.example.com/REDACTED_PRIVATE_PATH
Jul 17 02:14:18 server node[1395920]: [2026-07-16 20:14:18.986] [INFO]  [calendar] Broadcasting 8 events from https://butterflytherapeutics.janeapp.com/REDACTED_PRIVATE_PATH
Jul 17 02:14:19 server node[1395920]: [2026-07-16 20:14:19.164] [LOG]   [MMM-SecondBrain] [MMM-SecondBrain] Publishing 4 item(s) to display.
Jul 17 02:15:18 server node[1395920]: [2026-07-16 20:15:18.832] [LOG]   [MMM-SecondBrain] [MMM-SecondBrain] Publishing 4 item(s) to display.
Jul 17 02:16:18 server node[1395920]: [2026-07-16 20:16:18.833] [LOG]   [MMM-SecondBrain] [MMM-SecondBrain] Publishing 4 item(s) to display.
Jul 17 02:17:18 server node[1395920]: [2026-07-16 20:17:18.640] [LOG]   [MMM-SecondBrain] [MMM-SecondBrain] Publishing 4 item(s) to display.
Jul 17 02:18:19 server node[1395920]: [2026-07-16 20:18:19.739] [LOG]   [MMM-SecondBrain] [MMM-SecondBrain] Publishing 4 item(s) to display.
Jul 17 02:19:18 server node[1395920]: [2026-07-16 20:19:18.967] [LOG]   [MMM-SecondBrain] [MMM-SecondBrain] Publishing 4 item(s) to display.
Jul 17 02:20:21 server node[1395920]: [2026-07-16 20:20:21.001] [LOG]   [MMM-SecondBrain] [MMM-SecondBrain] Publishing 4 item(s) to display.
Jul 17 02:21:18 server node[1395920]: [2026-07-16 20:21:18.760] [LOG]   [MMM-SecondBrain] [MMM-SecondBrain] Publishing 4 item(s) to display.
Jul 17 02:22:19 server node[1395920]: [2026-07-16 20:22:19.839] [LOG]   [MMM-SecondBrain] [MMM-SecondBrain] Publishing 4 item(s) to display.
Jul 17 02:23:18 server node[1395920]: [2026-07-16 20:23:18.852] [LOG]   [MMM-SecondBrain] [MMM-SecondBrain] Publishing 4 item(s) to display.
Jul 17 02:24:19 server node[1395920]: [2026-07-16 20:24:19.577] [LOG]   [MMM-SecondBrain] [MMM-SecondBrain] Publishing 4 item(s) to display.
Jul 17 02:25:21 server node[1395920]: [2026-07-16 20:25:21.528] [LOG]   [MMM-SecondBrain] [MMM-SecondBrain] Publishing 4 item(s) to display.
Jul 17 02:25:48 server node[1395920]: [2026-07-16 20:25:48.265] [LOG]   [weather] Received INIT_WEATHER for instance module_4_weather
Jul 17 02:25:48 server node[1395920]: [2026-07-16 20:25:48.265] [LOG]   [weather] Attempting to initialize provider openmeteo for instance module_4_weather
Jul 17 02:25:48 server node[1395920]: [2026-07-16 20:25:48.265] [LOG]   [weather] Weather provider openmeteo already initialized for instance module_4_weather, re-sending WEATHER_INITIALIZED
Jul 17 02:25:48 server node[1395920]: [2026-07-16 20:25:48.267] [LOG]   [calendar] Use existing calendarfetcher for url: https://cloud.example.com/REDACTED_PRIVATE_PATH
Jul 17 02:25:48 server node[1395920]: [2026-07-16 20:25:48.267] [INFO]  [calendar] Broadcasting 656 events from https://cloud.example.com/REDACTED_PRIVATE_PATH
Jul 17 02:25:48 server node[1395920]: [2026-07-16 20:25:48.269] [LOG]   [calendar] Use existing calendarfetcher for url: https://www.officeholidays.com/ics-fed/usa
Jul 17 02:25:48 server node[1395920]: [2026-07-16 20:25:48.269] [INFO]  [calendar] Broadcasting 12 events from https://www.officeholidays.com/ics-fed/usa.
Jul 17 02:25:48 server node[1395920]: [2026-07-16 20:25:48.269] [LOG]   [calendar] Use existing calendarfetcher for url: https://raw.githubusercontent.com/clarencechaan/ufc-cal/ics/UFC.ics
Jul 17 02:25:48 server node[1395920]: [2026-07-16 20:25:48.269] [INFO]  [calendar] Broadcasting 24 events from https://raw.githubusercontent.com/clarencechaan/ufc-cal/ics/UFC.ics.
Jul 17 02:25:48 server node[1395920]: [2026-07-16 20:25:48.270] [LOG]   [calendar] Use existing calendarfetcher for url: https://butterflytherapeutics.janeapp.com/REDACTED_PRIVATE_PATH
Jul 17 02:25:48 server node[1395920]: [2026-07-16 20:25:48.270] [INFO]  [calendar] Broadcasting 8 events from https://butterflytherapeutics.janeapp.com/REDACTED_PRIVATE_PATH
Jul 17 02:25:48 server node[1395920]: [2026-07-16 20:25:48.433] [LOG]   [weather] Received INIT_WEATHER for instance module_3_weather
Jul 17 02:25:48 server node[1395920]: [2026-07-16 20:25:48.434] [LOG]   [weather] Attempting to initialize provider openmeteo for instance module_3_weather
Jul 17 02:25:48 server node[1395920]: [2026-07-16 20:25:48.434] [LOG]   [weather] Weather provider openmeteo already initialized for instance module_3_weather, re-sending WEATHER_INITIALIZED
Jul 17 02:25:53 server node[1395920]: [2026-07-16 20:25:53.554] [LOG]   [MMM-SecondBrain] [MMM-SecondBrain] Publishing 4 item(s) to display.
Jul 17 02:26:54 server node[1395920]: [2026-07-16 20:26:54.507] [LOG]   [MMM-SecondBrain] [MMM-SecondBrain] Publishing 4 item(s) to display.
Jul 17 02:28:09 server node[1395920]: [2026-07-16 20:28:09.727] [LOG]   [MMM-SecondBrain] [MMM-SecondBrain] Publishing 4 item(s) to display.
Jul 17 02:29:00 server node[1395920]: [2026-07-16 20:29:00.385] [LOG]   [MMM-SecondBrain] [MMM-SecondBrain] Publishing 4 item(s) to display.
Jul 17 02:29:16 server node[1395920]: [2026-07-16 20:29:16.670] [INFO]  [calendar] Broadcasting 24 events from https://raw.githubusercontent.com/clarencechaan/ufc-cal/ics/UFC.ics.
Jul 17 02:29:16 server node[1395920]: [2026-07-16 20:29:16.781] [INFO]  [calendar] Broadcasting 12 events from https://www.officeholidays.com/ics-fed/usa.
Jul 17 02:29:19 server node[1395920]: [2026-07-16 20:29:19.754] [INFO]  [calendar] Broadcasting 656 events from https://cloud.example.com/REDACTED_PRIVATE_PATH
Jul 17 02:29:20 server node[1395920]: [2026-07-16 20:29:20.637] [INFO]  [calendar] Broadcasting 8 events from https://butterflytherapeutics.janeapp.com/REDACTED_PRIVATE_PATH
Jul 17 02:29:53 server node[1395920]: [2026-07-16 20:29:53.631] [LOG]   [MMM-SecondBrain] [MMM-SecondBrain] Publishing 4 item(s) to display.
Jul 17 02:30:53 server node[1395920]: [2026-07-16 20:30:53.336] [LOG]   [MMM-SecondBrain] [MMM-SecondBrain] Publishing 4 item(s) to display.
Jul 17 02:31:29 server systemd[1]: Stopping magicmirror.service - MagicMirror wall dashboard...
Jul 17 02:31:29 server node[1395920]: [2026-07-16 20:31:29.832] [LOG]   [app] [SIGTERM] Received. Shutting down server...
Jul 17 02:31:29 server node[1395920]: [2026-07-16 20:31:29.833] [LOG]   [node_helper] Stopping module helper: calendar
Jul 17 02:31:29 server node[1395920]: [2026-07-16 20:31:29.833] [LOG]   [node_helper] Stopping module helper: MMM-CalendarExt3
Jul 17 02:31:29 server node[1395920]: [2026-07-16 20:31:29.833] [LOG]   [node_helper] Stopping module helper: weather
Jul 17 02:31:29 server node[1395920]: [2026-07-16 20:31:29.833] [LOG]   [node_helper] Stopping module helper: MMM-CalendarExt3Agenda
Jul 17 02:31:29 server node[1395920]: [2026-07-16 20:31:29.833] [LOG]   [app] Node_helpers stopped ...
Jul 17 02:31:29 server systemd[1]: magicmirror.service: Deactivated successfully.
Jul 17 02:31:29 server systemd[1]: Stopped magicmirror.service - MagicMirror wall dashboard.
Jul 17 02:31:29 server systemd[1]: magicmirror.service: Consumed 8.093s CPU time.
Jul 17 02:31:29 server systemd[1]: Started magicmirror.service - MagicMirror wall dashboard.
Jul 17 02:31:30 server node[1446440]: [2026-07-16 20:31:30.116] [LOG]   [app] Starting MagicMirror: v2.37.0
Jul 17 02:31:30 server node[1446440]: [2026-07-16 20:31:30.119] [LOG]   [utils] Loading config ...
Jul 17 02:31:30 server node[1446440]: [2026-07-16 20:31:30.121] [INFO]  [utils] Checking config file /opt/MagicMirror/config/config.js ...
Jul 17 02:31:30 server node[1446440]: [2026-07-16 20:31:30.163] [INFO]  [utils] Your configuration file doesn't contain syntax errors :)
Jul 17 02:31:30 server node[1446440]: [2026-07-16 20:31:30.163] [INFO]  [utils] Checking modules structure configuration ...
Jul 17 02:31:30 server node[1446440]: [2026-07-16 20:31:30.163] [INFO]  [utils] Your modules structure configuration doesn't contain errors :)
Jul 17 02:31:30 server node[1446440]: [2026-07-16 20:31:30.164] [LOG]   [app] Loading module helpers ...
Jul 17 02:31:30 server node[1446440]: [2026-07-16 20:31:30.226] [LOG]   [node_helper] Initializing new module helper ...
Jul 17 02:31:30 server node[1446440]: [2026-07-16 20:31:30.226] [LOG]   [node_helper] Module helper loaded: calendar
Jul 17 02:31:30 server node[1446440]: [2026-07-16 20:31:30.227] [LOG]   [node_helper] Initializing new module helper ...
Jul 17 02:31:30 server node[1446440]: [2026-07-16 20:31:30.227] [LOG]   [node_helper] Module helper loaded: MMM-CalendarExt3
Jul 17 02:31:30 server node[1446440]: [2026-07-16 20:31:30.228] [LOG]   [app] No helper found for module: clock.
Jul 17 02:31:30 server node[1446440]: [2026-07-16 20:31:30.228] [LOG]   [node_helper] Initializing new module helper ...
Jul 17 02:31:30 server node[1446440]: [2026-07-16 20:31:30.228] [LOG]   [node_helper] Module helper loaded: weather
Jul 17 02:31:30 server node[1446440]: [2026-07-16 20:31:30.356] [LOG]   [node_helper] Initializing new module helper ...
Jul 17 02:31:30 server node[1446440]: [2026-07-16 20:31:30.356] [LOG]   [node_helper] Module helper loaded: MMM-SecondBrain
Jul 17 02:31:30 server node[1446440]: [2026-07-16 20:31:30.357] [LOG]   [node_helper] Initializing new module helper ...
Jul 17 02:31:30 server node[1446440]: [2026-07-16 20:31:30.357] [LOG]   [node_helper] Module helper loaded: MMM-CalendarExt3Agenda
Jul 17 02:31:30 server node[1446440]: [2026-07-16 20:31:30.357] [LOG]   [app] No helper found for module: MMM-SolarTheme.
Jul 17 02:31:30 server node[1446440]: [2026-07-16 20:31:30.357] [LOG]   [app] No helper found for module: MMM-CalendarLiveHeader.
Jul 17 02:31:30 server node[1446440]: [2026-07-16 20:31:30.357] [LOG]   [app] All module helpers loaded.
Jul 17 02:31:30 server node[1446440]: [2026-07-16 20:31:30.360] [LOG]   [server] Starting server on port 43761 ...
Jul 17 02:31:30 server node[1446440]: [2026-07-16 20:31:30.367] [LOG]   [app] Server started ...
Jul 17 02:31:30 server node[1446440]: [2026-07-16 20:31:30.368] [LOG]   [node_helper] Connecting socket for: calendar
Jul 17 02:31:30 server node[1446440]: [2026-07-16 20:31:30.368] [LOG]   [calendar] Starting node helper for: calendar
Jul 17 02:31:30 server node[1446440]: [2026-07-16 20:31:30.368] [LOG]   [node_helper] Connecting socket for: MMM-CalendarExt3
Jul 17 02:31:30 server node[1446440]: [2026-07-16 20:31:30.371] [LOG]   [node_helper] Connecting socket for: weather
Jul 17 02:31:30 server node[1446440]: [2026-07-16 20:31:30.371] [LOG]   [weather] Starting node helper for: weather
Jul 17 02:31:30 server node[1446440]: [2026-07-16 20:31:30.371] [LOG]   [node_helper] Connecting socket for: MMM-SecondBrain
Jul 17 02:31:30 server node[1446440]: [2026-07-16 20:31:30.371] [LOG]   [node_helper] Connecting socket for: MMM-CalendarExt3Agenda
Jul 17 02:31:30 server node[1446440]: [2026-07-16 20:31:30.372] [LOG]   [app] Sockets connected & modules started ...
Jul 17 02:31:30 server node[1446440]: [2026-07-16 20:31:30.373] [INFO]  [serveronly]
Jul 17 02:31:30 server node[1446440]: >>>   Ready to go! Please point your browser to: http://127.0.0.1:43761   <<<
Jul 17 02:31:30 server node[1446471]: [2026-07-16 20:31:30.611] [INFO]  [systeminformation]
Jul 17 02:31:30 server node[1446471]: ####  System Information  ####
Jul 17 02:31:30 server node[1446471]: - MM:       version: v2.37.0; git: 4b4a595; branch: HEAD
Jul 17 02:31:30 server node[1446471]: - SYSTEM:   manufacturer: ASUS; model: All Series; virtual: false
Jul 17 02:31:30 server node[1446471]: - OS:       platform: linux; distro: Ubuntu; release: 24.04.4 LTS; arch: x64; kernel: 6.8.0-134-generic
Jul 17 02:31:30 server node[1446471]: - VERSIONS: electron: undefined; used node: 22.23.1; installed node: 22.23.1; npm: 10.9.8; pm2:
Jul 17 02:31:30 server node[1446471]: - ENV:      XDG_SESSION_TYPE: undefined; MM_CONFIG_FILE: undefined
Jul 17 02:31:30 server node[1446471]:             WAYLAND_DISPLAY:  undefined; DISPLAY: undefined; ELECTRON_ENABLE_GPU: undefined
Jul 17 02:31:30 server node[1446471]: - RAM:      total: 15867.98 MB; free: 10922.32 MB; used: 4945.66 MB
Jul 17 02:31:30 server node[1446471]: - OTHERS:   uptime: 1260 minutes; timeZone: America/Denver
Jul 17 02:31:35 server node[1446440]: [2026-07-16 20:31:35.977] [LOG]   [weather] Received INIT_WEATHER for instance module_4_weather
Jul 17 02:31:35 server node[1446440]: [2026-07-16 20:31:35.977] [LOG]   [weather] Attempting to initialize provider openmeteo for instance module_4_weather
Jul 17 02:31:35 server node[1446440]: [2026-07-16 20:31:35.978] [LOG]   [weather] Loading provider from: /opt/MagicMirror/defaultmodules/weather/providers/openmeteo.js
Jul 17 02:31:35 server node[1446440]: [2026-07-16 20:31:35.989] [LOG]   [calendar] Create new calendarfetcher for url: https://cloud.example.com/REDACTED_PRIVATE_PATH - Interval: 900000
Jul 17 02:31:35 server node[1446440]: [2026-07-16 20:31:35.991] [LOG]   [calendar] Create new calendarfetcher for url: https://www.officeholidays.com/ics-fed/usa - Interval: 900000
Jul 17 02:31:35 server node[1446440]: [2026-07-16 20:31:35.993] [LOG]   [calendar] Create new calendarfetcher for url: https://raw.githubusercontent.com/clarencechaan/ufc-cal/ics/UFC.ics - Interval: 900000
Jul 17 02:31:35 server node[1446440]: [2026-07-16 20:31:35.994] [LOG]   [calendar] Create new calendarfetcher for url: https://butterflytherapeutics.janeapp.com/REDACTED_PRIVATE_PATH - Interval: 900000
Jul 17 02:31:35 server node[1446440]: [2026-07-16 20:31:35.996] [LOG]   [weather] Received INIT_WEATHER for instance module_3_weather
Jul 17 02:31:35 server node[1446440]: [2026-07-16 20:31:35.996] [LOG]   [weather] Attempting to initialize provider openmeteo for instance module_3_weather
Jul 17 02:31:35 server node[1446440]: [2026-07-16 20:31:35.996] [LOG]   [weather] Loading provider from: /opt/MagicMirror/defaultmodules/weather/providers/openmeteo.js
Jul 17 02:31:36 server node[1446440]: [2026-07-16 20:31:36.700] [INFO]  [calendar] Broadcasting 12 events from https://www.officeholidays.com/ics-fed/usa.
Jul 17 02:31:36 server node[1446440]: [2026-07-16 20:31:36.708] [INFO]  [calendar] Broadcasting 24 events from https://raw.githubusercontent.com/clarencechaan/ufc-cal/ics/UFC.ics.
Jul 17 02:31:37 server node[1446440]: [2026-07-16 20:31:37.720] [INFO]  [calendar] Broadcasting 8 events from https://butterflytherapeutics.janeapp.com/REDACTED_PRIVATE_PATH
Jul 17 02:31:38 server node[1446440]: [2026-07-16 20:31:38.057] [INFO]  [calendar] Broadcasting 656 events from https://cloud.example.com/REDACTED_PRIVATE_PATH
Jul 17 02:31:38 server node[1446440]: [2026-07-16 20:31:38.066] [LOG]   [weather] Weather provider openmeteo initialized for instance module_4_weather
Jul 17 02:31:38 server node[1446440]: [2026-07-16 20:31:38.124] [LOG]   [weather] Weather provider openmeteo initialized for instance module_3_weather
Jul 17 02:31:41 server node[1446440]: [2026-07-16 20:31:41.654] [LOG]   [MMM-SecondBrain] [MMM-SecondBrain] Publishing 4 item(s) to display.
Jul 17 02:32:41 server node[1446440]: [2026-07-16 20:32:41.111] [LOG]   [MMM-SecondBrain] [MMM-SecondBrain] Publishing 4 item(s) to display.
Jul 17 02:33:42 server node[1446440]: [2026-07-16 20:33:42.908] [LOG]   [MMM-SecondBrain] [MMM-SecondBrain] Publishing 4 item(s) to display.
Jul 17 02:34:42 server node[1446440]: [2026-07-16 20:34:42.368] [LOG]   [MMM-SecondBrain] [MMM-SecondBrain] Publishing 4 item(s) to display.
Jul 17 02:35:41 server node[1446440]: [2026-07-16 20:35:41.193] [LOG]   [MMM-SecondBrain] [MMM-SecondBrain] Publishing 4 item(s) to display.
Jul 17 02:36:41 server node[1446440]: [2026-07-16 20:36:41.170] [LOG]   [MMM-SecondBrain] [MMM-SecondBrain] Publishing 4 item(s) to display.
Jul 17 02:36:55 server systemd[1]: Stopping magicmirror.service - MagicMirror wall dashboard...
Jul 17 02:36:55 server node[1446440]: [2026-07-16 20:36:55.459] [LOG]   [app] [SIGTERM] Received. Shutting down server...
Jul 17 02:36:55 server node[1446440]: [2026-07-16 20:36:55.460] [LOG]   [node_helper] Stopping module helper: calendar
Jul 17 02:36:55 server node[1446440]: [2026-07-16 20:36:55.460] [LOG]   [node_helper] Stopping module helper: MMM-CalendarExt3
Jul 17 02:36:55 server node[1446440]: [2026-07-16 20:36:55.460] [LOG]   [node_helper] Stopping module helper: weather
Jul 17 02:36:55 server node[1446440]: [2026-07-16 20:36:55.460] [LOG]   [node_helper] Stopping module helper: MMM-CalendarExt3Agenda
Jul 17 02:36:55 server node[1446440]: [2026-07-16 20:36:55.460] [LOG]   [app] Node_helpers stopped ...
Jul 17 02:36:55 server systemd[1]: magicmirror.service: Deactivated successfully.
Jul 17 02:36:55 server systemd[1]: Stopped magicmirror.service - MagicMirror wall dashboard.
Jul 17 02:36:55 server systemd[1]: magicmirror.service: Consumed 3.166s CPU time.
Jul 17 02:36:55 server systemd[1]: Started magicmirror.service - MagicMirror wall dashboard.
Jul 17 02:36:56 server node[1452573]: [2026-07-16 20:36:56.552] [LOG]   [app] Starting MagicMirror: v2.37.0
Jul 17 02:36:56 server node[1452573]: [2026-07-16 20:36:56.556] [LOG]   [utils] Loading config ...
Jul 17 02:36:56 server node[1452573]: [2026-07-16 20:36:56.558] [INFO]  [utils] Checking config file /opt/MagicMirror/config/config.js ...
Jul 17 02:36:56 server node[1452573]: [2026-07-16 20:36:56.597] [INFO]  [utils] Your configuration file doesn't contain syntax errors :)
Jul 17 02:36:56 server node[1452573]: [2026-07-16 20:36:56.598] [INFO]  [utils] Checking modules structure configuration ...
Jul 17 02:36:56 server node[1452573]: [2026-07-16 20:36:56.598] [INFO]  [utils] Your modules structure configuration doesn't contain errors :)
Jul 17 02:36:56 server node[1452573]: [2026-07-16 20:36:56.599] [LOG]   [app] Loading module helpers ...
Jul 17 02:36:56 server node[1452573]: [2026-07-16 20:36:56.826] [LOG]   [node_helper] Initializing new module helper ...
Jul 17 02:36:56 server node[1452573]: [2026-07-16 20:36:56.827] [LOG]   [node_helper] Module helper loaded: calendar
Jul 17 02:36:56 server node[1452573]: [2026-07-16 20:36:56.827] [LOG]   [node_helper] Initializing new module helper ...
Jul 17 02:36:56 server node[1452573]: [2026-07-16 20:36:56.828] [LOG]   [node_helper] Module helper loaded: MMM-CalendarExt3
Jul 17 02:36:56 server node[1452573]: [2026-07-16 20:36:56.828] [LOG]   [app] No helper found for module: clock.
Jul 17 02:36:56 server node[1452573]: [2026-07-16 20:36:56.828] [LOG]   [node_helper] Initializing new module helper ...
Jul 17 02:36:56 server node[1452573]: [2026-07-16 20:36:56.828] [LOG]   [node_helper] Module helper loaded: weather
Jul 17 02:36:59 server node[1452573]: [2026-07-16 20:36:59.633] [LOG]   [node_helper] Initializing new module helper ...
Jul 17 02:36:59 server node[1452573]: [2026-07-16 20:36:59.633] [LOG]   [node_helper] Module helper loaded: MMM-SecondBrain
Jul 17 02:36:59 server node[1452573]: [2026-07-16 20:36:59.660] [LOG]   [node_helper] Initializing new module helper ...
Jul 17 02:36:59 server node[1452573]: [2026-07-16 20:36:59.660] [LOG]   [node_helper] Module helper loaded: MMM-CalendarExt3Agenda
Jul 17 02:36:59 server node[1452573]: [2026-07-16 20:36:59.660] [LOG]   [app] No helper found for module: MMM-SolarTheme.
Jul 17 02:36:59 server node[1452573]: [2026-07-16 20:36:59.661] [LOG]   [app] No helper found for module: MMM-CalendarLiveHeader.
Jul 17 02:36:59 server node[1452573]: [2026-07-16 20:36:59.661] [LOG]   [app] All module helpers loaded.
Jul 17 02:36:59 server node[1452573]: [2026-07-16 20:36:59.667] [LOG]   [server] Starting server on port 43761 ...
Jul 17 02:36:59 server node[1452573]: [2026-07-16 20:36:59.675] [LOG]   [app] Server started ...
Jul 17 02:36:59 server node[1452573]: [2026-07-16 20:36:59.675] [LOG]   [node_helper] Connecting socket for: calendar
Jul 17 02:36:59 server node[1452573]: [2026-07-16 20:36:59.675] [LOG]   [calendar] Starting node helper for: calendar
Jul 17 02:36:59 server node[1452573]: [2026-07-16 20:36:59.675] [LOG]   [node_helper] Connecting socket for: MMM-CalendarExt3
Jul 17 02:36:59 server node[1452573]: [2026-07-16 20:36:59.676] [LOG]   [node_helper] Connecting socket for: weather
Jul 17 02:36:59 server node[1452573]: [2026-07-16 20:36:59.676] [LOG]   [weather] Starting node helper for: weather
Jul 17 02:36:59 server node[1452573]: [2026-07-16 20:36:59.676] [LOG]   [node_helper] Connecting socket for: MMM-SecondBrain
Jul 17 02:36:59 server node[1452573]: [2026-07-16 20:36:59.676] [LOG]   [node_helper] Connecting socket for: MMM-CalendarExt3Agenda
Jul 17 02:36:59 server node[1452573]: [2026-07-16 20:36:59.677] [LOG]   [app] Sockets connected & modules started ...
Jul 17 02:36:59 server node[1452573]: [2026-07-16 20:36:59.677] [INFO]  [serveronly]
Jul 17 02:36:59 server node[1452573]: >>>   Ready to go! Please point your browser to: http://127.0.0.1:43761   <<<
Jul 17 02:36:59 server node[1452588]: [2026-07-16 20:36:59.992] [INFO]  [systeminformation]
Jul 17 02:36:59 server node[1452588]: ####  System Information  ####
Jul 17 02:36:59 server node[1452588]: - MM:       version: v2.37.0; git: 4b4a595; branch: HEAD
Jul 17 02:36:59 server node[1452588]: - SYSTEM:   manufacturer: ASUS; model: All Series; virtual: false
Jul 17 02:36:59 server node[1452588]: - OS:       platform: linux; distro: Ubuntu; release: 24.04.4 LTS; arch: x64; kernel: 6.8.0-134-generic
Jul 17 02:36:59 server node[1452588]: - VERSIONS: electron: undefined; used node: 22.23.1; installed node: 22.23.1; npm: 10.9.8; pm2:
Jul 17 02:36:59 server node[1452588]: - ENV:      XDG_SESSION_TYPE: undefined; MM_CONFIG_FILE: undefined
Jul 17 02:36:59 server node[1452588]:             WAYLAND_DISPLAY:  undefined; DISPLAY: undefined; ELECTRON_ENABLE_GPU: undefined
Jul 17 02:36:59 server node[1452588]: - RAM:      total: 15867.98 MB; free: 10669.82 MB; used: 5198.15 MB
Jul 17 02:36:59 server node[1452588]: - OTHERS:   uptime: 1265 minutes; timeZone: America/Denver
Jul 17 02:37:04 server node[1452573]: [2026-07-16 20:37:04.068] [LOG]   [weather] Received INIT_WEATHER for instance module_4_weather
Jul 17 02:37:04 server node[1452573]: [2026-07-16 20:37:04.069] [LOG]   [weather] Attempting to initialize provider openmeteo for instance module_4_weather
Jul 17 02:37:04 server node[1452573]: [2026-07-16 20:37:04.069] [LOG]   [weather] Loading provider from: /opt/MagicMirror/defaultmodules/weather/providers/openmeteo.js
Jul 17 02:37:04 server node[1452573]: [2026-07-16 20:37:04.101] [LOG]   [calendar] Create new calendarfetcher for url: https://cloud.example.com/REDACTED_PRIVATE_PATH - Interval: 900000
Jul 17 02:37:04 server node[1452573]: [2026-07-16 20:37:04.104] [LOG]   [calendar] Create new calendarfetcher for url: https://www.officeholidays.com/ics-fed/usa - Interval: 900000
Jul 17 02:37:04 server node[1452573]: [2026-07-16 20:37:04.106] [LOG]   [calendar] Create new calendarfetcher for url: https://raw.githubusercontent.com/clarencechaan/ufc-cal/ics/UFC.ics - Interval: 900000
Jul 17 02:37:04 server node[1452573]: [2026-07-16 20:37:04.108] [LOG]   [calendar] Create new calendarfetcher for url: https://butterflytherapeutics.janeapp.com/REDACTED_PRIVATE_PATH - Interval: 900000
Jul 17 02:37:04 server node[1452573]: [2026-07-16 20:37:04.111] [LOG]   [weather] Received INIT_WEATHER for instance module_3_weather
Jul 17 02:37:04 server node[1452573]: [2026-07-16 20:37:04.111] [LOG]   [weather] Attempting to initialize provider openmeteo for instance module_3_weather
Jul 17 02:37:04 server node[1452573]: [2026-07-16 20:37:04.111] [LOG]   [weather] Loading provider from: /opt/MagicMirror/defaultmodules/weather/providers/openmeteo.js
Jul 17 02:37:04 server node[1452573]: [2026-07-16 20:37:04.838] [INFO]  [calendar] Broadcasting 24 events from https://raw.githubusercontent.com/clarencechaan/ufc-cal/ics/UFC.ics.
Jul 17 02:37:05 server node[1452573]: [2026-07-16 20:37:05.085] [INFO]  [calendar] Broadcasting 12 events from https://www.officeholidays.com/ics-fed/usa.
Jul 17 02:37:06 server node[1452573]: [2026-07-16 20:37:06.006] [INFO]  [calendar] Broadcasting 8 events from https://butterflytherapeutics.janeapp.com/REDACTED_PRIVATE_PATH
Jul 17 02:37:06 server node[1452573]: [2026-07-16 20:37:06.220] [INFO]  [calendar] Broadcasting 656 events from https://cloud.example.com/REDACTED_PRIVATE_PATH
Jul 17 02:37:06 server node[1452573]: [2026-07-16 20:37:06.227] [LOG]   [weather] Weather provider openmeteo initialized for instance module_3_weather
Jul 17 02:37:06 server node[1452573]: [2026-07-16 20:37:06.228] [LOG]   [weather] Weather provider openmeteo initialized for instance module_4_weather
Jul 17 02:37:13 server node[1452573]: [2026-07-16 20:37:13.096] [LOG]   [MMM-SecondBrain] [MMM-SecondBrain] Publishing 4 item(s) to display.
Jul 17 02:38:09 server node[1452573]: [2026-07-16 20:38:09.826] [LOG]   [MMM-SecondBrain] [MMM-SecondBrain] Publishing 4 item(s) to display.
Jul 17 02:39:10 server node[1452573]: [2026-07-16 20:39:10.105] [LOG]   [MMM-SecondBrain] [MMM-SecondBrain] Publishing 4 item(s) to display.
Jul 17 02:40:09 server node[1452573]: [2026-07-16 20:40:09.159] [LOG]   [MMM-SecondBrain] [MMM-SecondBrain] Publishing 4 item(s) to display.
Jul 17 02:41:09 server node[1452573]: [2026-07-16 20:41:09.882] [LOG]   [MMM-SecondBrain] [MMM-SecondBrain] Publishing 4 item(s) to display.
Jul 17 02:42:09 server node[1452573]: [2026-07-16 20:42:09.085] [LOG]   [MMM-SecondBrain] [MMM-SecondBrain] Publishing 4 item(s) to display.
Jul 17 02:43:09 server node[1452573]: [2026-07-16 20:43:09.274] [LOG]   [MMM-SecondBrain] [MMM-SecondBrain] Publishing 4 item(s) to display.
Jul 17 02:44:09 server node[1452573]: [2026-07-16 20:44:09.174] [LOG]   [MMM-SecondBrain] [MMM-SecondBrain] Publishing 1 item(s) to display.
Jul 17 02:45:09 server node[1452573]: [2026-07-16 20:45:09.243] [LOG]   [MMM-SecondBrain] [MMM-SecondBrain] Publishing 1 item(s) to display.
Jul 17 02:46:09 server node[1452573]: [2026-07-16 20:46:09.056] [LOG]   [MMM-SecondBrain] [MMM-SecondBrain] Publishing 1 item(s) to display.
Jul 17 02:47:10 server node[1452573]: [2026-07-16 20:47:10.148] [LOG]   [MMM-SecondBrain] [MMM-SecondBrain] Publishing 1 item(s) to display.
Jul 17 02:48:13 server node[1452573]: [2026-07-16 20:48:13.409] [LOG]   [MMM-SecondBrain] [MMM-SecondBrain] Publishing 1 item(s) to display.
Jul 17 02:49:23 server node[1452573]: [2026-07-16 20:49:23.543] [LOG]   [MMM-SecondBrain] [MMM-SecondBrain] Publishing 1 item(s) to display.
Jul 17 02:50:09 server node[1452573]: [2026-07-16 20:50:09.246] [LOG]   [MMM-SecondBrain] [MMM-SecondBrain] Publishing 1 item(s) to display.
Jul 17 02:51:10 server node[1452573]: [2026-07-16 20:51:10.890] [LOG]   [MMM-SecondBrain] [MMM-SecondBrain] Publishing 1 item(s) to display.
Jul 17 02:52:05 server node[1452573]: [2026-07-16 20:52:05.584] [INFO]  [calendar] Broadcasting 24 events from https://raw.githubusercontent.com/clarencechaan/ufc-cal/ics/UFC.ics.
Jul 17 02:52:05 server node[1452573]: [2026-07-16 20:52:05.642] [INFO]  [calendar] Broadcasting 12 events from https://www.officeholidays.com/ics-fed/usa.
Jul 17 02:52:07 server node[1452573]: [2026-07-16 20:52:07.465] [INFO]  [calendar] Broadcasting 656 events from https://cloud.example.com/REDACTED_PRIVATE_PATH
Jul 17 02:52:07 server node[1452573]: [2026-07-16 20:52:07.686] [INFO]  [calendar] Broadcasting 8 events from https://butterflytherapeutics.janeapp.com/REDACTED_PRIVATE_PATH
Jul 17 02:52:09 server node[1452573]: [2026-07-16 20:52:09.350] [LOG]   [MMM-SecondBrain] [MMM-SecondBrain] Publishing 2 item(s) to display.
Jul 17 02:53:09 server node[1452573]: [2026-07-16 20:53:09.102] [LOG]   [MMM-SecondBrain] [MMM-SecondBrain] Publishing 2 item(s) to display.
Jul 17 02:54:10 server node[1452573]: [2026-07-16 20:54:10.200] [LOG]   [MMM-SecondBrain] [MMM-SecondBrain] Publishing 2 item(s) to display.
Jul 17 02:55:09 server node[1452573]: [2026-07-16 20:55:09.518] [LOG]   [MMM-SecondBrain] [MMM-SecondBrain] Publishing 2 item(s) to display.
Jul 17 02:55:40 server systemd[1]: Stopping magicmirror.service - MagicMirror wall dashboard...
Jul 17 02:55:40 server node[1452573]: [2026-07-16 20:55:40.435] [LOG]   [app] [SIGTERM] Received. Shutting down server...
Jul 17 02:55:40 server node[1452573]: [2026-07-16 20:55:40.435] [LOG]   [node_helper] Stopping module helper: calendar
Jul 17 02:55:40 server node[1452573]: [2026-07-16 20:55:40.436] [LOG]   [node_helper] Stopping module helper: MMM-CalendarExt3
Jul 17 02:55:40 server node[1452573]: [2026-07-16 20:55:40.436] [LOG]   [node_helper] Stopping module helper: weather
Jul 17 02:55:40 server node[1452573]: [2026-07-16 20:55:40.436] [LOG]   [node_helper] Stopping module helper: MMM-CalendarExt3Agenda
Jul 17 02:55:40 server node[1452573]: [2026-07-16 20:55:40.436] [LOG]   [app] Node_helpers stopped ...
Jul 17 02:55:40 server systemd[1]: magicmirror.service: Deactivated successfully.
Jul 17 02:55:40 server systemd[1]: Stopped magicmirror.service - MagicMirror wall dashboard.
Jul 17 02:55:40 server systemd[1]: magicmirror.service: Consumed 5.245s CPU time.
Jul 17 02:55:40 server systemd[1]: Started magicmirror.service - MagicMirror wall dashboard.
Jul 17 02:55:40 server node[1473476]: [2026-07-16 20:55:40.727] [LOG]   [app] Starting MagicMirror: v2.37.0
Jul 17 02:55:40 server node[1473476]: [2026-07-16 20:55:40.731] [LOG]   [utils] Loading config ...
Jul 17 02:55:40 server node[1473476]: [2026-07-16 20:55:40.732] [INFO]  [utils] Checking config file /opt/MagicMirror/config/config.js ...
Jul 17 02:55:40 server node[1473476]: [2026-07-16 20:55:40.774] [INFO]  [utils] Your configuration file doesn't contain syntax errors :)
Jul 17 02:55:40 server node[1473476]: [2026-07-16 20:55:40.774] [INFO]  [utils] Checking modules structure configuration ...
Jul 17 02:55:40 server node[1473476]: [2026-07-16 20:55:40.775] [INFO]  [utils] Your modules structure configuration doesn't contain errors :)
Jul 17 02:55:40 server node[1473476]: [2026-07-16 20:55:40.775] [LOG]   [app] Loading module helpers ...
Jul 17 02:55:40 server node[1473476]: [2026-07-16 20:55:40.834] [LOG]   [node_helper] Initializing new module helper ...
Jul 17 02:55:40 server node[1473476]: [2026-07-16 20:55:40.834] [LOG]   [node_helper] Module helper loaded: calendar
Jul 17 02:55:40 server node[1473476]: [2026-07-16 20:55:40.835] [LOG]   [node_helper] Initializing new module helper ...
Jul 17 02:55:40 server node[1473476]: [2026-07-16 20:55:40.835] [LOG]   [node_helper] Module helper loaded: MMM-CalendarExt3
Jul 17 02:55:40 server node[1473476]: [2026-07-16 20:55:40.835] [LOG]   [app] No helper found for module: clock.
Jul 17 02:55:40 server node[1473476]: [2026-07-16 20:55:40.836] [LOG]   [node_helper] Initializing new module helper ...
Jul 17 02:55:40 server node[1473476]: [2026-07-16 20:55:40.836] [LOG]   [node_helper] Module helper loaded: weather
Jul 17 02:55:40 server node[1473476]: [2026-07-16 20:55:40.926] [LOG]   [node_helper] Initializing new module helper ...
Jul 17 02:55:40 server node[1473476]: [2026-07-16 20:55:40.926] [LOG]   [node_helper] Module helper loaded: MMM-SecondBrain
Jul 17 02:55:40 server node[1473476]: [2026-07-16 20:55:40.927] [LOG]   [node_helper] Initializing new module helper ...
Jul 17 02:55:40 server node[1473476]: [2026-07-16 20:55:40.927] [LOG]   [node_helper] Module helper loaded: MMM-CalendarExt3Agenda
Jul 17 02:55:40 server node[1473476]: [2026-07-16 20:55:40.927] [LOG]   [app] No helper found for module: MMM-SolarTheme.
Jul 17 02:55:40 server node[1473476]: [2026-07-16 20:55:40.927] [LOG]   [app] No helper found for module: MMM-CalendarLiveHeader.
Jul 17 02:55:40 server node[1473476]: [2026-07-16 20:55:40.927] [LOG]   [app] All module helpers loaded.
Jul 17 02:55:40 server node[1473476]: [2026-07-16 20:55:40.930] [LOG]   [server] Starting server on port 43761 ...
Jul 17 02:55:40 server node[1473476]: [2026-07-16 20:55:40.937] [LOG]   [app] Server started ...
Jul 17 02:55:40 server node[1473476]: [2026-07-16 20:55:40.938] [LOG]   [node_helper] Connecting socket for: calendar
Jul 17 02:55:40 server node[1473476]: [2026-07-16 20:55:40.938] [LOG]   [calendar] Starting node helper for: calendar
Jul 17 02:55:40 server node[1473476]: [2026-07-16 20:55:40.938] [LOG]   [node_helper] Connecting socket for: MMM-CalendarExt3
Jul 17 02:55:40 server node[1473476]: [2026-07-16 20:55:40.939] [LOG]   [node_helper] Connecting socket for: weather
Jul 17 02:55:40 server node[1473476]: [2026-07-16 20:55:40.939] [LOG]   [weather] Starting node helper for: weather
Jul 17 02:55:40 server node[1473476]: [2026-07-16 20:55:40.939] [LOG]   [node_helper] Connecting socket for: MMM-SecondBrain
Jul 17 02:55:40 server node[1473476]: [2026-07-16 20:55:40.939] [LOG]   [node_helper] Connecting socket for: MMM-CalendarExt3Agenda
Jul 17 02:55:40 server node[1473476]: [2026-07-16 20:55:40.939] [LOG]   [app] Sockets connected & modules started ...
Jul 17 02:55:40 server node[1473476]: [2026-07-16 20:55:40.940] [INFO]  [serveronly]
Jul 17 02:55:40 server node[1473476]: >>>   Ready to go! Please point your browser to: http://127.0.0.1:43761   <<<
Jul 17 02:55:42 server node[1473501]: [2026-07-16 20:55:42.039] [INFO]  [systeminformation]
Jul 17 02:55:42 server node[1473501]: ####  System Information  ####
Jul 17 02:55:42 server node[1473501]: - MM:       version: v2.37.0; git: 4b4a595; branch: HEAD
Jul 17 02:55:42 server node[1473501]: - SYSTEM:   manufacturer: ASUS; model: All Series; virtual: false
Jul 17 02:55:42 server node[1473501]: - OS:       platform: linux; distro: Ubuntu; release: 24.04.4 LTS; arch: x64; kernel: 6.8.0-134-generic
Jul 17 02:55:42 server node[1473501]: - VERSIONS: electron: undefined; used node: 22.23.1; installed node: 22.23.1; npm: 10.9.8; pm2:
Jul 17 02:55:42 server node[1473501]: - ENV:      XDG_SESSION_TYPE: undefined; MM_CONFIG_FILE: undefined
Jul 17 02:55:42 server node[1473501]:             WAYLAND_DISPLAY:  undefined; DISPLAY: undefined; ELECTRON_ENABLE_GPU: undefined
Jul 17 02:55:42 server node[1473501]: - RAM:      total: 15867.98 MB; free: 11328.37 MB; used: 4539.61 MB
Jul 17 02:55:42 server node[1473501]: - OTHERS:   uptime: 1284 minutes; timeZone: America/Denver
Jul 17 02:55:46 server node[1473476]: [2026-07-16 20:55:46.249] [LOG]   [weather] Received INIT_WEATHER for instance module_4_weather
Jul 17 02:55:46 server node[1473476]: [2026-07-16 20:55:46.250] [LOG]   [weather] Attempting to initialize provider openmeteo for instance module_4_weather
Jul 17 02:55:46 server node[1473476]: [2026-07-16 20:55:46.250] [LOG]   [weather] Loading provider from: /opt/MagicMirror/defaultmodules/weather/providers/openmeteo.js
Jul 17 02:55:46 server node[1473476]: [2026-07-16 20:55:46.264] [LOG]   [calendar] Create new calendarfetcher for url: https://cloud.example.com/REDACTED_PRIVATE_PATH - Interval: 900000
Jul 17 02:55:46 server node[1473476]: [2026-07-16 20:55:46.266] [LOG]   [calendar] Create new calendarfetcher for url: https://www.officeholidays.com/ics-fed/usa - Interval: 900000
Jul 17 02:55:46 server node[1473476]: [2026-07-16 20:55:46.268] [LOG]   [calendar] Create new calendarfetcher for url: https://raw.githubusercontent.com/clarencechaan/ufc-cal/ics/UFC.ics - Interval: 900000
Jul 17 02:55:46 server node[1473476]: [2026-07-16 20:55:46.269] [LOG]   [calendar] Create new calendarfetcher for url: https://butterflytherapeutics.janeapp.com/REDACTED_PRIVATE_PATH - Interval: 900000
Jul 17 02:55:46 server node[1473476]: [2026-07-16 20:55:46.271] [LOG]   [weather] Received INIT_WEATHER for instance module_3_weather
Jul 17 02:55:46 server node[1473476]: [2026-07-16 20:55:46.271] [LOG]   [weather] Attempting to initialize provider openmeteo for instance module_3_weather
Jul 17 02:55:46 server node[1473476]: [2026-07-16 20:55:46.271] [LOG]   [weather] Loading provider from: /opt/MagicMirror/defaultmodules/weather/providers/openmeteo.js
Jul 17 02:55:46 server node[1473476]: [2026-07-16 20:55:46.944] [INFO]  [calendar] Broadcasting 24 events from https://raw.githubusercontent.com/clarencechaan/ufc-cal/ics/UFC.ics.
Jul 17 02:55:46 server node[1473476]: [2026-07-16 20:55:46.961] [INFO]  [calendar] Broadcasting 12 events from https://www.officeholidays.com/ics-fed/usa.
Jul 17 02:55:47 server node[1473476]: [2026-07-16 20:55:47.948] [INFO]  [calendar] Broadcasting 8 events from https://butterflytherapeutics.janeapp.com/REDACTED_PRIVATE_PATH
Jul 17 02:55:48 server node[1473476]: [2026-07-16 20:55:48.391] [INFO]  [calendar] Broadcasting 656 events from https://cloud.example.com/REDACTED_PRIVATE_PATH
Jul 17 02:55:48 server node[1473476]: [2026-07-16 20:55:48.398] [LOG]   [weather] Weather provider openmeteo initialized for instance module_4_weather
Jul 17 02:55:48 server node[1473476]: [2026-07-16 20:55:48.400] [LOG]   [weather] Weather provider openmeteo initialized for instance module_3_weather
Jul 17 02:55:52 server node[1473476]: [2026-07-16 20:55:52.493] [LOG]   [MMM-SecondBrain] [MMM-SecondBrain] Publishing 2 item(s) to display.
Jul 17 02:56:51 server node[1473476]: [2026-07-16 20:56:51.411] [LOG]   [MMM-SecondBrain] [MMM-SecondBrain] Publishing 2 item(s) to display.
Jul 17 02:57:51 server node[1473476]: [2026-07-16 20:57:51.661] [LOG]   [MMM-SecondBrain] [MMM-SecondBrain] Publishing 2 item(s) to display.
Jul 17 02:58:52 server node[1473476]: [2026-07-16 20:58:52.720] [LOG]   [MMM-SecondBrain] [MMM-SecondBrain] Publishing 2 item(s) to display.
Jul 17 02:59:51 server node[1473476]: [2026-07-16 20:59:51.440] [LOG]   [MMM-SecondBrain] [MMM-SecondBrain] Publishing 2 item(s) to display.
Jul 17 03:00:51 server node[1473476]: [2026-07-16 21:00:51.937] [LOG]   [MMM-SecondBrain] [MMM-SecondBrain] Publishing 2 item(s) to display.
Jul 17 03:01:51 server node[1473476]: [2026-07-16 21:01:51.079] [LOG]   [MMM-SecondBrain] [MMM-SecondBrain] Publishing 2 item(s) to display.
Jul 17 03:02:51 server node[1473476]: [2026-07-16 21:02:51.508] [LOG]   [MMM-SecondBrain] [MMM-SecondBrain] Publishing 2 item(s) to display.
Jul 17 03:03:51 server node[1473476]: [2026-07-16 21:03:51.697] [LOG]   [MMM-SecondBrain] [MMM-SecondBrain] Publishing 2 item(s) to display.
Jul 17 03:04:51 server node[1473476]: [2026-07-16 21:04:51.322] [LOG]   [MMM-SecondBrain] [MMM-SecondBrain] Publishing 2 item(s) to display.
Jul 17 03:05:33 server node[1473476]: [2026-07-16 21:05:33.554] [LOG]   [weather] Received INIT_WEATHER for instance module_4_weather
Jul 17 03:05:33 server node[1473476]: [2026-07-16 21:05:33.554] [LOG]   [weather] Attempting to initialize provider openmeteo for instance module_4_weather
Jul 17 03:05:33 server node[1473476]: [2026-07-16 21:05:33.554] [LOG]   [weather] Weather provider openmeteo already initialized for instance module_4_weather, re-sending WEATHER_INITIALIZED
Jul 17 03:05:33 server node[1473476]: [2026-07-16 21:05:33.558] [LOG]   [calendar] Use existing calendarfetcher for url: https://cloud.example.com/REDACTED_PRIVATE_PATH
Jul 17 03:05:33 server node[1473476]: [2026-07-16 21:05:33.559] [INFO]  [calendar] Broadcasting 656 events from https://cloud.example.com/REDACTED_PRIVATE_PATH
Jul 17 03:05:33 server node[1473476]: [2026-07-16 21:05:33.562] [LOG]   [calendar] Use existing calendarfetcher for url: https://www.officeholidays.com/ics-fed/usa
Jul 17 03:05:33 server node[1473476]: [2026-07-16 21:05:33.562] [INFO]  [calendar] Broadcasting 12 events from https://www.officeholidays.com/ics-fed/usa.
Jul 17 03:05:33 server node[1473476]: [2026-07-16 21:05:33.563] [LOG]   [calendar] Use existing calendarfetcher for url: https://raw.githubusercontent.com/clarencechaan/ufc-cal/ics/UFC.ics
Jul 17 03:05:33 server node[1473476]: [2026-07-16 21:05:33.563] [INFO]  [calendar] Broadcasting 24 events from https://raw.githubusercontent.com/clarencechaan/ufc-cal/ics/UFC.ics.
Jul 17 03:05:33 server node[1473476]: [2026-07-16 21:05:33.563] [LOG]   [calendar] Use existing calendarfetcher for url: https://butterflytherapeutics.janeapp.com/REDACTED_PRIVATE_PATH
Jul 17 03:05:33 server node[1473476]: [2026-07-16 21:05:33.563] [INFO]  [calendar] Broadcasting 8 events from https://butterflytherapeutics.janeapp.com/REDACTED_PRIVATE_PATH
Jul 17 03:05:33 server node[1473476]: [2026-07-16 21:05:33.563] [LOG]   [weather] Received INIT_WEATHER for instance module_3_weather
Jul 17 03:05:33 server node[1473476]: [2026-07-16 21:05:33.563] [LOG]   [weather] Attempting to initialize provider openmeteo for instance module_3_weather
Jul 17 03:05:33 server node[1473476]: [2026-07-16 21:05:33.563] [LOG]   [weather] Weather provider openmeteo already initialized for instance module_3_weather, re-sending WEATHER_INITIALIZED
Jul 17 03:05:38 server node[1473476]: [2026-07-16 21:05:38.820] [LOG]   [MMM-SecondBrain] [MMM-SecondBrain] Publishing 2 item(s) to display.
Jul 17 03:06:38 server node[1473476]: [2026-07-16 21:06:38.645] [LOG]   [MMM-SecondBrain] [MMM-SecondBrain] Publishing 2 item(s) to display.
Jul 17 03:07:39 server node[1473476]: [2026-07-16 21:07:39.355] [LOG]   [weather] Received INIT_WEATHER for instance module_4_weather
Jul 17 03:07:39 server node[1473476]: [2026-07-16 21:07:39.355] [LOG]   [weather] Attempting to initialize provider openmeteo for instance module_4_weather
Jul 17 03:07:39 server node[1473476]: [2026-07-16 21:07:39.355] [LOG]   [weather] Weather provider openmeteo already initialized for instance module_4_weather, re-sending WEATHER_INITIALIZED
Jul 17 03:07:39 server node[1473476]: [2026-07-16 21:07:39.361] [LOG]   [calendar] Use existing calendarfetcher for url: https://cloud.example.com/REDACTED_PRIVATE_PATH
Jul 17 03:07:39 server node[1473476]: [2026-07-16 21:07:39.361] [INFO]  [calendar] Broadcasting 656 events from https://cloud.example.com/REDACTED_PRIVATE_PATH
Jul 17 03:07:39 server node[1473476]: [2026-07-16 21:07:39.363] [LOG]   [calendar] Use existing calendarfetcher for url: https://www.officeholidays.com/ics-fed/usa
Jul 17 03:07:39 server node[1473476]: [2026-07-16 21:07:39.363] [INFO]  [calendar] Broadcasting 12 events from https://www.officeholidays.com/ics-fed/usa.
Jul 17 03:07:39 server node[1473476]: [2026-07-16 21:07:39.363] [LOG]   [calendar] Use existing calendarfetcher for url: https://raw.githubusercontent.com/clarencechaan/ufc-cal/ics/UFC.ics
Jul 17 03:07:39 server node[1473476]: [2026-07-16 21:07:39.364] [INFO]  [calendar] Broadcasting 24 events from https://raw.githubusercontent.com/clarencechaan/ufc-cal/ics/UFC.ics.
Jul 17 03:07:39 server node[1473476]: [2026-07-16 21:07:39.364] [LOG]   [calendar] Use existing calendarfetcher for url: https://butterflytherapeutics.janeapp.com/REDACTED_PRIVATE_PATH
Jul 17 03:07:39 server node[1473476]: [2026-07-16 21:07:39.364] [INFO]  [calendar] Broadcasting 8 events from https://butterflytherapeutics.janeapp.com/REDACTED_PRIVATE_PATH
Jul 17 03:07:39 server node[1473476]: [2026-07-16 21:07:39.365] [LOG]   [weather] Received INIT_WEATHER for instance module_3_weather
Jul 17 03:07:39 server node[1473476]: [2026-07-16 21:07:39.365] [LOG]   [weather] Attempting to initialize provider openmeteo for instance module_3_weather
Jul 17 03:07:39 server node[1473476]: [2026-07-16 21:07:39.365] [LOG]   [weather] Weather provider openmeteo already initialized for instance module_3_weather, re-sending WEATHER_INITIALIZED
Jul 17 03:07:39 server node[1473476]: [2026-07-16 21:07:39.990] [LOG]   [MMM-SecondBrain] [MMM-SecondBrain] Publishing 2 item(s) to display.
Jul 17 03:07:45 server node[1473476]: [2026-07-16 21:07:45.357] [LOG]   [MMM-SecondBrain] [MMM-SecondBrain] Publishing 2 item(s) to display.
Jul 17 03:08:44 server node[1473476]: [2026-07-16 21:08:44.642] [LOG]   [MMM-SecondBrain] [MMM-SecondBrain] Publishing 2 item(s) to display.
Jul 17 03:09:44 server node[1473476]: [2026-07-16 21:09:44.474] [LOG]   [MMM-SecondBrain] [MMM-SecondBrain] Publishing 2 item(s) to display.
Jul 17 03:10:46 server node[1473476]: [2026-07-16 21:10:46.113] [LOG]   [MMM-SecondBrain] [MMM-SecondBrain] Publishing 2 item(s) to display.
Jul 17 03:10:47 server node[1473476]: [2026-07-16 21:10:47.619] [INFO]  [calendar] Broadcasting 24 events from https://raw.githubusercontent.com/clarencechaan/ufc-cal/ics/UFC.ics.
Jul 17 03:10:47 server node[1473476]: [2026-07-16 21:10:47.633] [INFO]  [calendar] Broadcasting 12 events from https://www.officeholidays.com/ics-fed/usa.
Jul 17 03:10:49 server node[1473476]: [2026-07-16 21:10:49.512] [INFO]  [calendar] Broadcasting 656 events from https://cloud.example.com/REDACTED_PRIVATE_PATH
Jul 17 03:10:49 server node[1473476]: [2026-07-16 21:10:49.610] [INFO]  [calendar] Broadcasting 8 events from https://butterflytherapeutics.janeapp.com/REDACTED_PRIVATE_PATH
Jul 17 03:11:45 server node[1473476]: [2026-07-16 21:11:45.030] [LOG]   [MMM-SecondBrain] [MMM-SecondBrain] Publishing 2 item(s) to display.
Jul 17 03:12:44 server node[1473476]: [2026-07-16 21:12:44.414] [LOG]   [MMM-SecondBrain] [MMM-SecondBrain] Publishing 2 item(s) to display.
Jul 17 03:13:44 server node[1473476]: [2026-07-16 21:13:44.905] [LOG]   [MMM-SecondBrain] [MMM-SecondBrain] Publishing 2 item(s) to display.
Jul 17 03:14:44 server node[1473476]: [2026-07-16 21:14:44.814] [LOG]   [MMM-SecondBrain] [MMM-SecondBrain] Publishing 2 item(s) to display.
Jul 17 03:15:42 server node[1473476]: [2026-07-16 21:15:42.477] [LOG]   [weather] Received INIT_WEATHER for instance module_4_weather
Jul 17 03:15:42 server node[1473476]: [2026-07-16 21:15:42.477] [LOG]   [weather] Attempting to initialize provider openmeteo for instance module_4_weather
Jul 17 03:15:42 server node[1473476]: [2026-07-16 21:15:42.477] [LOG]   [weather] Weather provider openmeteo already initialized for instance module_4_weather, re-sending WEATHER_INITIALIZED
Jul 17 03:15:42 server node[1473476]: [2026-07-16 21:15:42.482] [LOG]   [calendar] Use existing calendarfetcher for url: https://cloud.example.com/REDACTED_PRIVATE_PATH
Jul 17 03:15:42 server node[1473476]: [2026-07-16 21:15:42.483] [INFO]  [calendar] Broadcasting 656 events from https://cloud.example.com/REDACTED_PRIVATE_PATH
Jul 17 03:15:42 server node[1473476]: [2026-07-16 21:15:42.484] [LOG]   [calendar] Use existing calendarfetcher for url: https://www.officeholidays.com/ics-fed/usa
Jul 17 03:15:42 server node[1473476]: [2026-07-16 21:15:42.486] [INFO]  [calendar] Broadcasting 12 events from https://www.officeholidays.com/ics-fed/usa.
Jul 17 03:15:42 server node[1473476]: [2026-07-16 21:15:42.487] [LOG]   [calendar] Use existing calendarfetcher for url: https://raw.githubusercontent.com/clarencechaan/ufc-cal/ics/UFC.ics
Jul 17 03:15:42 server node[1473476]: [2026-07-16 21:15:42.487] [INFO]  [calendar] Broadcasting 24 events from https://raw.githubusercontent.com/clarencechaan/ufc-cal/ics/UFC.ics.
Jul 17 03:15:42 server node[1473476]: [2026-07-16 21:15:42.488] [LOG]   [calendar] Use existing calendarfetcher for url: https://butterflytherapeutics.janeapp.com/REDACTED_PRIVATE_PATH
Jul 17 03:15:42 server node[1473476]: [2026-07-16 21:15:42.488] [INFO]  [calendar] Broadcasting 8 events from https://butterflytherapeutics.janeapp.com/REDACTED_PRIVATE_PATH
Jul 17 03:15:42 server node[1473476]: [2026-07-16 21:15:42.488] [LOG]   [weather] Received INIT_WEATHER for instance module_3_weather
Jul 17 03:15:42 server node[1473476]: [2026-07-16 21:15:42.488] [LOG]   [weather] Attempting to initialize provider openmeteo for instance module_3_weather
Jul 17 03:15:42 server node[1473476]: [2026-07-16 21:15:42.488] [LOG]   [weather] Weather provider openmeteo already initialized for instance module_3_weather, re-sending WEATHER_INITIALIZED
Jul 17 03:15:49 server node[1473476]: [2026-07-16 21:15:49.100] [LOG]   [MMM-SecondBrain] [MMM-SecondBrain] Publishing 2 item(s) to display.
Jul 17 03:16:47 server node[1473476]: [2026-07-16 21:16:47.612] [LOG]   [MMM-SecondBrain] [MMM-SecondBrain] Publishing 2 item(s) to display.
Jul 17 03:18:02 server node[1473476]: [2026-07-16 21:18:02.114] [ERROR] [lib] [MMM-SecondBrain] Gmail IMAP account personal.json failed: read ECONNRESET
Jul 17 03:18:02 server node[1473476]: [2026-07-16 21:18:02.115] [LOG]   [MMM-SecondBrain] [MMM-SecondBrain] Publishing 2 item(s) to display.
Jul 17 03:18:48 server node[1473476]: [2026-07-16 21:18:48.154] [LOG]   [MMM-SecondBrain] [MMM-SecondBrain] Publishing 2 item(s) to display.
Jul 17 03:19:47 server node[1473476]: [2026-07-16 21:19:47.941] [LOG]   [MMM-SecondBrain] [MMM-SecondBrain] Publishing 2 item(s) to display.
Jul 17 03:20:54 server node[1473476]: [2026-07-16 21:20:54.633] [LOG]   [MMM-SecondBrain] [MMM-SecondBrain] Publishing 2 item(s) to display.
Jul 17 03:21:11 server node[1473476]: [2026-07-16 21:21:11.829] [LOG]   [weather] Received INIT_WEATHER for instance module_4_weather
Jul 17 03:21:11 server node[1473476]: [2026-07-16 21:21:11.830] [LOG]   [weather] Attempting to initialize provider openmeteo for instance module_4_weather
Jul 17 03:21:11 server node[1473476]: [2026-07-16 21:21:11.830] [LOG]   [weather] Weather provider openmeteo already initialized for instance module_4_weather, re-sending WEATHER_INITIALIZED
Jul 17 03:21:11 server node[1473476]: [2026-07-16 21:21:11.836] [LOG]   [calendar] Use existing calendarfetcher for url: https://cloud.example.com/REDACTED_PRIVATE_PATH
Jul 17 03:21:11 server node[1473476]: [2026-07-16 21:21:11.836] [INFO]  [calendar] Broadcasting 656 events from https://cloud.example.com/REDACTED_PRIVATE_PATH
Jul 17 03:21:11 server node[1473476]: [2026-07-16 21:21:11.837] [LOG]   [calendar] Use existing calendarfetcher for url: https://www.officeholidays.com/ics-fed/usa
Jul 17 03:21:11 server node[1473476]: [2026-07-16 21:21:11.838] [INFO]  [calendar] Broadcasting 12 events from https://www.officeholidays.com/ics-fed/usa.
Jul 17 03:21:11 server node[1473476]: [2026-07-16 21:21:11.838] [LOG]   [calendar] Use existing calendarfetcher for url: https://raw.githubusercontent.com/clarencechaan/ufc-cal/ics/UFC.ics
Jul 17 03:21:11 server node[1473476]: [2026-07-16 21:21:11.838] [INFO]  [calendar] Broadcasting 24 events from https://raw.githubusercontent.com/clarencechaan/ufc-cal/ics/UFC.ics.
Jul 17 03:21:11 server node[1473476]: [2026-07-16 21:21:11.838] [LOG]   [calendar] Use existing calendarfetcher for url: https://butterflytherapeutics.janeapp.com/REDACTED_PRIVATE_PATH
Jul 17 03:21:11 server node[1473476]: [2026-07-16 21:21:11.838] [INFO]  [calendar] Broadcasting 8 events from https://butterflytherapeutics.janeapp.com/REDACTED_PRIVATE_PATH
Jul 17 03:21:11 server node[1473476]: [2026-07-16 21:21:11.838] [LOG]   [weather] Received INIT_WEATHER for instance module_3_weather
Jul 17 03:21:11 server node[1473476]: [2026-07-16 21:21:11.838] [LOG]   [weather] Attempting to initialize provider openmeteo for instance module_3_weather
Jul 17 03:21:11 server node[1473476]: [2026-07-16 21:21:11.839] [LOG]   [weather] Weather provider openmeteo already initialized for instance module_3_weather, re-sending WEATHER_INITIALIZED
Jul 17 03:21:17 server node[1473476]: [2026-07-16 21:21:17.085] [LOG]   [MMM-SecondBrain] [MMM-SecondBrain] Publishing 2 item(s) to display.
Jul 17 03:22:17 server node[1473476]: [2026-07-16 21:22:17.157] [LOG]   [MMM-SecondBrain] [MMM-SecondBrain] Publishing 2 item(s) to display.
Jul 17 03:23:17 server node[1473476]: [2026-07-16 21:23:17.178] [LOG]   [MMM-SecondBrain] [MMM-SecondBrain] Publishing 2 item(s) to display.
Jul 17 03:24:17 server node[1473476]: [2026-07-16 21:24:17.272] [LOG]   [MMM-SecondBrain] [MMM-SecondBrain] Publishing 2 item(s) to display.
Jul 17 03:25:45 server node[1473476]: [2026-07-16 21:25:45.630] [LOG]   [MMM-SecondBrain] [MMM-SecondBrain] Publishing 2 item(s) to display.
Jul 17 03:25:48 server node[1473476]: [2026-07-16 21:25:48.124] [INFO]  [calendar] Broadcasting 24 events from https://raw.githubusercontent.com/clarencechaan/ufc-cal/ics/UFC.ics.
Jul 17 03:25:48 server node[1473476]: [2026-07-16 21:25:48.182] [INFO]  [calendar] Broadcasting 12 events from https://www.officeholidays.com/ics-fed/usa.
Jul 17 03:25:50 server node[1473476]: [2026-07-16 21:25:50.721] [INFO]  [calendar] Broadcasting 656 events from https://cloud.example.com/REDACTED_PRIVATE_PATH
Jul 17 03:25:51 server node[1473476]: [2026-07-16 21:25:51.299] [INFO]  [calendar] Broadcasting 8 events from https://butterflytherapeutics.janeapp.com/REDACTED_PRIVATE_PATH
Jul 17 03:26:17 server node[1473476]: [2026-07-16 21:26:17.077] [LOG]   [MMM-SecondBrain] [MMM-SecondBrain] Publishing 2 item(s) to display.
Jul 17 03:27:09 server node[1473476]: [2026-07-16 21:27:09.776] [LOG]   [weather] Received INIT_WEATHER for instance module_4_weather
Jul 17 03:27:09 server node[1473476]: [2026-07-16 21:27:09.776] [LOG]   [weather] Attempting to initialize provider openmeteo for instance module_4_weather
Jul 17 03:27:09 server node[1473476]: [2026-07-16 21:27:09.776] [LOG]   [weather] Weather provider openmeteo already initialized for instance module_4_weather, re-sending WEATHER_INITIALIZED
Jul 17 03:27:09 server node[1473476]: [2026-07-16 21:27:09.783] [LOG]   [calendar] Use existing calendarfetcher for url: https://cloud.example.com/REDACTED_PRIVATE_PATH
Jul 17 03:27:09 server node[1473476]: [2026-07-16 21:27:09.783] [INFO]  [calendar] Broadcasting 656 events from https://cloud.example.com/REDACTED_PRIVATE_PATH
Jul 17 03:27:09 server node[1473476]: [2026-07-16 21:27:09.784] [LOG]   [calendar] Use existing calendarfetcher for url: https://www.officeholidays.com/ics-fed/usa
Jul 17 03:27:09 server node[1473476]: [2026-07-16 21:27:09.784] [INFO]  [calendar] Broadcasting 12 events from https://www.officeholidays.com/ics-fed/usa.
Jul 17 03:27:09 server node[1473476]: [2026-07-16 21:27:09.785] [LOG]   [calendar] Use existing calendarfetcher for url: https://raw.githubusercontent.com/clarencechaan/ufc-cal/ics/UFC.ics
Jul 17 03:27:09 server node[1473476]: [2026-07-16 21:27:09.785] [INFO]  [calendar] Broadcasting 24 events from https://raw.githubusercontent.com/clarencechaan/ufc-cal/ics/UFC.ics.
Jul 17 03:27:09 server node[1473476]: [2026-07-16 21:27:09.785] [LOG]   [calendar] Use existing calendarfetcher for url: https://butterflytherapeutics.janeapp.com/REDACTED_PRIVATE_PATH
Jul 17 03:27:09 server node[1473476]: [2026-07-16 21:27:09.785] [INFO]  [calendar] Broadcasting 8 events from https://butterflytherapeutics.janeapp.com/REDACTED_PRIVATE_PATH
Jul 17 03:27:09 server node[1473476]: [2026-07-16 21:27:09.785] [LOG]   [weather] Received INIT_WEATHER for instance module_3_weather
Jul 17 03:27:09 server node[1473476]: [2026-07-16 21:27:09.785] [LOG]   [weather] Attempting to initialize provider openmeteo for instance module_3_weather
Jul 17 03:27:09 server node[1473476]: [2026-07-16 21:27:09.785] [LOG]   [weather] Weather provider openmeteo already initialized for instance module_3_weather, re-sending WEATHER_INITIALIZED
Jul 17 03:27:15 server node[1473476]: [2026-07-16 21:27:15.192] [LOG]   [MMM-SecondBrain] [MMM-SecondBrain] Publishing 2 item(s) to display.
Jul 17 03:27:17 server node[1473476]: [2026-07-16 21:27:17.517] [LOG]   [weather] Received INIT_WEATHER for instance module_4_weather
Jul 17 03:27:17 server node[1473476]: [2026-07-16 21:27:17.517] [LOG]   [weather] Attempting to initialize provider openmeteo for instance module_4_weather
Jul 17 03:27:17 server node[1473476]: [2026-07-16 21:27:17.517] [LOG]   [weather] Weather provider openmeteo already initialized for instance module_4_weather, re-sending WEATHER_INITIALIZED
Jul 17 03:27:17 server node[1473476]: [2026-07-16 21:27:17.520] [LOG]   [calendar] Use existing calendarfetcher for url: https://cloud.example.com/REDACTED_PRIVATE_PATH
Jul 17 03:27:17 server node[1473476]: [2026-07-16 21:27:17.520] [INFO]  [calendar] Broadcasting 656 events from https://cloud.example.com/REDACTED_PRIVATE_PATH
Jul 17 03:27:17 server node[1473476]: [2026-07-16 21:27:17.521] [LOG]   [calendar] Use existing calendarfetcher for url: https://www.officeholidays.com/ics-fed/usa
Jul 17 03:27:17 server node[1473476]: [2026-07-16 21:27:17.521] [INFO]  [calendar] Broadcasting 12 events from https://www.officeholidays.com/ics-fed/usa.
Jul 17 03:27:17 server node[1473476]: [2026-07-16 21:27:17.521] [LOG]   [calendar] Use existing calendarfetcher for url: https://raw.githubusercontent.com/clarencechaan/ufc-cal/ics/UFC.ics
Jul 17 03:27:17 server node[1473476]: [2026-07-16 21:27:17.521] [INFO]  [calendar] Broadcasting 24 events from https://raw.githubusercontent.com/clarencechaan/ufc-cal/ics/UFC.ics.
Jul 17 03:27:17 server node[1473476]: [2026-07-16 21:27:17.522] [LOG]   [calendar] Use existing calendarfetcher for url: https://butterflytherapeutics.janeapp.com/REDACTED_PRIVATE_PATH
Jul 17 03:27:17 server node[1473476]: [2026-07-16 21:27:17.522] [INFO]  [calendar] Broadcasting 8 events from https://butterflytherapeutics.janeapp.com/REDACTED_PRIVATE_PATH
Jul 17 03:27:17 server node[1473476]: [2026-07-16 21:27:17.688] [LOG]   [weather] Received INIT_WEATHER for instance module_3_weather
Jul 17 03:27:17 server node[1473476]: [2026-07-16 21:27:17.688] [LOG]   [weather] Attempting to initialize provider openmeteo for instance module_3_weather
Jul 17 03:27:17 server node[1473476]: [2026-07-16 21:27:17.688] [LOG]   [weather] Weather provider openmeteo already initialized for instance module_3_weather, re-sending WEATHER_INITIALIZED
Jul 17 03:27:22 server node[1473476]: [2026-07-16 21:27:22.834] [LOG]   [MMM-SecondBrain] [MMM-SecondBrain] Publishing 2 item(s) to display.
Jul 17 03:28:23 server node[1473476]: [2026-07-16 21:28:23.097] [LOG]   [MMM-SecondBrain] [MMM-SecondBrain] Publishing 2 item(s) to display.
Jul 17 03:29:23 server node[1473476]: [2026-07-16 21:29:23.253] [LOG]   [MMM-SecondBrain] [MMM-SecondBrain] Publishing 2 item(s) to display.
Jul 17 03:30:22 server node[1473476]: [2026-07-16 21:30:22.944] [LOG]   [MMM-SecondBrain] [MMM-SecondBrain] Publishing 2 item(s) to display.
Jul 17 03:31:22 server node[1473476]: [2026-07-16 21:31:22.713] [LOG]   [MMM-SecondBrain] [MMM-SecondBrain] Publishing 2 item(s) to display.
Jul 17 03:32:51 server node[1473476]: [2026-07-16 21:32:51.524] [LOG]   [MMM-SecondBrain] [MMM-SecondBrain] Publishing 2 item(s) to display.
Jul 17 03:33:05 server node[1473476]: [2026-07-16 21:33:05.376] [LOG]   [weather] Received INIT_WEATHER for instance module_4_weather
Jul 17 03:33:05 server node[1473476]: [2026-07-16 21:33:05.376] [LOG]   [weather] Attempting to initialize provider openmeteo for instance module_4_weather
Jul 17 03:33:05 server node[1473476]: [2026-07-16 21:33:05.376] [LOG]   [weather] Weather provider openmeteo already initialized for instance module_4_weather, re-sending WEATHER_INITIALIZED
Jul 17 03:33:05 server node[1473476]: [2026-07-16 21:33:05.379] [LOG]   [calendar] Use existing calendarfetcher for url: https://cloud.example.com/REDACTED_PRIVATE_PATH
Jul 17 03:33:05 server node[1473476]: [2026-07-16 21:33:05.379] [INFO]  [calendar] Broadcasting 656 events from https://cloud.example.com/REDACTED_PRIVATE_PATH
Jul 17 03:33:05 server node[1473476]: [2026-07-16 21:33:05.381] [LOG]   [calendar] Use existing calendarfetcher for url: https://www.officeholidays.com/ics-fed/usa
Jul 17 03:33:05 server node[1473476]: [2026-07-16 21:33:05.381] [INFO]  [calendar] Broadcasting 12 events from https://www.officeholidays.com/ics-fed/usa.
Jul 17 03:33:05 server node[1473476]: [2026-07-16 21:33:05.381] [LOG]   [calendar] Use existing calendarfetcher for url: https://raw.githubusercontent.com/clarencechaan/ufc-cal/ics/UFC.ics
Jul 17 03:33:05 server node[1473476]: [2026-07-16 21:33:05.381] [INFO]  [calendar] Broadcasting 24 events from https://raw.githubusercontent.com/clarencechaan/ufc-cal/ics/UFC.ics.
Jul 17 03:33:05 server node[1473476]: [2026-07-16 21:33:05.382] [LOG]   [calendar] Use existing calendarfetcher for url: https://butterflytherapeutics.janeapp.com/REDACTED_PRIVATE_PATH
Jul 17 03:33:05 server node[1473476]: [2026-07-16 21:33:05.382] [INFO]  [calendar] Broadcasting 8 events from https://butterflytherapeutics.janeapp.com/REDACTED_PRIVATE_PATH
Jul 17 03:33:05 server node[1473476]: [2026-07-16 21:33:05.382] [LOG]   [weather] Received INIT_WEATHER for instance module_3_weather
Jul 17 03:33:05 server node[1473476]: [2026-07-16 21:33:05.382] [LOG]   [weather] Attempting to initialize provider openmeteo for instance module_3_weather
Jul 17 03:33:05 server node[1473476]: [2026-07-16 21:33:05.382] [LOG]   [weather] Weather provider openmeteo already initialized for instance module_3_weather, re-sending WEATHER_INITIALIZED
Jul 17 03:33:11 server node[1473476]: [2026-07-16 21:33:11.300] [LOG]   [MMM-SecondBrain] [MMM-SecondBrain] Publishing 2 item(s) to display.
Jul 17 03:34:10 server node[1473476]: [2026-07-16 21:34:10.584] [LOG]   [MMM-SecondBrain] [MMM-SecondBrain] Publishing 2 item(s) to display.
Jul 17 03:34:54 server node[1473476]: [2026-07-16 21:34:54.383] [LOG]   [weather] Received INIT_WEATHER for instance module_4_weather
Jul 17 03:34:54 server node[1473476]: [2026-07-16 21:34:54.383] [LOG]   [weather] Attempting to initialize provider openmeteo for instance module_4_weather
Jul 17 03:34:54 server node[1473476]: [2026-07-16 21:34:54.383] [LOG]   [weather] Weather provider openmeteo already initialized for instance module_4_weather, re-sending WEATHER_INITIALIZED
Jul 17 03:34:54 server node[1473476]: [2026-07-16 21:34:54.390] [LOG]   [calendar] Use existing calendarfetcher for url: https://cloud.example.com/REDACTED_PRIVATE_PATH
Jul 17 03:34:54 server node[1473476]: [2026-07-16 21:34:54.390] [INFO]  [calendar] Broadcasting 656 events from https://cloud.example.com/REDACTED_PRIVATE_PATH
Jul 17 03:34:54 server node[1473476]: [2026-07-16 21:34:54.392] [LOG]   [calendar] Use existing calendarfetcher for url: https://www.officeholidays.com/ics-fed/usa
Jul 17 03:34:54 server node[1473476]: [2026-07-16 21:34:54.392] [INFO]  [calendar] Broadcasting 12 events from https://www.officeholidays.com/ics-fed/usa.
Jul 17 03:34:54 server node[1473476]: [2026-07-16 21:34:54.394] [LOG]   [calendar] Use existing calendarfetcher for url: https://raw.githubusercontent.com/clarencechaan/ufc-cal/ics/UFC.ics
Jul 17 03:34:54 server node[1473476]: [2026-07-16 21:34:54.394] [INFO]  [calendar] Broadcasting 24 events from https://raw.githubusercontent.com/clarencechaan/ufc-cal/ics/UFC.ics.
Jul 17 03:34:54 server node[1473476]: [2026-07-16 21:34:54.395] [LOG]   [calendar] Use existing calendarfetcher for url: https://butterflytherapeutics.janeapp.com/REDACTED_PRIVATE_PATH
Jul 17 03:34:54 server node[1473476]: [2026-07-16 21:34:54.395] [INFO]  [calendar] Broadcasting 8 events from https://butterflytherapeutics.janeapp.com/REDACTED_PRIVATE_PATH
Jul 17 03:34:54 server node[1473476]: [2026-07-16 21:34:54.395] [LOG]   [weather] Received INIT_WEATHER for instance module_3_weather
Jul 17 03:34:54 server node[1473476]: [2026-07-16 21:34:54.395] [LOG]   [weather] Attempting to initialize provider openmeteo for instance module_3_weather
Jul 17 03:34:54 server node[1473476]: [2026-07-16 21:34:54.395] [LOG]   [weather] Weather provider openmeteo already initialized for instance module_3_weather, re-sending WEATHER_INITIALIZED
Jul 17 03:34:59 server node[1473476]: [2026-07-16 21:34:59.438] [LOG]   [MMM-SecondBrain] [MMM-SecondBrain] Publishing 2 item(s) to display.
Jul 17 03:36:14 server node[1473476]: [2026-07-16 21:36:14.215] [ERROR] [lib] [MMM-SecondBrain] Gmail IMAP account personal.json failed: read ECONNRESET
Jul 17 03:36:14 server node[1473476]: [2026-07-16 21:36:14.216] [LOG]   [MMM-SecondBrain] [MMM-SecondBrain] Publishing 2 item(s) to display.
Jul 17 03:36:59 server node[1473476]: [2026-07-16 21:36:59.477] [LOG]   [MMM-SecondBrain] [MMM-SecondBrain] Publishing 2 item(s) to display.
Jul 17 03:37:59 server node[1473476]: [2026-07-16 21:37:59.724] [LOG]   [MMM-SecondBrain] [MMM-SecondBrain] Publishing 2 item(s) to display.
Jul 17 03:39:04 server node[1473476]: [2026-07-16 21:39:04.128] [LOG]   [MMM-SecondBrain] [MMM-SecondBrain] Publishing 2 item(s) to display.
Jul 17 03:39:59 server node[1473476]: [2026-07-16 21:39:59.479] [LOG]   [MMM-SecondBrain] [MMM-SecondBrain] Publishing 2 item(s) to display.
Jul 17 03:40:48 server node[1473476]: [2026-07-16 21:40:48.763] [INFO]  [calendar] Broadcasting 24 events from https://raw.githubusercontent.com/clarencechaan/ufc-cal/ics/UFC.ics.
Jul 17 03:40:48 server node[1473476]: [2026-07-16 21:40:48.976] [INFO]  [calendar] Broadcasting 12 events from https://www.officeholidays.com/ics-fed/usa.
Jul 17 03:40:52 server node[1473476]: [2026-07-16 21:40:52.028] [INFO]  [calendar] Broadcasting 656 events from https://cloud.example.com/REDACTED_PRIVATE_PATH
Jul 17 03:40:52 server node[1473476]: [2026-07-16 21:40:52.926] [INFO]  [calendar] Broadcasting 8 events from https://butterflytherapeutics.janeapp.com/REDACTED_PRIVATE_PATH
Jul 17 03:41:01 server node[1473476]: [2026-07-16 21:41:01.083] [LOG]   [MMM-SecondBrain] [MMM-SecondBrain] Publishing 2 item(s) to display.
Jul 17 03:41:59 server node[1473476]: [2026-07-16 21:41:59.717] [LOG]   [MMM-SecondBrain] [MMM-SecondBrain] Publishing 2 item(s) to display.
Jul 17 03:42:59 server node[1473476]: [2026-07-16 21:42:59.707] [LOG]   [MMM-SecondBrain] [MMM-SecondBrain] Publishing 2 item(s) to display.
Jul 17 03:44:08 server node[1473476]: [2026-07-16 21:44:08.853] [LOG]   [MMM-SecondBrain] [MMM-SecondBrain] Publishing 2 item(s) to display.
Jul 17 03:44:59 server node[1473476]: [2026-07-16 21:44:59.276] [LOG]   [MMM-SecondBrain] [MMM-SecondBrain] Publishing 2 item(s) to display.
Jul 17 03:45:59 server node[1473476]: [2026-07-16 21:45:59.884] [LOG]   [MMM-SecondBrain] [MMM-SecondBrain] Publishing 2 item(s) to display.
Jul 17 03:46:59 server node[1473476]: [2026-07-16 21:46:59.607] [LOG]   [MMM-SecondBrain] [MMM-SecondBrain] Publishing 2 item(s) to display.
Jul 17 03:48:00 server node[1473476]: [2026-07-16 21:48:00.143] [LOG]   [MMM-SecondBrain] [MMM-SecondBrain] Publishing 2 item(s) to display.
Jul 17 03:48:46 server node[1473476]: [2026-07-16 21:48:46.453] [LOG]   [weather] Received INIT_WEATHER for instance module_4_weather
Jul 17 03:48:46 server node[1473476]: [2026-07-16 21:48:46.453] [LOG]   [weather] Attempting to initialize provider openmeteo for instance module_4_weather
Jul 17 03:48:46 server node[1473476]: [2026-07-16 21:48:46.453] [LOG]   [weather] Weather provider openmeteo already initialized for instance module_4_weather, re-sending WEATHER_INITIALIZED
Jul 17 03:48:46 server node[1473476]: [2026-07-16 21:48:46.458] [LOG]   [calendar] Use existing calendarfetcher for url: https://cloud.example.com/REDACTED_PRIVATE_PATH
Jul 17 03:48:46 server node[1473476]: [2026-07-16 21:48:46.458] [INFO]  [calendar] Broadcasting 656 events from https://cloud.example.com/REDACTED_PRIVATE_PATH
Jul 17 03:48:46 server node[1473476]: [2026-07-16 21:48:46.459] [LOG]   [calendar] Use existing calendarfetcher for url: https://www.officeholidays.com/ics-fed/usa
Jul 17 03:48:46 server node[1473476]: [2026-07-16 21:48:46.460] [INFO]  [calendar] Broadcasting 12 events from https://www.officeholidays.com/ics-fed/usa.
Jul 17 03:48:46 server node[1473476]: [2026-07-16 21:48:46.461] [LOG]   [calendar] Use existing calendarfetcher for url: https://raw.githubusercontent.com/clarencechaan/ufc-cal/ics/UFC.ics
Jul 17 03:48:46 server node[1473476]: [2026-07-16 21:48:46.461] [INFO]  [calendar] Broadcasting 24 events from https://raw.githubusercontent.com/clarencechaan/ufc-cal/ics/UFC.ics.
Jul 17 03:48:46 server node[1473476]: [2026-07-16 21:48:46.462] [LOG]   [calendar] Use existing calendarfetcher for url: https://butterflytherapeutics.janeapp.com/REDACTED_PRIVATE_PATH
Jul 17 03:48:46 server node[1473476]: [2026-07-16 21:48:46.462] [INFO]  [calendar] Broadcasting 8 events from https://butterflytherapeutics.janeapp.com/REDACTED_PRIVATE_PATH
Jul 17 03:48:46 server node[1473476]: [2026-07-16 21:48:46.462] [LOG]   [weather] Received INIT_WEATHER for instance module_3_weather
Jul 17 03:48:46 server node[1473476]: [2026-07-16 21:48:46.462] [LOG]   [weather] Attempting to initialize provider openmeteo for instance module_3_weather
Jul 17 03:48:46 server node[1473476]: [2026-07-16 21:48:46.462] [LOG]   [weather] Weather provider openmeteo already initialized for instance module_3_weather, re-sending WEATHER_INITIALIZED
Jul 17 03:49:06 server node[1473476]: [2026-07-16 21:49:06.303] [ERROR] [lib] [MMM-SecondBrain] Gmail IMAP account personal.json failed: read ECONNRESET
Jul 17 03:49:06 server node[1473476]: [2026-07-16 21:49:06.304] [LOG]   [MMM-SecondBrain] [MMM-SecondBrain] Publishing 2 item(s) to display.
Jul 17 03:49:51 server node[1473476]: [2026-07-16 21:49:51.933] [LOG]   [MMM-SecondBrain] [MMM-SecondBrain] Publishing 2 item(s) to display.
Jul 17 03:50:04 server node[1473476]: [2026-07-16 21:50:04.011] [LOG]   [MMM-SecondBrain] [MMM-SecondBrain] Publishing 2 item(s) to display.
Jul 17 03:50:51 server node[1473476]: [2026-07-16 21:50:51.959] [LOG]   [MMM-SecondBrain] [MMM-SecondBrain] Publishing 2 item(s) to display.
Jul 17 03:51:01 server node[1473476]: [2026-07-16 21:51:01.280] [LOG]   [MMM-SecondBrain] [MMM-SecondBrain] Publishing 2 item(s) to display.
Jul 17 03:51:53 server node[1473476]: [2026-07-16 21:51:53.135] [LOG]   [MMM-SecondBrain] [MMM-SecondBrain] Publishing 2 item(s) to display.
Jul 17 03:52:02 server node[1473476]: [2026-07-16 21:52:02.499] [LOG]   [MMM-SecondBrain] [MMM-SecondBrain] Publishing 2 item(s) to display.
Jul 17 03:52:54 server node[1473476]: [2026-07-16 21:52:54.655] [LOG]   [MMM-SecondBrain] [MMM-SecondBrain] Publishing 2 item(s) to display.
Jul 17 03:53:01 server node[1473476]: [2026-07-16 21:53:01.616] [LOG]   [MMM-SecondBrain] [MMM-SecondBrain] Publishing 2 item(s) to display.
Jul 17 03:54:03 server node[1473476]: [2026-07-16 21:54:03.131] [LOG]   [MMM-SecondBrain] [MMM-SecondBrain] Publishing 2 item(s) to display.
Jul 17 03:54:52 server node[1473476]: [2026-07-16 21:54:52.683] [LOG]   [MMM-SecondBrain] [MMM-SecondBrain] Publishing 2 item(s) to display.
Jul 17 03:55:01 server node[1473476]: [2026-07-16 21:55:01.896] [LOG]   [MMM-SecondBrain] [MMM-SecondBrain] Publishing 2 item(s) to display.
Jul 17 03:55:49 server node[1473476]: [2026-07-16 21:55:49.283] [INFO]  [calendar] Broadcasting 24 events from https://raw.githubusercontent.com/clarencechaan/ufc-cal/ics/UFC.ics.
Jul 17 03:55:49 server node[1473476]: [2026-07-16 21:55:49.663] [INFO]  [calendar] Broadcasting 12 events from https://www.officeholidays.com/ics-fed/usa.
Jul 17 03:55:51 server node[1473476]: [2026-07-16 21:55:51.680] [LOG]   [MMM-SecondBrain] [MMM-SecondBrain] Publishing 2 item(s) to display.
Jul 17 03:55:53 server node[1473476]: [2026-07-16 21:55:53.238] [INFO]  [calendar] Broadcasting 656 events from https://cloud.example.com/REDACTED_PRIVATE_PATH
Jul 17 03:55:54 server node[1473476]: [2026-07-16 21:55:54.556] [INFO]  [calendar] Broadcasting 8 events from https://butterflytherapeutics.janeapp.com/REDACTED_PRIVATE_PATH
Jul 17 03:56:01 server node[1473476]: [2026-07-16 21:56:01.509] [LOG]   [MMM-SecondBrain] [MMM-SecondBrain] Publishing 2 item(s) to display.
Jul 17 03:56:52 server node[1473476]: [2026-07-16 21:56:52.288] [LOG]   [MMM-SecondBrain] [MMM-SecondBrain] Publishing 2 item(s) to display.
Jul 17 03:57:02 server node[1473476]: [2026-07-16 21:57:02.303] [LOG]   [MMM-SecondBrain] [MMM-SecondBrain] Publishing 2 item(s) to display.
Jul 17 03:57:51 server node[1473476]: [2026-07-16 21:57:51.332] [LOG]   [MMM-SecondBrain] [MMM-SecondBrain] Publishing 2 item(s) to display.
Jul 17 03:58:01 server node[1473476]: [2026-07-16 21:58:01.651] [LOG]   [MMM-SecondBrain] [MMM-SecondBrain] Publishing 2 item(s) to display.
Jul 17 03:58:51 server node[1473476]: [2026-07-16 21:58:51.691] [LOG]   [MMM-SecondBrain] [MMM-SecondBrain] Publishing 2 item(s) to display.
Jul 17 03:59:02 server node[1473476]: [2026-07-16 21:59:02.152] [LOG]   [MMM-SecondBrain] [MMM-SecondBrain] Publishing 2 item(s) to display.
Jul 17 03:59:51 server node[1473476]: [2026-07-16 21:59:51.802] [LOG]   [MMM-SecondBrain] [MMM-SecondBrain] Publishing 2 item(s) to display.
Jul 17 04:00:03 server node[1473476]: [2026-07-16 22:00:03.481] [LOG]   [MMM-SecondBrain] [MMM-SecondBrain] Publishing 2 item(s) to display.
Jul 17 04:00:52 server node[1473476]: [2026-07-16 22:00:52.870] [LOG]   [MMM-SecondBrain] [MMM-SecondBrain] Publishing 2 item(s) to display.
Jul 17 04:01:01 server node[1473476]: [2026-07-16 22:01:01.503] [LOG]   [MMM-SecondBrain] [MMM-SecondBrain] Publishing 2 item(s) to display.
Jul 17 04:01:54 server node[1473476]: [2026-07-16 22:01:54.052] [LOG]   [MMM-SecondBrain] [MMM-SecondBrain] Publishing 2 item(s) to display.
Jul 17 04:02:02 server node[1473476]: [2026-07-16 22:02:02.035] [LOG]   [MMM-SecondBrain] [MMM-SecondBrain] Publishing 2 item(s) to display.
Jul 17 04:02:52 server node[1473476]: [2026-07-16 22:02:52.168] [LOG]   [MMM-SecondBrain] [MMM-SecondBrain] Publishing 2 item(s) to display.
Jul 17 04:03:01 server node[1473476]: [2026-07-16 22:03:01.932] [LOG]   [MMM-SecondBrain] [MMM-SecondBrain] Publishing 2 item(s) to display.
Jul 17 04:04:06 server node[1473476]: [2026-07-16 22:04:06.030] [LOG]   [MMM-SecondBrain] [MMM-SecondBrain] Publishing 2 item(s) to display.
Jul 17 04:04:51 server node[1473476]: [2026-07-16 22:04:51.504] [LOG]   [MMM-SecondBrain] [MMM-SecondBrain] Publishing 2 item(s) to display.
Jul 17 04:05:01 server node[1473476]: [2026-07-16 22:05:01.735] [LOG]   [MMM-SecondBrain] [MMM-SecondBrain] Publishing 2 item(s) to display.
Jul 17 04:05:51 server node[1473476]: [2026-07-16 22:05:51.453] [LOG]   [MMM-SecondBrain] [MMM-SecondBrain] Publishing 2 item(s) to display.
Jul 17 04:06:02 server node[1473476]: [2026-07-16 22:06:02.311] [LOG]   [MMM-SecondBrain] [MMM-SecondBrain] Publishing 2 item(s) to display.
Jul 17 04:06:52 server node[1473476]: [2026-07-16 22:06:52.522] [LOG]   [MMM-SecondBrain] [MMM-SecondBrain] Publishing 2 item(s) to display.
Jul 17 04:07:01 server node[1473476]: [2026-07-16 22:07:01.500] [LOG]   [MMM-SecondBrain] [MMM-SecondBrain] Publishing 2 item(s) to display.
Jul 17 04:07:51 server node[1473476]: [2026-07-16 22:07:51.866] [LOG]   [MMM-SecondBrain] [MMM-SecondBrain] Publishing 2 item(s) to display.
Jul 17 04:08:02 server node[1473476]: [2026-07-16 22:08:02.032] [LOG]   [MMM-SecondBrain] [MMM-SecondBrain] Publishing 2 item(s) to display.
Jul 17 04:08:52 server node[1473476]: [2026-07-16 22:08:52.423] [LOG]   [MMM-SecondBrain] [MMM-SecondBrain] Publishing 2 item(s) to display.
Jul 17 04:09:01 server node[1473476]: [2026-07-16 22:09:01.483] [LOG]   [MMM-SecondBrain] [MMM-SecondBrain] Publishing 2 item(s) to display.
Jul 17 04:09:52 server node[1473476]: [2026-07-16 22:09:52.923] [LOG]   [MMM-SecondBrain] [MMM-SecondBrain] Publishing 2 item(s) to display.
Jul 17 04:10:22 server node[1473476]: [2026-07-16 22:10:22.707] [LOG]   [MMM-SecondBrain] [MMM-SecondBrain] Publishing 2 item(s) to display.
Jul 17 04:10:50 server node[1473476]: [2026-07-16 22:10:50.302] [INFO]  [calendar] Broadcasting 24 events from https://raw.githubusercontent.com/clarencechaan/ufc-cal/ics/UFC.ics.
Jul 17 04:10:50 server node[1473476]: [2026-07-16 22:10:50.386] [INFO]  [calendar] Broadcasting 12 events from https://www.officeholidays.com/ics-fed/usa.
Jul 17 04:10:51 server node[1473476]: [2026-07-16 22:10:51.647] [LOG]   [MMM-SecondBrain] [MMM-SecondBrain] Publishing 2 item(s) to display.
Jul 17 04:10:54 server node[1473476]: [2026-07-16 22:10:54.542] [INFO]  [calendar] Broadcasting 656 events from https://cloud.example.com/REDACTED_PRIVATE_PATH
Jul 17 04:10:56 server node[1473476]: [2026-07-16 22:10:56.311] [INFO]  [calendar] Broadcasting 8 events from https://butterflytherapeutics.janeapp.com/REDACTED_PRIVATE_PATH
Jul 17 04:11:01 server node[1473476]: [2026-07-16 22:11:01.667] [LOG]   [MMM-SecondBrain] [MMM-SecondBrain] Publishing 2 item(s) to display.
Jul 17 04:11:52 server node[1473476]: [2026-07-16 22:11:52.125] [LOG]   [MMM-SecondBrain] [MMM-SecondBrain] Publishing 2 item(s) to display.
Jul 17 04:12:01 server node[1473476]: [2026-07-16 22:12:01.745] [LOG]   [MMM-SecondBrain] [MMM-SecondBrain] Publishing 2 item(s) to display.
Jul 17 04:12:53 server node[1473476]: [2026-07-16 22:12:53.271] [LOG]   [MMM-SecondBrain] [MMM-SecondBrain] Publishing 2 item(s) to display.
Jul 17 04:13:01 server node[1473476]: [2026-07-16 22:13:01.827] [LOG]   [MMM-SecondBrain] [MMM-SecondBrain] Publishing 2 item(s) to display.
Jul 17 04:13:51 server node[1473476]: [2026-07-16 22:13:51.695] [LOG]   [MMM-SecondBrain] [MMM-SecondBrain] Publishing 2 item(s) to display.
Jul 17 04:14:01 server node[1473476]: [2026-07-16 22:14:01.542] [LOG]   [MMM-SecondBrain] [MMM-SecondBrain] Publishing 2 item(s) to display.
Jul 17 04:14:51 server node[1473476]: [2026-07-16 22:14:51.550] [LOG]   [MMM-SecondBrain] [MMM-SecondBrain] Publishing 2 item(s) to display.
Jul 17 04:15:01 server node[1473476]: [2026-07-16 22:15:01.550] [LOG]   [MMM-SecondBrain] [MMM-SecondBrain] Publishing 2 item(s) to display.
Jul 17 04:15:51 server node[1473476]: [2026-07-16 22:15:51.767] [LOG]   [MMM-SecondBrain] [MMM-SecondBrain] Publishing 1 item(s) to display.
Jul 17 04:16:01 server node[1473476]: [2026-07-16 22:16:01.685] [LOG]   [MMM-SecondBrain] [MMM-SecondBrain] Publishing 1 item(s) to display.
Jul 17 04:16:51 server node[1473476]: [2026-07-16 22:16:51.665] [LOG]   [MMM-SecondBrain] [MMM-SecondBrain] Publishing 1 item(s) to display.
Jul 17 04:17:01 server node[1473476]: [2026-07-16 22:17:01.910] [LOG]   [MMM-SecondBrain] [MMM-SecondBrain] Publishing 1 item(s) to display.
Jul 17 04:18:02 server node[1473476]: [2026-07-16 22:18:02.803] [LOG]   [MMM-SecondBrain] [MMM-SecondBrain] Publishing 1 item(s) to display.
Jul 17 04:19:00 server node[1473476]: [2026-07-16 22:19:00.126] [LOG]   [MMM-SecondBrain] [MMM-SecondBrain] Publishing 1 item(s) to display.
Jul 17 04:19:51 server node[1473476]: [2026-07-16 22:19:51.555] [LOG]   [MMM-SecondBrain] [MMM-SecondBrain] Publishing 1 item(s) to display.
Jul 17 04:20:01 server node[1473476]: [2026-07-16 22:20:01.683] [LOG]   [MMM-SecondBrain] [MMM-SecondBrain] Publishing 1 item(s) to display.
Jul 17 04:20:51 server node[1473476]: [2026-07-16 22:20:51.981] [LOG]   [MMM-SecondBrain] [MMM-SecondBrain] Publishing 1 item(s) to display.
Jul 17 04:21:01 server node[1473476]: [2026-07-16 22:21:01.354] [LOG]   [MMM-SecondBrain] [MMM-SecondBrain] Publishing 1 item(s) to display.
Jul 17 04:21:51 server node[1473476]: [2026-07-16 22:21:51.867] [LOG]   [MMM-SecondBrain] [MMM-SecondBrain] Publishing 1 item(s) to display.
Jul 17 04:22:02 server node[1473476]: [2026-07-16 22:22:02.602] [LOG]   [MMM-SecondBrain] [MMM-SecondBrain] Publishing 1 item(s) to display.
Jul 17 04:22:51 server node[1473476]: [2026-07-16 22:22:51.511] [LOG]   [MMM-SecondBrain] [MMM-SecondBrain] Publishing 1 item(s) to display.
Jul 17 04:23:01 server node[1473476]: [2026-07-16 22:23:01.910] [LOG]   [MMM-SecondBrain] [MMM-SecondBrain] Publishing 1 item(s) to display.
Jul 17 04:23:57 server node[1473476]: [2026-07-16 22:23:57.131] [LOG]   [MMM-SecondBrain] [MMM-SecondBrain] Publishing 1 item(s) to display.
Jul 17 04:24:51 server node[1473476]: [2026-07-16 22:24:51.705] [LOG]   [MMM-SecondBrain] [MMM-SecondBrain] Publishing 1 item(s) to display.
Jul 17 04:25:01 server node[1473476]: [2026-07-16 22:25:01.871] [LOG]   [MMM-SecondBrain] [MMM-SecondBrain] Publishing 1 item(s) to display.
Jul 17 04:25:10 server systemd[1]: Stopping magicmirror.service - MagicMirror wall dashboard...
Jul 17 04:25:10 server node[1473476]: [2026-07-16 22:25:10.889] [LOG]   [app] [SIGTERM] Received. Shutting down server...
Jul 17 04:25:10 server node[1473476]: [2026-07-16 22:25:10.907] [LOG]   [node_helper] Stopping module helper: calendar
Jul 17 04:25:10 server node[1473476]: [2026-07-16 22:25:10.907] [LOG]   [node_helper] Stopping module helper: MMM-CalendarExt3
Jul 17 04:25:10 server node[1473476]: [2026-07-16 22:25:10.907] [LOG]   [node_helper] Stopping module helper: weather
Jul 17 04:25:10 server node[1473476]: [2026-07-16 22:25:10.907] [LOG]   [node_helper] Stopping module helper: MMM-CalendarExt3Agenda
Jul 17 04:25:10 server node[1473476]: [2026-07-16 22:25:10.907] [LOG]   [app] Node_helpers stopped ...
Jul 17 04:25:10 server systemd[1]: magicmirror.service: Deactivated successfully.
Jul 17 04:25:10 server systemd[1]: Stopped magicmirror.service - MagicMirror wall dashboard.
Jul 17 04:25:10 server systemd[1]: magicmirror.service: Consumed 12.990s CPU time.
Jul 17 04:25:10 server systemd[1]: Started magicmirror.service - MagicMirror wall dashboard.
Jul 17 04:25:12 server node[1590921]: [2026-07-16 22:25:12.150] [LOG]   [app] Starting MagicMirror: v2.37.0
Jul 17 04:25:12 server node[1590921]: [2026-07-16 22:25:12.165] [LOG]   [utils] Loading config ...
Jul 17 04:25:12 server node[1590921]: [2026-07-16 22:25:12.186] [INFO]  [utils] Checking config file /opt/MagicMirror/config/config.js ...
Jul 17 04:25:12 server node[1590921]: [2026-07-16 22:25:12.228] [INFO]  [utils] Your configuration file doesn't contain syntax errors :)
Jul 17 04:25:12 server node[1590921]: [2026-07-16 22:25:12.228] [INFO]  [utils] Checking modules structure configuration ...
Jul 17 04:25:12 server node[1590921]: [2026-07-16 22:25:12.229] [INFO]  [utils] Your modules structure configuration doesn't contain errors :)
Jul 17 04:25:12 server node[1590921]: [2026-07-16 22:25:12.230] [LOG]   [app] Loading module helpers ...
Jul 17 04:25:13 server node[1590921]: [2026-07-16 22:25:13.012] [LOG]   [node_helper] Initializing new module helper ...
Jul 17 04:25:13 server node[1590921]: [2026-07-16 22:25:13.013] [LOG]   [node_helper] Module helper loaded: calendar
Jul 17 04:25:13 server node[1590921]: [2026-07-16 22:25:13.037] [LOG]   [node_helper] Initializing new module helper ...
Jul 17 04:25:13 server node[1590921]: [2026-07-16 22:25:13.037] [LOG]   [node_helper] Module helper loaded: MMM-CalendarExt3
Jul 17 04:25:13 server node[1590921]: [2026-07-16 22:25:13.038] [LOG]   [app] No helper found for module: clock.
Jul 17 04:25:13 server node[1590921]: [2026-07-16 22:25:13.039] [LOG]   [node_helper] Initializing new module helper ...
Jul 17 04:25:13 server node[1590921]: [2026-07-16 22:25:13.039] [LOG]   [node_helper] Module helper loaded: weather
Jul 17 04:25:14 server node[1590921]: [2026-07-16 22:25:14.722] [LOG]   [node_helper] Initializing new module helper ...
Jul 17 04:25:14 server node[1590921]: [2026-07-16 22:25:14.723] [LOG]   [node_helper] Module helper loaded: MMM-SecondBrain
Jul 17 04:25:14 server node[1590921]: [2026-07-16 22:25:14.760] [LOG]   [node_helper] Initializing new module helper ...
Jul 17 04:25:14 server node[1590921]: [2026-07-16 22:25:14.761] [LOG]   [node_helper] Module helper loaded: MMM-CalendarExt3Agenda
Jul 17 04:25:14 server node[1590921]: [2026-07-16 22:25:14.761] [LOG]   [app] No helper found for module: MMM-SolarTheme.
Jul 17 04:25:14 server node[1590921]: [2026-07-16 22:25:14.761] [LOG]   [app] No helper found for module: MMM-CalendarLiveHeader.
Jul 17 04:25:14 server node[1590921]: [2026-07-16 22:25:14.761] [LOG]   [app] All module helpers loaded.
Jul 17 04:25:14 server node[1590921]: [2026-07-16 22:25:14.765] [LOG]   [server] Starting server on port 43761 ...
Jul 17 04:25:14 server node[1590921]: [2026-07-16 22:25:14.772] [LOG]   [app] Server started ...
Jul 17 04:25:14 server node[1590921]: [2026-07-16 22:25:14.773] [LOG]   [node_helper] Connecting socket for: calendar
Jul 17 04:25:14 server node[1590921]: [2026-07-16 22:25:14.773] [LOG]   [calendar] Starting node helper for: calendar
Jul 17 04:25:14 server node[1590921]: [2026-07-16 22:25:14.773] [LOG]   [node_helper] Connecting socket for: MMM-CalendarExt3
Jul 17 04:25:14 server node[1590921]: [2026-07-16 22:25:14.774] [LOG]   [node_helper] Connecting socket for: weather
Jul 17 04:25:14 server node[1590921]: [2026-07-16 22:25:14.774] [LOG]   [weather] Starting node helper for: weather
Jul 17 04:25:14 server node[1590921]: [2026-07-16 22:25:14.774] [LOG]   [node_helper] Connecting socket for: MMM-SecondBrain
Jul 17 04:25:14 server node[1590921]: [2026-07-16 22:25:14.774] [LOG]   [node_helper] Connecting socket for: MMM-CalendarExt3Agenda
Jul 17 04:25:14 server node[1590921]: [2026-07-16 22:25:14.774] [LOG]   [app] Sockets connected & modules started ...
Jul 17 04:25:14 server node[1590921]: [2026-07-16 22:25:14.775] [INFO]  [serveronly]
Jul 17 04:25:14 server node[1590921]: >>>   Ready to go! Please point your browser to: http://127.0.0.1:43761   <<<
Jul 17 04:25:14 server node[1590961]: [2026-07-16 22:25:14.897] [INFO]  [systeminformation]
Jul 17 04:25:14 server node[1590961]: ####  System Information  ####
Jul 17 04:25:14 server node[1590961]: - MM:       version: v2.37.0; git: 4b4a595; branch: HEAD
Jul 17 04:25:14 server node[1590961]: - SYSTEM:   manufacturer: ASUS; model: All Series; virtual: false
Jul 17 04:25:14 server node[1590961]: - OS:       platform: linux; distro: Ubuntu; release: 24.04.4 LTS; arch: x64; kernel: 6.8.0-134-generic
Jul 17 04:25:14 server node[1590961]: - VERSIONS: electron: undefined; used node: 22.23.1; installed node: 22.23.1; npm: 10.9.8; pm2:
Jul 17 04:25:14 server node[1590961]: - ENV:      XDG_SESSION_TYPE: undefined; MM_CONFIG_FILE: undefined
Jul 17 04:25:14 server node[1590961]:             WAYLAND_DISPLAY:  undefined; DISPLAY: undefined; ELECTRON_ENABLE_GPU: undefined
Jul 17 04:25:14 server node[1590961]: - RAM:      total: 15867.98 MB; free: 10549.10 MB; used: 5318.88 MB
Jul 17 04:25:14 server node[1590961]: - OTHERS:   uptime: 1373 minutes; timeZone: America/Denver
Jul 17 04:25:18 server systemd[1]: Stopping magicmirror.service - MagicMirror wall dashboard...
Jul 17 04:25:18 server node[1590921]: [2026-07-16 22:25:18.492] [LOG]   [app] [SIGTERM] Received. Shutting down server...
Jul 17 04:25:18 server node[1590921]: [2026-07-16 22:25:18.492] [LOG]   [node_helper] Stopping module helper: calendar
Jul 17 04:25:18 server node[1590921]: [2026-07-16 22:25:18.492] [LOG]   [node_helper] Stopping module helper: MMM-CalendarExt3
Jul 17 04:25:18 server node[1590921]: [2026-07-16 22:25:18.492] [LOG]   [node_helper] Stopping module helper: weather
Jul 17 04:25:18 server node[1590921]: [2026-07-16 22:25:18.492] [LOG]   [node_helper] Stopping module helper: MMM-CalendarExt3Agenda
Jul 17 04:25:18 server node[1590921]: [2026-07-16 22:25:18.493] [LOG]   [app] Node_helpers stopped ...
Jul 17 04:25:18 server systemd[1]: magicmirror.service: Deactivated successfully.
Jul 17 04:25:18 server systemd[1]: Stopped magicmirror.service - MagicMirror wall dashboard.
Jul 17 04:25:18 server systemd[1]: magicmirror.service: Consumed 2.035s CPU time.
Jul 17 04:25:18 server systemd[1]: Started magicmirror.service - MagicMirror wall dashboard.
Jul 17 04:25:18 server node[1591269]: [2026-07-16 22:25:18.774] [LOG]   [app] Starting MagicMirror: v2.37.0
Jul 17 04:25:18 server node[1591269]: [2026-07-16 22:25:18.778] [LOG]   [utils] Loading config ...
Jul 17 04:25:18 server node[1591269]: [2026-07-16 22:25:18.780] [INFO]  [utils] Checking config file /opt/MagicMirror/config/config.js ...
Jul 17 04:25:18 server node[1591269]: [2026-07-16 22:25:18.820] [INFO]  [utils] Your configuration file doesn't contain syntax errors :)
Jul 17 04:25:18 server node[1591269]: [2026-07-16 22:25:18.820] [INFO]  [utils] Checking modules structure configuration ...
Jul 17 04:25:18 server node[1591269]: [2026-07-16 22:25:18.821] [INFO]  [utils] Your modules structure configuration doesn't contain errors :)
Jul 17 04:25:18 server node[1591269]: [2026-07-16 22:25:18.822] [LOG]   [app] Loading module helpers ...
Jul 17 04:25:18 server node[1591269]: [2026-07-16 22:25:18.891] [LOG]   [node_helper] Initializing new module helper ...
Jul 17 04:25:18 server node[1591269]: [2026-07-16 22:25:18.892] [LOG]   [node_helper] Module helper loaded: calendar
Jul 17 04:25:18 server node[1591269]: [2026-07-16 22:25:18.892] [LOG]   [node_helper] Initializing new module helper ...
Jul 17 04:25:18 server node[1591269]: [2026-07-16 22:25:18.893] [LOG]   [node_helper] Module helper loaded: MMM-CalendarExt3
Jul 17 04:25:18 server node[1591269]: [2026-07-16 22:25:18.893] [LOG]   [app] No helper found for module: clock.
Jul 17 04:25:18 server node[1591269]: [2026-07-16 22:25:18.894] [LOG]   [node_helper] Initializing new module helper ...
Jul 17 04:25:18 server node[1591269]: [2026-07-16 22:25:18.894] [LOG]   [node_helper] Module helper loaded: weather
Jul 17 04:25:19 server node[1591269]: [2026-07-16 22:25:19.040] [LOG]   [node_helper] Initializing new module helper ...
Jul 17 04:25:19 server node[1591269]: [2026-07-16 22:25:19.040] [LOG]   [node_helper] Module helper loaded: MMM-SecondBrain
Jul 17 04:25:19 server node[1591269]: [2026-07-16 22:25:19.041] [LOG]   [node_helper] Initializing new module helper ...
Jul 17 04:25:19 server node[1591269]: [2026-07-16 22:25:19.041] [LOG]   [node_helper] Module helper loaded: MMM-CalendarExt3Agenda
Jul 17 04:25:19 server node[1591269]: [2026-07-16 22:25:19.041] [LOG]   [app] No helper found for module: MMM-SolarTheme.
Jul 17 04:25:19 server node[1591269]: [2026-07-16 22:25:19.041] [LOG]   [app] No helper found for module: MMM-CalendarLiveHeader.
Jul 17 04:25:19 server node[1591269]: [2026-07-16 22:25:19.041] [LOG]   [app] All module helpers loaded.
Jul 17 04:25:19 server node[1591269]: [2026-07-16 22:25:19.044] [LOG]   [server] Starting server on port 43761 ...
Jul 17 04:25:19 server node[1591269]: [2026-07-16 22:25:19.053] [LOG]   [app] Server started ...
Jul 17 04:25:19 server node[1591269]: [2026-07-16 22:25:19.053] [LOG]   [node_helper] Connecting socket for: calendar
Jul 17 04:25:19 server node[1591269]: [2026-07-16 22:25:19.053] [LOG]   [calendar] Starting node helper for: calendar
Jul 17 04:25:19 server node[1591269]: [2026-07-16 22:25:19.053] [LOG]   [node_helper] Connecting socket for: MMM-CalendarExt3
Jul 17 04:25:19 server node[1591269]: [2026-07-16 22:25:19.054] [LOG]   [node_helper] Connecting socket for: weather
Jul 17 04:25:19 server node[1591269]: [2026-07-16 22:25:19.054] [LOG]   [weather] Starting node helper for: weather
Jul 17 04:25:19 server node[1591269]: [2026-07-16 22:25:19.054] [LOG]   [node_helper] Connecting socket for: MMM-SecondBrain
Jul 17 04:25:19 server node[1591269]: [2026-07-16 22:25:19.055] [LOG]   [node_helper] Connecting socket for: MMM-CalendarExt3Agenda
Jul 17 04:25:19 server node[1591269]: [2026-07-16 22:25:19.055] [LOG]   [app] Sockets connected & modules started ...
Jul 17 04:25:19 server node[1591269]: [2026-07-16 22:25:19.055] [INFO]  [serveronly]
Jul 17 04:25:19 server node[1591269]: >>>   Ready to go! Please point your browser to: http://127.0.0.1:43761   <<<
Jul 17 04:25:19 server node[1591278]: [2026-07-16 22:25:19.389] [INFO]  [systeminformation]
Jul 17 04:25:19 server node[1591278]: ####  System Information  ####
Jul 17 04:25:19 server node[1591278]: - MM:       version: v2.37.0; git: 4b4a595; branch: HEAD
Jul 17 04:25:19 server node[1591278]: - SYSTEM:   manufacturer: ASUS; model: All Series; virtual: false
Jul 17 04:25:19 server node[1591278]: - OS:       platform: linux; distro: Ubuntu; release: 24.04.4 LTS; arch: x64; kernel: 6.8.0-134-generic
Jul 17 04:25:19 server node[1591278]: - VERSIONS: electron: undefined; used node: 22.23.1; installed node: 22.23.1; npm: 10.9.8; pm2:
Jul 17 04:25:19 server node[1591278]: - ENV:      XDG_SESSION_TYPE: undefined; MM_CONFIG_FILE: undefined
Jul 17 04:25:19 server node[1591278]:             WAYLAND_DISPLAY:  undefined; DISPLAY: undefined; ELECTRON_ENABLE_GPU: undefined
Jul 17 04:25:19 server node[1591278]: - RAM:      total: 15867.98 MB; free: 10682.01 MB; used: 5185.96 MB
Jul 17 04:25:19 server node[1591278]: - OTHERS:   uptime: 1373 minutes; timeZone: America/Denver
Jul 17 04:25:51 server node[1591269]: [2026-07-16 22:25:51.917] [LOG]   [MMM-SecondBrain] [MMM-SecondBrain] Publishing 1 item(s) to display.
Jul 17 04:26:53 server node[1591269]: [2026-07-16 22:26:53.035] [LOG]   [MMM-SecondBrain] [MMM-SecondBrain] Publishing 1 item(s) to display.
Jul 17 04:26:59 server systemd[1]: Stopping magicmirror.service - MagicMirror wall dashboard...
Jul 17 04:26:59 server node[1591269]: [2026-07-16 22:26:59.888] [LOG]   [app] [SIGTERM] Received. Shutting down server...
Jul 17 04:26:59 server node[1591269]: [2026-07-16 22:26:59.888] [LOG]   [node_helper] Stopping module helper: calendar
Jul 17 04:26:59 server node[1591269]: [2026-07-16 22:26:59.888] [LOG]   [node_helper] Stopping module helper: MMM-CalendarExt3
Jul 17 04:26:59 server node[1591269]: [2026-07-16 22:26:59.888] [LOG]   [node_helper] Stopping module helper: weather
Jul 17 04:26:59 server node[1591269]: [2026-07-16 22:26:59.889] [LOG]   [node_helper] Stopping module helper: MMM-CalendarExt3Agenda
Jul 17 04:26:59 server node[1591269]: [2026-07-16 22:26:59.889] [LOG]   [app] Node_helpers stopped ...
Jul 17 04:26:59 server systemd[1]: magicmirror.service: Deactivated successfully.
Jul 17 04:26:59 server systemd[1]: Stopped magicmirror.service - MagicMirror wall dashboard.
Jul 17 04:26:59 server systemd[1]: magicmirror.service: Consumed 2.005s CPU time.
Jul 17 04:26:59 server systemd[1]: Started magicmirror.service - MagicMirror wall dashboard.
Jul 17 04:27:02 server node[1593519]: [2026-07-16 22:27:02.515] [LOG]   [app] Starting MagicMirror: v2.37.0
Jul 17 04:27:02 server node[1593519]: [2026-07-16 22:27:02.536] [LOG]   [utils] Loading config ...
Jul 17 04:27:02 server node[1593519]: [2026-07-16 22:27:02.562] [INFO]  [utils] Checking config file /opt/MagicMirror/config/config.js ...
Jul 17 04:27:02 server node[1593519]: [2026-07-16 22:27:02.624] [INFO]  [utils] Your configuration file doesn't contain syntax errors :)
Jul 17 04:27:02 server node[1593519]: [2026-07-16 22:27:02.624] [INFO]  [utils] Checking modules structure configuration ...
Jul 17 04:27:02 server node[1593519]: [2026-07-16 22:27:02.629] [INFO]  [utils] Your modules structure configuration doesn't contain errors :)
Jul 17 04:27:02 server node[1593519]: [2026-07-16 22:27:02.630] [LOG]   [app] Loading module helpers ...
Jul 17 04:27:03 server node[1593519]: [2026-07-16 22:27:03.524] [LOG]   [node_helper] Initializing new module helper ...
Jul 17 04:27:03 server node[1593519]: [2026-07-16 22:27:03.524] [LOG]   [node_helper] Module helper loaded: calendar
Jul 17 04:27:03 server node[1593519]: [2026-07-16 22:27:03.564] [LOG]   [node_helper] Initializing new module helper ...
Jul 17 04:27:03 server node[1593519]: [2026-07-16 22:27:03.564] [LOG]   [node_helper] Module helper loaded: MMM-CalendarExt3
Jul 17 04:27:03 server node[1593519]: [2026-07-16 22:27:03.565] [LOG]   [app] No helper found for module: clock.
Jul 17 04:27:03 server node[1593519]: [2026-07-16 22:27:03.565] [LOG]   [node_helper] Initializing new module helper ...
Jul 17 04:27:03 server node[1593519]: [2026-07-16 22:27:03.565] [LOG]   [node_helper] Module helper loaded: weather
Jul 17 04:27:04 server node[1593561]: [2026-07-16 22:27:04.846] [INFO]  [systeminformation]
Jul 17 04:27:04 server node[1593561]: ####  System Information  ####
Jul 17 04:27:04 server node[1593561]: - MM:       version: v2.37.0; git: 4b4a595; branch: HEAD
Jul 17 04:27:04 server node[1593561]: - SYSTEM:   manufacturer: ASUS; model: All Series; virtual: false
Jul 17 04:27:04 server node[1593561]: - OS:       platform: linux; distro: Ubuntu; release: 24.04.4 LTS; arch: x64; kernel: 6.8.0-134-generic
Jul 17 04:27:04 server node[1593561]: - VERSIONS: electron: undefined; used node: 22.23.1; installed node: 22.23.1; npm: 10.9.8; pm2:
Jul 17 04:27:04 server node[1593561]: - ENV:      XDG_SESSION_TYPE: undefined; MM_CONFIG_FILE: undefined
Jul 17 04:27:04 server node[1593561]:             WAYLAND_DISPLAY:  undefined; DISPLAY: undefined; ELECTRON_ENABLE_GPU: undefined
Jul 17 04:27:04 server node[1593561]: - RAM:      total: 15867.98 MB; free: 10536.70 MB; used: 5331.28 MB
Jul 17 04:27:04 server node[1593561]: - OTHERS:   uptime: 1375 minutes; timeZone: America/Denver
Jul 17 04:27:05 server node[1593519]: [2026-07-16 22:27:05.323] [LOG]   [node_helper] Initializing new module helper ...
Jul 17 04:27:05 server node[1593519]: [2026-07-16 22:27:05.323] [LOG]   [node_helper] Module helper loaded: MMM-SecondBrain
Jul 17 04:27:05 server node[1593519]: [2026-07-16 22:27:05.338] [LOG]   [node_helper] Initializing new module helper ...
Jul 17 04:27:05 server node[1593519]: [2026-07-16 22:27:05.338] [LOG]   [node_helper] Module helper loaded: MMM-CalendarExt3Agenda
Jul 17 04:27:05 server node[1593519]: [2026-07-16 22:27:05.338] [LOG]   [app] No helper found for module: MMM-SolarTheme.
Jul 17 04:27:05 server node[1593519]: [2026-07-16 22:27:05.338] [LOG]   [app] No helper found for module: MMM-CalendarLiveHeader.
Jul 17 04:27:05 server node[1593519]: [2026-07-16 22:27:05.338] [LOG]   [app] All module helpers loaded.
Jul 17 04:27:05 server node[1593519]: [2026-07-16 22:27:05.341] [LOG]   [server] Starting server on port 43761 ...
Jul 17 04:27:05 server node[1593519]: [2026-07-16 22:27:05.348] [LOG]   [app] Server started ...
Jul 17 04:27:05 server node[1593519]: [2026-07-16 22:27:05.349] [LOG]   [node_helper] Connecting socket for: calendar
Jul 17 04:27:05 server node[1593519]: [2026-07-16 22:27:05.349] [LOG]   [calendar] Starting node helper for: calendar
Jul 17 04:27:05 server node[1593519]: [2026-07-16 22:27:05.349] [LOG]   [node_helper] Connecting socket for: MMM-CalendarExt3
Jul 17 04:27:05 server node[1593519]: [2026-07-16 22:27:05.350] [LOG]   [node_helper] Connecting socket for: weather
Jul 17 04:27:05 server node[1593519]: [2026-07-16 22:27:05.350] [LOG]   [weather] Starting node helper for: weather
Jul 17 04:27:05 server node[1593519]: [2026-07-16 22:27:05.350] [LOG]   [node_helper] Connecting socket for: MMM-SecondBrain
Jul 17 04:27:05 server node[1593519]: [2026-07-16 22:27:05.350] [LOG]   [node_helper] Connecting socket for: MMM-CalendarExt3Agenda
Jul 17 04:27:05 server node[1593519]: [2026-07-16 22:27:05.350] [LOG]   [app] Sockets connected & modules started ...
Jul 17 04:27:05 server node[1593519]: [2026-07-16 22:27:05.351] [INFO]  [serveronly]
Jul 17 04:27:05 server node[1593519]: >>>   Ready to go! Please point your browser to: http://127.0.0.1:43761   <<<
Jul 17 04:27:51 server node[1593519]: [2026-07-16 22:27:51.414] [LOG]   [MMM-SecondBrain] [MMM-SecondBrain] Publishing 1 item(s) to display.
Jul 17 04:28:51 server node[1593519]: [2026-07-16 22:28:51.858] [LOG]   [MMM-SecondBrain] [MMM-SecondBrain] Publishing 1 item(s) to display.
Jul 17 04:29:51 server node[1593519]: [2026-07-16 22:29:51.621] [LOG]   [MMM-SecondBrain] [MMM-SecondBrain] Publishing 1 item(s) to display.
Jul 17 04:30:58 server node[1593519]: [2026-07-16 22:30:58.311] [LOG]   [MMM-SecondBrain] [MMM-SecondBrain] Publishing 1 item(s) to display.
Jul 17 04:31:51 server node[1593519]: [2026-07-16 22:31:51.949] [LOG]   [MMM-SecondBrain] [MMM-SecondBrain] Publishing 1 item(s) to display.
Jul 17 04:32:51 server node[1593519]: [2026-07-16 22:32:51.994] [LOG]   [MMM-SecondBrain] [MMM-SecondBrain] Publishing 1 item(s) to display.
Jul 17 04:33:52 server node[1593519]: [2026-07-16 22:33:52.746] [LOG]   [MMM-SecondBrain] [MMM-SecondBrain] Publishing 1 item(s) to display.
Jul 17 04:34:52 server node[1593519]: [2026-07-16 22:34:52.562] [LOG]   [MMM-SecondBrain] [MMM-SecondBrain] Publishing 1 item(s) to display.
Jul 17 04:35:59 server node[1593519]: [2026-07-16 22:35:59.273] [LOG]   [MMM-SecondBrain] [MMM-SecondBrain] Publishing 1 item(s) to display.
Jul 17 04:36:51 server node[1593519]: [2026-07-16 22:36:51.591] [LOG]   [MMM-SecondBrain] [MMM-SecondBrain] Publishing 1 item(s) to display.
Jul 17 04:37:51 server node[1593519]: [2026-07-16 22:37:51.170] [LOG]   [MMM-SecondBrain] [MMM-SecondBrain] Publishing 1 item(s) to display.
Jul 17 04:39:39 server node[1593519]: [2026-07-16 22:39:39.869] [LOG]   [MMM-SecondBrain] [MMM-SecondBrain] Publishing 1 item(s) to display.
Jul 17 04:41:05 server node[1593519]: [2026-07-16 22:41:05.970] [LOG]   [MMM-SecondBrain] [MMM-SecondBrain] Publishing 1 item(s) to display.
Jul 17 04:41:51 server node[1593519]: [2026-07-16 22:41:51.802] [LOG]   [MMM-SecondBrain] [MMM-SecondBrain] Publishing 1 item(s) to display.
Jul 17 04:42:15 server systemd[1]: Stopping magicmirror.service - MagicMirror wall dashboard...
Jul 17 04:42:15 server node[1593519]: [2026-07-16 22:42:15.096] [LOG]   [app] [SIGTERM] Received. Shutting down server...
Jul 17 04:42:15 server node[1593519]: [2026-07-16 22:42:15.096] [LOG]   [node_helper] Stopping module helper: calendar
Jul 17 04:42:15 server node[1593519]: [2026-07-16 22:42:15.096] [LOG]   [node_helper] Stopping module helper: MMM-CalendarExt3
Jul 17 04:42:15 server node[1593519]: [2026-07-16 22:42:15.096] [LOG]   [node_helper] Stopping module helper: weather
Jul 17 04:42:15 server node[1593519]: [2026-07-16 22:42:15.097] [LOG]   [node_helper] Stopping module helper: MMM-CalendarExt3Agenda
Jul 17 04:42:15 server node[1593519]: [2026-07-16 22:42:15.097] [LOG]   [app] Node_helpers stopped ...
Jul 17 04:42:15 server systemd[1]: magicmirror.service: Deactivated successfully.
Jul 17 04:42:15 server systemd[1]: Stopped magicmirror.service - MagicMirror wall dashboard.
Jul 17 04:42:15 server systemd[1]: magicmirror.service: Consumed 3.447s CPU time, 89.0M memory peak, 0B memory swap peak.
Jul 17 04:42:15 server systemd[1]: Started magicmirror.service - MagicMirror wall dashboard.
Jul 17 04:42:15 server node[1612379]: [2026-07-16 22:42:15.541] [LOG]   [app] Starting MagicMirror: v2.37.0
Jul 17 04:42:15 server node[1612379]: [2026-07-16 22:42:15.544] [LOG]   [utils] Loading config ...
Jul 17 04:42:15 server node[1612379]: [2026-07-16 22:42:15.547] [INFO]  [utils] Checking config file /opt/MagicMirror/config/config.js ...
Jul 17 04:42:15 server node[1612379]: [2026-07-16 22:42:15.591] [INFO]  [utils] Your configuration file doesn't contain syntax errors :)
Jul 17 04:42:15 server node[1612379]: [2026-07-16 22:42:15.592] [INFO]  [utils] Checking modules structure configuration ...
Jul 17 04:42:15 server node[1612379]: [2026-07-16 22:42:15.592] [INFO]  [utils] Your modules structure configuration doesn't contain errors :)
Jul 17 04:42:15 server node[1612379]: [2026-07-16 22:42:15.593] [LOG]   [app] Loading module helpers ...
Jul 17 04:42:15 server node[1612379]: [2026-07-16 22:42:15.656] [LOG]   [node_helper] Initializing new module helper ...
Jul 17 04:42:15 server node[1612379]: [2026-07-16 22:42:15.656] [LOG]   [node_helper] Module helper loaded: calendar
Jul 17 04:42:15 server node[1612379]: [2026-07-16 22:42:15.657] [LOG]   [node_helper] Initializing new module helper ...
Jul 17 04:42:15 server node[1612379]: [2026-07-16 22:42:15.657] [LOG]   [node_helper] Module helper loaded: MMM-CalendarExt3
Jul 17 04:42:15 server node[1612379]: [2026-07-16 22:42:15.657] [LOG]   [app] No helper found for module: clock.
Jul 17 04:42:15 server node[1612379]: [2026-07-16 22:42:15.658] [LOG]   [node_helper] Initializing new module helper ...
Jul 17 04:42:15 server node[1612379]: [2026-07-16 22:42:15.658] [LOG]   [node_helper] Module helper loaded: weather
Jul 17 04:42:15 server node[1612379]: [2026-07-16 22:42:15.776] [LOG]   [node_helper] Initializing new module helper ...
Jul 17 04:42:15 server node[1612379]: [2026-07-16 22:42:15.777] [LOG]   [node_helper] Module helper loaded: MMM-SecondBrain
Jul 17 04:42:15 server node[1612379]: [2026-07-16 22:42:15.777] [LOG]   [node_helper] Initializing new module helper ...
Jul 17 04:42:15 server node[1612379]: [2026-07-16 22:42:15.777] [LOG]   [node_helper] Module helper loaded: MMM-CalendarExt3Agenda
Jul 17 04:42:15 server node[1612379]: [2026-07-16 22:42:15.777] [LOG]   [app] No helper found for module: MMM-SolarTheme.
Jul 17 04:42:15 server node[1612379]: [2026-07-16 22:42:15.777] [LOG]   [app] No helper found for module: MMM-CalendarLiveHeader.
Jul 17 04:42:15 server node[1612379]: [2026-07-16 22:42:15.777] [LOG]   [app] All module helpers loaded.
Jul 17 04:42:15 server node[1612379]: [2026-07-16 22:42:15.780] [LOG]   [server] Starting server on port 43761 ...
Jul 17 04:42:15 server node[1612379]: [2026-07-16 22:42:15.788] [LOG]   [app] Server started ...
Jul 17 04:42:15 server node[1612379]: [2026-07-16 22:42:15.788] [LOG]   [node_helper] Connecting socket for: calendar
Jul 17 04:42:15 server node[1612379]: [2026-07-16 22:42:15.788] [LOG]   [calendar] Starting node helper for: calendar
Jul 17 04:42:15 server node[1612379]: [2026-07-16 22:42:15.788] [LOG]   [node_helper] Connecting socket for: MMM-CalendarExt3
Jul 17 04:42:15 server node[1612379]: [2026-07-16 22:42:15.789] [LOG]   [node_helper] Connecting socket for: weather
Jul 17 04:42:15 server node[1612379]: [2026-07-16 22:42:15.789] [LOG]   [weather] Starting node helper for: weather
Jul 17 04:42:15 server node[1612379]: [2026-07-16 22:42:15.789] [LOG]   [node_helper] Connecting socket for: MMM-SecondBrain
Jul 17 04:42:15 server node[1612379]: [2026-07-16 22:42:15.789] [LOG]   [node_helper] Connecting socket for: MMM-CalendarExt3Agenda
Jul 17 04:42:15 server node[1612379]: [2026-07-16 22:42:15.790] [LOG]   [app] Sockets connected & modules started ...
Jul 17 04:42:15 server node[1612379]: [2026-07-16 22:42:15.790] [INFO]  [serveronly]
Jul 17 04:42:15 server node[1612379]: >>>   Ready to go! Please point your browser to: http://127.0.0.1:43761   <<<
Jul 17 04:42:16 server node[1612388]: [2026-07-16 22:42:16.254] [INFO]  [systeminformation]
Jul 17 04:42:16 server node[1612388]: ####  System Information  ####
Jul 17 04:42:16 server node[1612388]: - MM:       version: v2.37.0; git: 4b4a595; branch: HEAD
Jul 17 04:42:16 server node[1612388]: - SYSTEM:   manufacturer: ASUS; model: All Series; virtual: false
Jul 17 04:42:16 server node[1612388]: - OS:       platform: linux; distro: Ubuntu; release: 24.04.4 LTS; arch: x64; kernel: 6.8.0-134-generic
Jul 17 04:42:16 server node[1612388]: - VERSIONS: electron: undefined; used node: 22.23.1; installed node: 22.23.1; npm: 10.9.8; pm2:
Jul 17 04:42:16 server node[1612388]: - ENV:      XDG_SESSION_TYPE: undefined; MM_CONFIG_FILE: undefined
Jul 17 04:42:16 server node[1612388]:             WAYLAND_DISPLAY:  undefined; DISPLAY: undefined; ELECTRON_ENABLE_GPU: undefined
Jul 17 04:42:16 server node[1612388]: - RAM:      total: 15867.98 MB; free: 10596.79 MB; used: 5271.19 MB
Jul 17 04:42:16 server node[1612388]: - OTHERS:   uptime: 1390 minutes; timeZone: America/Denver
Jul 17 04:44:32 server node[1612379]: [2026-07-16 22:44:32.905] [LOG]   [MMM-SecondBrain] [MMM-SecondBrain] Publishing 1 item(s) to display.
Jul 17 04:44:51 server node[1612379]: [2026-07-16 22:44:51.853] [LOG]   [MMM-SecondBrain] [MMM-SecondBrain] Publishing 1 item(s) to display.
Jul 17 04:45:51 server node[1612379]: [2026-07-16 22:45:51.846] [LOG]   [MMM-SecondBrain] [MMM-SecondBrain] Publishing 1 item(s) to display.
Jul 17 04:46:51 server node[1612379]: [2026-07-16 22:46:51.569] [LOG]   [MMM-SecondBrain] [MMM-SecondBrain] Publishing 1 item(s) to display.
Jul 17 04:47:51 server node[1612379]: [2026-07-16 22:47:51.184] [LOG]   [MMM-SecondBrain] [MMM-SecondBrain] Publishing 1 item(s) to display.
Jul 17 04:48:51 server node[1612379]: [2026-07-16 22:48:51.819] [LOG]   [MMM-SecondBrain] [MMM-SecondBrain] Publishing 1 item(s) to display.
Jul 17 04:49:51 server node[1612379]: [2026-07-16 22:49:51.639] [LOG]   [MMM-SecondBrain] [MMM-SecondBrain] Publishing 1 item(s) to display.
Jul 17 04:50:51 server node[1612379]: [2026-07-16 22:50:51.867] [LOG]   [MMM-SecondBrain] [MMM-SecondBrain] Publishing 1 item(s) to display.
Jul 17 04:51:52 server node[1612379]: [2026-07-16 22:51:52.198] [LOG]   [MMM-SecondBrain] [MMM-SecondBrain] Publishing 1 item(s) to display.
Jul 17 04:52:51 server node[1612379]: [2026-07-16 22:52:51.592] [LOG]   [MMM-SecondBrain] [MMM-SecondBrain] Publishing 1 item(s) to display.
Jul 17 04:53:51 server node[1612379]: [2026-07-16 22:53:51.940] [LOG]   [MMM-SecondBrain] [MMM-SecondBrain] Publishing 1 item(s) to display.
Jul 17 04:54:51 server node[1612379]: [2026-07-16 22:54:51.354] [LOG]   [MMM-SecondBrain] [MMM-SecondBrain] Publishing 1 item(s) to display.
Jul 17 04:55:51 server node[1612379]: [2026-07-16 22:55:51.526] [LOG]   [MMM-SecondBrain] [MMM-SecondBrain] Publishing 1 item(s) to display.
Jul 17 04:56:51 server node[1612379]: [2026-07-16 22:56:51.530] [LOG]   [MMM-SecondBrain] [MMM-SecondBrain] Publishing 1 item(s) to display.
Jul 17 04:57:51 server node[1612379]: [2026-07-16 22:57:51.673] [LOG]   [MMM-SecondBrain] [MMM-SecondBrain] Publishing 1 item(s) to display.
Jul 17 04:58:28 server systemd[1]: Stopping magicmirror.service - MagicMirror wall dashboard...
Jul 17 04:58:28 server node[1612379]: [2026-07-16 22:58:28.333] [LOG]   [app] [SIGTERM] Received. Shutting down server...
Jul 17 04:58:28 server node[1612379]: [2026-07-16 22:58:28.333] [LOG]   [node_helper] Stopping module helper: calendar
Jul 17 04:58:28 server node[1612379]: [2026-07-16 22:58:28.333] [LOG]   [node_helper] Stopping module helper: MMM-CalendarExt3
Jul 17 04:58:28 server node[1612379]: [2026-07-16 22:58:28.333] [LOG]   [node_helper] Stopping module helper: weather
Jul 17 04:58:28 server node[1612379]: [2026-07-16 22:58:28.333] [LOG]   [node_helper] Stopping module helper: MMM-CalendarExt3Agenda
Jul 17 04:58:28 server node[1612379]: [2026-07-16 22:58:28.334] [LOG]   [app] Node_helpers stopped ...
Jul 17 04:58:28 server systemd[1]: magicmirror.service: Deactivated successfully.
Jul 17 04:58:28 server systemd[1]: Stopped magicmirror.service - MagicMirror wall dashboard.
Jul 17 04:58:28 server systemd[1]: magicmirror.service: Consumed 3.025s CPU time, 140.9M memory peak, 0B memory swap peak.
Jul 17 04:58:28 server systemd[1]: Started magicmirror.service - MagicMirror wall dashboard.
Jul 17 04:58:30 server node[1632343]: [2026-07-16 22:58:30.036] [LOG]   [app] Starting MagicMirror: v2.37.0
Jul 17 04:58:30 server node[1632343]: [2026-07-16 22:58:30.054] [LOG]   [utils] Loading config ...
Jul 17 04:58:30 server node[1632343]: [2026-07-16 22:58:30.067] [INFO]  [utils] Checking config file /opt/MagicMirror/config/config.js ...
Jul 17 04:58:30 server node[1632343]: [2026-07-16 22:58:30.123] [INFO]  [utils] Your configuration file doesn't contain syntax errors :)
Jul 17 04:58:30 server node[1632343]: [2026-07-16 22:58:30.123] [INFO]  [utils] Checking modules structure configuration ...
Jul 17 04:58:30 server node[1632343]: [2026-07-16 22:58:30.132] [INFO]  [utils] Your modules structure configuration doesn't contain errors :)
Jul 17 04:58:30 server node[1632343]: [2026-07-16 22:58:30.136] [LOG]   [app] Loading module helpers ...
Jul 17 04:58:30 server node[1632343]: [2026-07-16 22:58:30.576] [LOG]   [node_helper] Initializing new module helper ...
Jul 17 04:58:30 server node[1632343]: [2026-07-16 22:58:30.577] [LOG]   [node_helper] Module helper loaded: calendar
Jul 17 04:58:30 server node[1632343]: [2026-07-16 22:58:30.601] [LOG]   [node_helper] Initializing new module helper ...
Jul 17 04:58:30 server node[1632343]: [2026-07-16 22:58:30.601] [LOG]   [node_helper] Module helper loaded: MMM-CalendarExt3
Jul 17 04:58:30 server node[1632343]: [2026-07-16 22:58:30.602] [LOG]   [app] No helper found for module: clock.
Jul 17 04:58:30 server node[1632343]: [2026-07-16 22:58:30.603] [LOG]   [node_helper] Initializing new module helper ...
Jul 17 04:58:30 server node[1632343]: [2026-07-16 22:58:30.604] [LOG]   [node_helper] Module helper loaded: weather
Jul 17 04:58:30 server node[1632343]: [2026-07-16 22:58:30.757] [LOG]   [node_helper] Initializing new module helper ...
Jul 17 04:58:30 server node[1632343]: [2026-07-16 22:58:30.757] [LOG]   [node_helper] Module helper loaded: MMM-SecondBrain
Jul 17 04:58:30 server node[1632343]: [2026-07-16 22:58:30.784] [LOG]   [node_helper] Initializing new module helper ...
Jul 17 04:58:30 server node[1632343]: [2026-07-16 22:58:30.784] [LOG]   [node_helper] Module helper loaded: MMM-CalendarExt3Agenda
Jul 17 04:58:30 server node[1632343]: [2026-07-16 22:58:30.784] [LOG]   [app] No helper found for module: MMM-SolarTheme.
Jul 17 04:58:30 server node[1632343]: [2026-07-16 22:58:30.784] [LOG]   [app] No helper found for module: MMM-CalendarLiveHeader.
Jul 17 04:58:30 server node[1632343]: [2026-07-16 22:58:30.784] [LOG]   [app] All module helpers loaded.
Jul 17 04:58:30 server node[1632343]: [2026-07-16 22:58:30.787] [LOG]   [server] Starting server on port 43761 ...
Jul 17 04:58:30 server node[1632343]: [2026-07-16 22:58:30.794] [LOG]   [app] Server started ...
Jul 17 04:58:30 server node[1632343]: [2026-07-16 22:58:30.794] [LOG]   [node_helper] Connecting socket for: calendar
Jul 17 04:58:30 server node[1632343]: [2026-07-16 22:58:30.795] [LOG]   [calendar] Starting node helper for: calendar
Jul 17 04:58:30 server node[1632343]: [2026-07-16 22:58:30.795] [LOG]   [node_helper] Connecting socket for: MMM-CalendarExt3
Jul 17 04:58:30 server node[1632343]: [2026-07-16 22:58:30.796] [LOG]   [node_helper] Connecting socket for: weather
Jul 17 04:58:30 server node[1632343]: [2026-07-16 22:58:30.796] [LOG]   [weather] Starting node helper for: weather
Jul 17 04:58:30 server node[1632343]: [2026-07-16 22:58:30.796] [LOG]   [node_helper] Connecting socket for: MMM-SecondBrain
Jul 17 04:58:30 server node[1632343]: [2026-07-16 22:58:30.796] [LOG]   [node_helper] Connecting socket for: MMM-CalendarExt3Agenda
Jul 17 04:58:30 server node[1632343]: [2026-07-16 22:58:30.796] [LOG]   [app] Sockets connected & modules started ...
Jul 17 04:58:30 server node[1632343]: [2026-07-16 22:58:30.797] [INFO]  [serveronly]
Jul 17 04:58:30 server node[1632343]: >>>   Ready to go! Please point your browser to: http://127.0.0.1:43761   <<<
Jul 17 04:58:31 server node[1632403]: [2026-07-16 22:58:31.381] [INFO]  [systeminformation]
Jul 17 04:58:31 server node[1632403]: ####  System Information  ####
Jul 17 04:58:31 server node[1632403]: - MM:       version: v2.37.0; git: 4b4a595; branch: HEAD
Jul 17 04:58:31 server node[1632403]: - SYSTEM:   manufacturer: ASUS; model: All Series; virtual: false
Jul 17 04:58:31 server node[1632403]: - OS:       platform: linux; distro: Ubuntu; release: 24.04.4 LTS; arch: x64; kernel: 6.8.0-134-generic
Jul 17 04:58:31 server node[1632403]: - VERSIONS: electron: undefined; used node: 22.23.1; installed node: 22.23.1; npm: 10.9.8; pm2:
Jul 17 04:58:31 server node[1632403]: - ENV:      XDG_SESSION_TYPE: undefined; MM_CONFIG_FILE: undefined
Jul 17 04:58:31 server node[1632403]:             WAYLAND_DISPLAY:  undefined; DISPLAY: undefined; ELECTRON_ENABLE_GPU: undefined
Jul 17 04:58:31 server node[1632403]: - RAM:      total: 15867.98 MB; free: 10902.23 MB; used: 4965.75 MB
Jul 17 04:58:31 server node[1632403]: - OTHERS:   uptime: 1407 minutes; timeZone: America/Denver
Jul 17 04:58:51 server node[1632343]: [2026-07-16 22:58:51.728] [LOG]   [MMM-SecondBrain] [MMM-SecondBrain] Publishing 1 item(s) to display.
Jul 17 04:59:51 server node[1632343]: [2026-07-16 22:59:51.666] [LOG]   [MMM-SecondBrain] [MMM-SecondBrain] Publishing 1 item(s) to display.
Jul 17 05:00:51 server node[1632343]: [2026-07-16 23:00:51.578] [LOG]   [MMM-SecondBrain] [MMM-SecondBrain] Publishing 1 item(s) to display.
Jul 17 05:01:51 server node[1632343]: [2026-07-16 23:01:51.835] [LOG]   [MMM-SecondBrain] [MMM-SecondBrain] Publishing 1 item(s) to display.
Jul 17 05:02:52 server node[1632343]: [2026-07-16 23:02:52.287] [LOG]   [MMM-SecondBrain] [MMM-SecondBrain] Publishing 1 item(s) to display.
Jul 17 05:03:51 server node[1632343]: [2026-07-16 23:03:51.618] [LOG]   [MMM-SecondBrain] [MMM-SecondBrain] Publishing 1 item(s) to display.
Jul 17 05:04:25 server systemd[1]: Stopping magicmirror.service - MagicMirror wall dashboard...
Jul 17 05:04:25 server node[1632343]: [2026-07-16 23:04:25.900] [LOG]   [app] [SIGTERM] Received. Shutting down server...
Jul 17 05:04:25 server node[1632343]: [2026-07-16 23:04:25.901] [LOG]   [node_helper] Stopping module helper: calendar
Jul 17 05:04:25 server node[1632343]: [2026-07-16 23:04:25.901] [LOG]   [node_helper] Stopping module helper: MMM-CalendarExt3
Jul 17 05:04:25 server node[1632343]: [2026-07-16 23:04:25.901] [LOG]   [node_helper] Stopping module helper: weather
Jul 17 05:04:25 server node[1632343]: [2026-07-16 23:04:25.901] [LOG]   [node_helper] Stopping module helper: MMM-CalendarExt3Agenda
Jul 17 05:04:25 server node[1632343]: [2026-07-16 23:04:25.901] [LOG]   [app] Node_helpers stopped ...
Jul 17 05:04:25 server systemd[1]: magicmirror.service: Deactivated successfully.
Jul 17 05:04:25 server systemd[1]: Stopped magicmirror.service - MagicMirror wall dashboard.
Jul 17 05:04:25 server systemd[1]: magicmirror.service: Consumed 2.834s CPU time.
Jul 17 05:04:25 server systemd[1]: Started magicmirror.service - MagicMirror wall dashboard.
Jul 17 05:04:26 server node[1639810]: [2026-07-16 23:04:26.182] [LOG]   [app] Starting MagicMirror: v2.37.0
Jul 17 05:04:26 server node[1639810]: [2026-07-16 23:04:26.186] [LOG]   [utils] Loading config ...
Jul 17 05:04:26 server node[1639810]: [2026-07-16 23:04:26.188] [INFO]  [utils] Checking config file /opt/MagicMirror/config/config.js ...
Jul 17 05:04:26 server node[1639810]: [2026-07-16 23:04:26.229] [INFO]  [utils] Your configuration file doesn't contain syntax errors :)
Jul 17 05:04:26 server node[1639810]: [2026-07-16 23:04:26.229] [INFO]  [utils] Checking modules structure configuration ...
Jul 17 05:04:26 server node[1639810]: [2026-07-16 23:04:26.229] [INFO]  [utils] Your modules structure configuration doesn't contain errors :)
Jul 17 05:04:26 server node[1639810]: [2026-07-16 23:04:26.230] [LOG]   [app] Loading module helpers ...
Jul 17 05:04:26 server node[1639810]: [2026-07-16 23:04:26.291] [LOG]   [node_helper] Initializing new module helper ...
Jul 17 05:04:26 server node[1639810]: [2026-07-16 23:04:26.292] [LOG]   [node_helper] Module helper loaded: calendar
Jul 17 05:04:26 server node[1639810]: [2026-07-16 23:04:26.293] [LOG]   [node_helper] Initializing new module helper ...
Jul 17 05:04:26 server node[1639810]: [2026-07-16 23:04:26.293] [LOG]   [node_helper] Module helper loaded: MMM-CalendarExt3
Jul 17 05:04:26 server node[1639810]: [2026-07-16 23:04:26.293] [LOG]   [app] No helper found for module: clock.
Jul 17 05:04:26 server node[1639810]: [2026-07-16 23:04:26.293] [LOG]   [node_helper] Initializing new module helper ...
Jul 17 05:04:26 server node[1639810]: [2026-07-16 23:04:26.293] [LOG]   [node_helper] Module helper loaded: weather
Jul 17 05:04:26 server node[1639810]: [2026-07-16 23:04:26.411] [LOG]   [node_helper] Initializing new module helper ...
Jul 17 05:04:26 server node[1639810]: [2026-07-16 23:04:26.411] [LOG]   [node_helper] Module helper loaded: MMM-SecondBrain
Jul 17 05:04:26 server node[1639810]: [2026-07-16 23:04:26.412] [LOG]   [node_helper] Initializing new module helper ...
Jul 17 05:04:26 server node[1639810]: [2026-07-16 23:04:26.412] [LOG]   [node_helper] Module helper loaded: MMM-CalendarExt3Agenda
Jul 17 05:04:26 server node[1639810]: [2026-07-16 23:04:26.412] [LOG]   [app] No helper found for module: MMM-SolarTheme.
Jul 17 05:04:26 server node[1639810]: [2026-07-16 23:04:26.412] [LOG]   [app] No helper found for module: MMM-CalendarLiveHeader.
Jul 17 05:04:26 server node[1639810]: [2026-07-16 23:04:26.412] [LOG]   [app] All module helpers loaded.
Jul 17 05:04:26 server node[1639810]: [2026-07-16 23:04:26.415] [LOG]   [server] Starting server on port 43761 ...
Jul 17 05:04:26 server node[1639810]: [2026-07-16 23:04:26.423] [LOG]   [app] Server started ...
Jul 17 05:04:26 server node[1639810]: [2026-07-16 23:04:26.423] [LOG]   [node_helper] Connecting socket for: calendar
Jul 17 05:04:26 server node[1639810]: [2026-07-16 23:04:26.423] [LOG]   [calendar] Starting node helper for: calendar
Jul 17 05:04:26 server node[1639810]: [2026-07-16 23:04:26.423] [LOG]   [node_helper] Connecting socket for: MMM-CalendarExt3
Jul 17 05:04:26 server node[1639810]: [2026-07-16 23:04:26.424] [LOG]   [node_helper] Connecting socket for: weather
Jul 17 05:04:26 server node[1639810]: [2026-07-16 23:04:26.424] [LOG]   [weather] Starting node helper for: weather
Jul 17 05:04:26 server node[1639810]: [2026-07-16 23:04:26.424] [LOG]   [node_helper] Connecting socket for: MMM-SecondBrain
Jul 17 05:04:26 server node[1639810]: [2026-07-16 23:04:26.425] [LOG]   [node_helper] Connecting socket for: MMM-CalendarExt3Agenda
Jul 17 05:04:26 server node[1639810]: [2026-07-16 23:04:26.427] [LOG]   [app] Sockets connected & modules started ...
Jul 17 05:04:26 server node[1639810]: [2026-07-16 23:04:26.427] [INFO]  [serveronly]
Jul 17 05:04:26 server node[1639810]: >>>   Ready to go! Please point your browser to: http://127.0.0.1:43761   <<<
Jul 17 05:04:26 server node[1639822]: [2026-07-16 23:04:26.659] [INFO]  [systeminformation]
Jul 17 05:04:26 server node[1639822]: ####  System Information  ####
Jul 17 05:04:26 server node[1639822]: - MM:       version: v2.37.0; git: 4b4a595; branch: HEAD
Jul 17 05:04:26 server node[1639822]: - SYSTEM:   manufacturer: ASUS; model: All Series; virtual: false
Jul 17 05:04:26 server node[1639822]: - OS:       platform: linux; distro: Ubuntu; release: 24.04.4 LTS; arch: x64; kernel: 6.8.0-134-generic
Jul 17 05:04:26 server node[1639822]: - VERSIONS: electron: undefined; used node: 22.23.1; installed node: 22.23.1; npm: 10.9.8; pm2:
Jul 17 05:04:26 server node[1639822]: - ENV:      XDG_SESSION_TYPE: undefined; MM_CONFIG_FILE: undefined
Jul 17 05:04:26 server node[1639822]:             WAYLAND_DISPLAY:  undefined; DISPLAY: undefined; ELECTRON_ENABLE_GPU: undefined
Jul 17 05:04:26 server node[1639822]: - RAM:      total: 15867.98 MB; free: 10862.16 MB; used: 5005.82 MB
Jul 17 05:04:26 server node[1639822]: - OTHERS:   uptime: 1413 minutes; timeZone: America/Denver
Jul 17 05:05:00 server node[1639810]: [2026-07-16 23:05:00.354] [INFO]  [lib] [MMM-SecondBrain] Loaded 49 Nextcloud phone entries.
Jul 17 05:05:00 server node[1639810]: [2026-07-16 23:05:00.722] [LOG]   [MMM-SecondBrain] [MMM-SecondBrain] Publishing 4 item(s) to display.
Jul 17 05:05:54 server node[1639810]: [2026-07-16 23:05:54.017] [LOG]   [MMM-SecondBrain] [MMM-SecondBrain] Publishing 4 item(s) to display.
Jul 17 05:06:56 server node[1639810]: [2026-07-16 23:06:56.456] [LOG]   [MMM-SecondBrain] [MMM-SecondBrain] Publishing 4 item(s) to display.
Jul 17 05:07:01 server systemd[1]: Stopping magicmirror.service - MagicMirror wall dashboard...
Jul 17 05:07:01 server node[1639810]: [2026-07-16 23:07:01.257] [LOG]   [app] [SIGTERM] Received. Shutting down server...
Jul 17 05:07:01 server node[1639810]: [2026-07-16 23:07:01.258] [LOG]   [node_helper] Stopping module helper: calendar
Jul 17 05:07:01 server node[1639810]: [2026-07-16 23:07:01.258] [LOG]   [node_helper] Stopping module helper: MMM-CalendarExt3
Jul 17 05:07:01 server node[1639810]: [2026-07-16 23:07:01.258] [LOG]   [node_helper] Stopping module helper: weather
Jul 17 05:07:01 server node[1639810]: [2026-07-16 23:07:01.258] [LOG]   [node_helper] Stopping module helper: MMM-CalendarExt3Agenda
Jul 17 05:07:01 server node[1639810]: [2026-07-16 23:07:01.258] [LOG]   [app] Node_helpers stopped ...
Jul 17 05:07:01 server systemd[1]: magicmirror.service: Deactivated successfully.
Jul 17 05:07:01 server systemd[1]: Stopped magicmirror.service - MagicMirror wall dashboard.
Jul 17 05:07:01 server systemd[1]: magicmirror.service: Consumed 3.130s CPU time.
Jul 17 05:07:01 server systemd[1]: Started magicmirror.service - MagicMirror wall dashboard.
Jul 17 05:07:01 server node[1643156]: [2026-07-16 23:07:01.550] [LOG]   [app] Starting MagicMirror: v2.37.0
Jul 17 05:07:01 server node[1643156]: [2026-07-16 23:07:01.554] [LOG]   [utils] Loading config ...
Jul 17 05:07:01 server node[1643156]: [2026-07-16 23:07:01.555] [INFO]  [utils] Checking config file /opt/MagicMirror/config/config.js ...
Jul 17 05:07:01 server node[1643156]: [2026-07-16 23:07:01.596] [INFO]  [utils] Your configuration file doesn't contain syntax errors :)
Jul 17 05:07:01 server node[1643156]: [2026-07-16 23:07:01.597] [INFO]  [utils] Checking modules structure configuration ...
Jul 17 05:07:01 server node[1643156]: [2026-07-16 23:07:01.597] [INFO]  [utils] Your modules structure configuration doesn't contain errors :)
Jul 17 05:07:01 server node[1643156]: [2026-07-16 23:07:01.598] [LOG]   [app] Loading module helpers ...
Jul 17 05:07:01 server node[1643156]: [2026-07-16 23:07:01.662] [LOG]   [node_helper] Initializing new module helper ...
Jul 17 05:07:01 server node[1643156]: [2026-07-16 23:07:01.662] [LOG]   [node_helper] Module helper loaded: calendar
Jul 17 05:07:01 server node[1643156]: [2026-07-16 23:07:01.663] [LOG]   [node_helper] Initializing new module helper ...
Jul 17 05:07:01 server node[1643156]: [2026-07-16 23:07:01.663] [LOG]   [node_helper] Module helper loaded: MMM-CalendarExt3
Jul 17 05:07:01 server node[1643156]: [2026-07-16 23:07:01.663] [LOG]   [app] No helper found for module: clock.
Jul 17 05:07:01 server node[1643156]: [2026-07-16 23:07:01.664] [LOG]   [node_helper] Initializing new module helper ...
Jul 17 05:07:01 server node[1643156]: [2026-07-16 23:07:01.664] [LOG]   [node_helper] Module helper loaded: weather
Jul 17 05:07:01 server node[1643156]: [2026-07-16 23:07:01.777] [LOG]   [node_helper] Initializing new module helper ...
Jul 17 05:07:01 server node[1643156]: [2026-07-16 23:07:01.778] [LOG]   [node_helper] Module helper loaded: MMM-SecondBrain
Jul 17 05:07:01 server node[1643156]: [2026-07-16 23:07:01.778] [LOG]   [node_helper] Initializing new module helper ...
Jul 17 05:07:01 server node[1643156]: [2026-07-16 23:07:01.778] [LOG]   [node_helper] Module helper loaded: MMM-CalendarExt3Agenda
Jul 17 05:07:01 server node[1643156]: [2026-07-16 23:07:01.778] [LOG]   [app] No helper found for module: MMM-SolarTheme.
Jul 17 05:07:01 server node[1643156]: [2026-07-16 23:07:01.778] [LOG]   [app] No helper found for module: MMM-CalendarLiveHeader.
Jul 17 05:07:01 server node[1643156]: [2026-07-16 23:07:01.778] [LOG]   [app] All module helpers loaded.
Jul 17 05:07:01 server node[1643156]: [2026-07-16 23:07:01.782] [LOG]   [server] Starting server on port 43761 ...
Jul 17 05:07:01 server node[1643156]: [2026-07-16 23:07:01.790] [LOG]   [app] Server started ...
Jul 17 05:07:01 server node[1643156]: [2026-07-16 23:07:01.790] [LOG]   [node_helper] Connecting socket for: calendar
Jul 17 05:07:01 server node[1643156]: [2026-07-16 23:07:01.790] [LOG]   [calendar] Starting node helper for: calendar
Jul 17 05:07:01 server node[1643156]: [2026-07-16 23:07:01.791] [LOG]   [node_helper] Connecting socket for: MMM-CalendarExt3
Jul 17 05:07:01 server node[1643156]: [2026-07-16 23:07:01.791] [LOG]   [node_helper] Connecting socket for: weather
Jul 17 05:07:01 server node[1643156]: [2026-07-16 23:07:01.791] [LOG]   [weather] Starting node helper for: weather
Jul 17 05:07:01 server node[1643156]: [2026-07-16 23:07:01.792] [LOG]   [node_helper] Connecting socket for: MMM-SecondBrain
Jul 17 05:07:01 server node[1643156]: [2026-07-16 23:07:01.792] [LOG]   [node_helper] Connecting socket for: MMM-CalendarExt3Agenda
Jul 17 05:07:01 server node[1643156]: [2026-07-16 23:07:01.792] [LOG]   [app] Sockets connected & modules started ...
Jul 17 05:07:01 server node[1643156]: [2026-07-16 23:07:01.792] [INFO]  [serveronly]
Jul 17 05:07:01 server node[1643156]: >>>   Ready to go! Please point your browser to: http://127.0.0.1:43761   <<<
Jul 17 05:07:02 server node[1643167]: [2026-07-16 23:07:02.055] [INFO]  [systeminformation]
Jul 17 05:07:02 server node[1643167]: ####  System Information  ####
Jul 17 05:07:02 server node[1643167]: - MM:       version: v2.37.0; git: 4b4a595; branch: HEAD
Jul 17 05:07:02 server node[1643167]: - SYSTEM:   manufacturer: ASUS; model: All Series; virtual: false
Jul 17 05:07:02 server node[1643167]: - OS:       platform: linux; distro: Ubuntu; release: 24.04.4 LTS; arch: x64; kernel: 6.8.0-134-generic
Jul 17 05:07:02 server node[1643167]: - VERSIONS: electron: undefined; used node: 22.23.1; installed node: 22.23.1; npm: 10.9.8; pm2:
Jul 17 05:07:02 server node[1643167]: - ENV:      XDG_SESSION_TYPE: undefined; MM_CONFIG_FILE: undefined
Jul 17 05:07:02 server node[1643167]:             WAYLAND_DISPLAY:  undefined; DISPLAY: undefined; ELECTRON_ENABLE_GPU: undefined
Jul 17 05:07:02 server node[1643167]: - RAM:      total: 15867.98 MB; free: 11265.10 MB; used: 4602.88 MB
Jul 17 05:07:02 server node[1643167]: - OTHERS:   uptime: 1415 minutes; timeZone: America/Denver
Jul 17 05:07:10 server node[1643156]: [2026-07-16 23:07:10.507] [LOG]   [weather] Received INIT_WEATHER for instance module_4_weather
Jul 17 05:07:10 server node[1643156]: [2026-07-16 23:07:10.508] [LOG]   [weather] Attempting to initialize provider openmeteo for instance module_4_weather
Jul 17 05:07:10 server node[1643156]: [2026-07-16 23:07:10.508] [LOG]   [weather] Loading provider from: /opt/MagicMirror/defaultmodules/weather/providers/openmeteo.js
Jul 17 05:07:10 server node[1643156]: [2026-07-16 23:07:10.516] [LOG]   [calendar] Create new calendarfetcher for url: https://cloud.example.com/REDACTED_PRIVATE_PATH - Interval: 900000
Jul 17 05:07:10 server node[1643156]: [2026-07-16 23:07:10.522] [LOG]   [calendar] Create new calendarfetcher for url: https://www.officeholidays.com/ics-fed/usa - Interval: 900000
Jul 17 05:07:10 server node[1643156]: [2026-07-16 23:07:10.526] [LOG]   [calendar] Create new calendarfetcher for url: https://raw.githubusercontent.com/clarencechaan/ufc-cal/ics/UFC.ics - Interval: 900000
Jul 17 05:07:10 server node[1643156]: [2026-07-16 23:07:10.527] [LOG]   [calendar] Create new calendarfetcher for url: https://butterflytherapeutics.janeapp.com/REDACTED_PRIVATE_PATH - Interval: 900000
Jul 17 05:07:10 server node[1643156]: [2026-07-16 23:07:10.537] [LOG]   [weather] Received INIT_WEATHER for instance module_3_weather
Jul 17 05:07:10 server node[1643156]: [2026-07-16 23:07:10.537] [LOG]   [weather] Attempting to initialize provider openmeteo for instance module_3_weather
Jul 17 05:07:10 server node[1643156]: [2026-07-16 23:07:10.537] [LOG]   [weather] Loading provider from: /opt/MagicMirror/defaultmodules/weather/providers/openmeteo.js
Jul 17 05:07:11 server node[1643156]: [2026-07-16 23:07:11.288] [INFO]  [calendar] Broadcasting 12 events from https://www.officeholidays.com/ics-fed/usa.
Jul 17 05:07:11 server node[1643156]: [2026-07-16 23:07:11.336] [INFO]  [calendar] Broadcasting 24 events from https://raw.githubusercontent.com/clarencechaan/ufc-cal/ics/UFC.ics.
Jul 17 05:07:12 server node[1643156]: [2026-07-16 23:07:12.273] [LOG]   [weather] Weather provider openmeteo initialized for instance module_3_weather
Jul 17 05:07:12 server node[1643156]: [2026-07-16 23:07:12.360] [INFO]  [calendar] Broadcasting 8 events from https://butterflytherapeutics.janeapp.com/REDACTED_PRIVATE_PATH
Jul 17 05:07:12 server node[1643156]: [2026-07-16 23:07:12.415] [LOG]   [weather] Weather provider openmeteo initialized for instance module_4_weather
Jul 17 05:07:12 server node[1643156]: [2026-07-16 23:07:12.941] [INFO]  [calendar] Broadcasting 1331 events from https://cloud.example.com/REDACTED_PRIVATE_PATH
Jul 17 05:07:15 server node[1643156]: [2026-07-16 23:07:15.923] [INFO]  [lib] [MMM-SecondBrain] Loaded 49 Nextcloud phone entries.
Jul 17 05:07:16 server node[1643156]: [2026-07-16 23:07:16.358] [LOG]   [MMM-SecondBrain] [MMM-SecondBrain] Publishing 4 item(s) to display.
Jul 17 05:08:18 server node[1643156]: [2026-07-16 23:08:18.141] [LOG]   [MMM-SecondBrain] [MMM-SecondBrain] Publishing 4 item(s) to display.
Jul 17 05:08:33 server systemd[1]: Stopping magicmirror.service - MagicMirror wall dashboard...
Jul 17 05:08:33 server node[1643156]: [2026-07-16 23:08:33.015] [LOG]   [app] [SIGTERM] Received. Shutting down server...
Jul 17 05:08:33 server node[1643156]: [2026-07-16 23:08:33.015] [LOG]   [node_helper] Stopping module helper: calendar
Jul 17 05:08:33 server node[1643156]: [2026-07-16 23:08:33.015] [LOG]   [node_helper] Stopping module helper: MMM-CalendarExt3
Jul 17 05:08:33 server node[1643156]: [2026-07-16 23:08:33.015] [LOG]   [node_helper] Stopping module helper: weather
Jul 17 05:08:33 server node[1643156]: [2026-07-16 23:08:33.015] [LOG]   [node_helper] Stopping module helper: MMM-CalendarExt3Agenda
Jul 17 05:08:33 server node[1643156]: [2026-07-16 23:08:33.016] [LOG]   [app] Node_helpers stopped ...
Jul 17 05:08:33 server systemd[1]: magicmirror.service: Deactivated successfully.
Jul 17 05:08:33 server systemd[1]: Stopped magicmirror.service - MagicMirror wall dashboard.
Jul 17 05:08:33 server systemd[1]: magicmirror.service: Consumed 3.375s CPU time.
Jul 17 05:08:33 server systemd[1]: Started magicmirror.service - MagicMirror wall dashboard.
Jul 17 05:08:33 server node[1645590]: [2026-07-16 23:08:33.623] [LOG]   [app] Starting MagicMirror: v2.37.0
Jul 17 05:08:33 server node[1645590]: [2026-07-16 23:08:33.627] [LOG]   [utils] Loading config ...
Jul 17 05:08:33 server node[1645590]: [2026-07-16 23:08:33.629] [INFO]  [utils] Checking config file /opt/MagicMirror/config/config.js ...
Jul 17 05:08:33 server node[1645590]: [2026-07-16 23:08:33.670] [INFO]  [utils] Your configuration file doesn't contain syntax errors :)
Jul 17 05:08:33 server node[1645590]: [2026-07-16 23:08:33.670] [INFO]  [utils] Checking modules structure configuration ...
Jul 17 05:08:33 server node[1645590]: [2026-07-16 23:08:33.671] [INFO]  [utils] Your modules structure configuration doesn't contain errors :)
Jul 17 05:08:33 server node[1645590]: [2026-07-16 23:08:33.671] [LOG]   [app] Loading module helpers ...
Jul 17 05:08:33 server node[1645590]: [2026-07-16 23:08:33.971] [LOG]   [node_helper] Initializing new module helper ...
Jul 17 05:08:33 server node[1645590]: [2026-07-16 23:08:33.971] [LOG]   [node_helper] Module helper loaded: calendar
Jul 17 05:08:34 server node[1645590]: [2026-07-16 23:08:34.013] [LOG]   [node_helper] Initializing new module helper ...
Jul 17 05:08:34 server node[1645590]: [2026-07-16 23:08:34.014] [LOG]   [node_helper] Module helper loaded: MMM-CalendarExt3
Jul 17 05:08:34 server node[1645590]: [2026-07-16 23:08:34.014] [LOG]   [app] No helper found for module: clock.
Jul 17 05:08:34 server node[1645590]: [2026-07-16 23:08:34.045] [LOG]   [node_helper] Initializing new module helper ...
Jul 17 05:08:34 server node[1645590]: [2026-07-16 23:08:34.045] [LOG]   [node_helper] Module helper loaded: weather
Jul 17 05:08:34 server node[1645590]: [2026-07-16 23:08:34.140] [LOG]   [node_helper] Initializing new module helper ...
Jul 17 05:08:34 server node[1645590]: [2026-07-16 23:08:34.140] [LOG]   [node_helper] Module helper loaded: MMM-SecondBrain
Jul 17 05:08:34 server node[1645590]: [2026-07-16 23:08:34.141] [LOG]   [node_helper] Initializing new module helper ...
Jul 17 05:08:34 server node[1645590]: [2026-07-16 23:08:34.141] [LOG]   [node_helper] Module helper loaded: MMM-CalendarExt3Agenda
Jul 17 05:08:34 server node[1645590]: [2026-07-16 23:08:34.141] [LOG]   [app] No helper found for module: MMM-SolarTheme.
Jul 17 05:08:34 server node[1645590]: [2026-07-16 23:08:34.141] [LOG]   [app] No helper found for module: MMM-CalendarLiveHeader.
Jul 17 05:08:34 server node[1645590]: [2026-07-16 23:08:34.141] [LOG]   [app] All module helpers loaded.
Jul 17 05:08:34 server node[1645590]: [2026-07-16 23:08:34.144] [LOG]   [server] Starting server on port 43761 ...
Jul 17 05:08:34 server node[1645590]: [2026-07-16 23:08:34.151] [LOG]   [app] Server started ...
Jul 17 05:08:34 server node[1645590]: [2026-07-16 23:08:34.151] [LOG]   [node_helper] Connecting socket for: calendar
Jul 17 05:08:34 server node[1645590]: [2026-07-16 23:08:34.152] [LOG]   [calendar] Starting node helper for: calendar
Jul 17 05:08:34 server node[1645590]: [2026-07-16 23:08:34.152] [LOG]   [node_helper] Connecting socket for: MMM-CalendarExt3
Jul 17 05:08:34 server node[1645590]: [2026-07-16 23:08:34.152] [LOG]   [node_helper] Connecting socket for: weather
Jul 17 05:08:34 server node[1645590]: [2026-07-16 23:08:34.152] [LOG]   [weather] Starting node helper for: weather
Jul 17 05:08:34 server node[1645590]: [2026-07-16 23:08:34.153] [LOG]   [node_helper] Connecting socket for: MMM-SecondBrain
Jul 17 05:08:34 server node[1645590]: [2026-07-16 23:08:34.153] [LOG]   [node_helper] Connecting socket for: MMM-CalendarExt3Agenda
Jul 17 05:08:34 server node[1645590]: [2026-07-16 23:08:34.153] [LOG]   [app] Sockets connected & modules started ...
Jul 17 05:08:34 server node[1645590]: [2026-07-16 23:08:34.153] [INFO]  [serveronly]
Jul 17 05:08:34 server node[1645590]: >>>   Ready to go! Please point your browser to: http://127.0.0.1:43761   <<<
Jul 17 05:08:34 server node[1645660]: [2026-07-16 23:08:34.899] [INFO]  [systeminformation]
Jul 17 05:08:34 server node[1645660]: ####  System Information  ####
Jul 17 05:08:34 server node[1645660]: - MM:       version: v2.37.0; git: 4b4a595; branch: HEAD
Jul 17 05:08:34 server node[1645660]: - SYSTEM:   manufacturer: ASUS; model: All Series; virtual: false
Jul 17 05:08:34 server node[1645660]: - OS:       platform: linux; distro: Ubuntu; release: 24.04.4 LTS; arch: x64; kernel: 6.8.0-134-generic
Jul 17 05:08:34 server node[1645660]: - VERSIONS: electron: undefined; used node: 22.23.1; installed node: 22.23.1; npm: 10.9.8; pm2:
Jul 17 05:08:34 server node[1645660]: - ENV:      XDG_SESSION_TYPE: undefined; MM_CONFIG_FILE: undefined
Jul 17 05:08:34 server node[1645660]:             WAYLAND_DISPLAY:  undefined; DISPLAY: undefined; ELECTRON_ENABLE_GPU: undefined
Jul 17 05:08:34 server node[1645660]: - RAM:      total: 15867.98 MB; free: 10717.87 MB; used: 5150.11 MB
Jul 17 05:08:34 server node[1645660]: - OTHERS:   uptime: 1417 minutes; timeZone: America/Denver
Jul 17 05:09:24 server node[1645590]: [2026-07-16 23:09:24.268] [INFO]  [lib] [MMM-SecondBrain] Loaded 49 Nextcloud phone entries.
Jul 17 05:09:24 server node[1645590]: [2026-07-16 23:09:24.720] [LOG]   [MMM-SecondBrain] [MMM-SecondBrain] Publishing 4 item(s) to display.
Jul 17 05:10:30 server node[1645590]: [2026-07-16 23:10:30.534] [ERROR] [lib] [MMM-SecondBrain] Gmail IMAP account personal.json failed: read ECONNRESET
Jul 17 05:10:30 server node[1645590]: [2026-07-16 23:10:30.535] [LOG]   [MMM-SecondBrain] [MMM-SecondBrain] Publishing 1 item(s) to display.
Jul 17 05:11:23 server node[1645590]: [2026-07-16 23:11:23.366] [LOG]   [MMM-SecondBrain] [MMM-SecondBrain] Publishing 4 item(s) to display.
Jul 17 05:12:23 server node[1645590]: [2026-07-16 23:12:23.350] [LOG]   [MMM-SecondBrain] [MMM-SecondBrain] Publishing 4 item(s) to display.
Jul 17 05:13:18 server node[1645590]: [2026-07-16 23:13:18.149] [LOG]   [MMM-SecondBrain] [MMM-SecondBrain] Publishing 4 item(s) to display.
Jul 17 05:13:28 server systemd[1]: Stopping magicmirror.service - MagicMirror wall dashboard...
Jul 17 05:13:28 server node[1645590]: [2026-07-16 23:13:28.490] [LOG]   [app] [SIGTERM] Received. Shutting down server...
Jul 17 05:13:28 server node[1645590]: [2026-07-16 23:13:28.490] [LOG]   [node_helper] Stopping module helper: calendar
Jul 17 05:13:28 server node[1645590]: [2026-07-16 23:13:28.490] [LOG]   [node_helper] Stopping module helper: MMM-CalendarExt3
Jul 17 05:13:28 server node[1645590]: [2026-07-16 23:13:28.490] [LOG]   [node_helper] Stopping module helper: weather
Jul 17 05:13:28 server node[1645590]: [2026-07-16 23:13:28.490] [LOG]   [node_helper] Stopping module helper: MMM-CalendarExt3Agenda
Jul 17 05:13:28 server node[1645590]: [2026-07-16 23:13:28.491] [LOG]   [app] Node_helpers stopped ...
Jul 17 05:13:28 server systemd[1]: magicmirror.service: Deactivated successfully.
Jul 17 05:13:28 server systemd[1]: Stopped magicmirror.service - MagicMirror wall dashboard.
Jul 17 05:13:28 server systemd[1]: magicmirror.service: Consumed 3.485s CPU time.
Jul 17 05:13:28 server systemd[1]: Started magicmirror.service - MagicMirror wall dashboard.
Jul 17 05:13:32 server node[1651759]: [2026-07-16 23:13:32.053] [LOG]   [app] Starting MagicMirror: v2.37.0
Jul 17 05:13:32 server node[1651759]: [2026-07-16 23:13:32.068] [LOG]   [utils] Loading config ...
Jul 17 05:13:32 server node[1651759]: [2026-07-16 23:13:32.113] [INFO]  [utils] Checking config file /opt/MagicMirror/config/config.js ...
Jul 17 05:13:32 server node[1651759]: [2026-07-16 23:13:32.208] [INFO]  [utils] Your configuration file doesn't contain syntax errors :)
Jul 17 05:13:32 server node[1651759]: [2026-07-16 23:13:32.208] [INFO]  [utils] Checking modules structure configuration ...
Jul 17 05:13:32 server node[1651759]: [2026-07-16 23:13:32.209] [INFO]  [utils] Your modules structure configuration doesn't contain errors :)
Jul 17 05:13:32 server node[1651759]: [2026-07-16 23:13:32.245] [LOG]   [app] Loading module helpers ...
Jul 17 05:13:32 server node[1651759]: [2026-07-16 23:13:32.811] [LOG]   [node_helper] Initializing new module helper ...
Jul 17 05:13:32 server node[1651759]: [2026-07-16 23:13:32.811] [LOG]   [node_helper] Module helper loaded: calendar
Jul 17 05:13:32 server node[1651759]: [2026-07-16 23:13:32.813] [LOG]   [node_helper] Initializing new module helper ...
Jul 17 05:13:32 server node[1651759]: [2026-07-16 23:13:32.813] [LOG]   [node_helper] Module helper loaded: MMM-CalendarExt3
Jul 17 05:13:32 server node[1651759]: [2026-07-16 23:13:32.813] [LOG]   [app] No helper found for module: clock.
Jul 17 05:13:32 server node[1651759]: [2026-07-16 23:13:32.813] [LOG]   [node_helper] Initializing new module helper ...
Jul 17 05:13:32 server node[1651759]: [2026-07-16 23:13:32.813] [LOG]   [node_helper] Module helper loaded: weather
Jul 17 05:13:32 server node[1651759]: [2026-07-16 23:13:32.908] [LOG]   [node_helper] Initializing new module helper ...
Jul 17 05:13:32 server node[1651759]: [2026-07-16 23:13:32.908] [LOG]   [node_helper] Module helper loaded: MMM-SecondBrain
Jul 17 05:13:32 server node[1651759]: [2026-07-16 23:13:32.921] [LOG]   [node_helper] Initializing new module helper ...
Jul 17 05:13:32 server node[1651759]: [2026-07-16 23:13:32.921] [LOG]   [node_helper] Module helper loaded: MMM-CalendarExt3Agenda
Jul 17 05:13:32 server node[1651759]: [2026-07-16 23:13:32.921] [LOG]   [app] No helper found for module: MMM-SolarTheme.
Jul 17 05:13:32 server node[1651759]: [2026-07-16 23:13:32.921] [LOG]   [app] No helper found for module: MMM-CalendarLiveHeader.
Jul 17 05:13:32 server node[1651759]: [2026-07-16 23:13:32.921] [LOG]   [app] All module helpers loaded.
Jul 17 05:13:32 server node[1651759]: [2026-07-16 23:13:32.924] [LOG]   [server] Starting server on port 43761 ...
Jul 17 05:13:32 server node[1651759]: [2026-07-16 23:13:32.931] [LOG]   [app] Server started ...
Jul 17 05:13:32 server node[1651759]: [2026-07-16 23:13:32.931] [LOG]   [node_helper] Connecting socket for: calendar
Jul 17 05:13:32 server node[1651759]: [2026-07-16 23:13:32.931] [LOG]   [calendar] Starting node helper for: calendar
Jul 17 05:13:32 server node[1651759]: [2026-07-16 23:13:32.932] [LOG]   [node_helper] Connecting socket for: MMM-CalendarExt3
Jul 17 05:13:32 server node[1651759]: [2026-07-16 23:13:32.932] [LOG]   [node_helper] Connecting socket for: weather
Jul 17 05:13:32 server node[1651759]: [2026-07-16 23:13:32.932] [LOG]   [weather] Starting node helper for: weather
Jul 17 05:13:32 server node[1651759]: [2026-07-16 23:13:32.932] [LOG]   [node_helper] Connecting socket for: MMM-SecondBrain
Jul 17 05:13:32 server node[1651759]: [2026-07-16 23:13:32.933] [LOG]   [node_helper] Connecting socket for: MMM-CalendarExt3Agenda
Jul 17 05:13:32 server node[1651759]: [2026-07-16 23:13:32.933] [LOG]   [app] Sockets connected & modules started ...
Jul 17 05:13:32 server node[1651759]: [2026-07-16 23:13:32.933] [INFO]  [serveronly]
Jul 17 05:13:32 server node[1651759]: >>>   Ready to go! Please point your browser to: http://127.0.0.1:43761   <<<
Jul 17 05:13:34 server node[1651893]: [2026-07-16 23:13:34.351] [INFO]  [systeminformation]
Jul 17 05:13:34 server node[1651893]: ####  System Information  ####
Jul 17 05:13:34 server node[1651893]: - MM:       version: v2.37.0; git: 4b4a595; branch: HEAD
Jul 17 05:13:34 server node[1651893]: - SYSTEM:   manufacturer: ASUS; model: All Series; virtual: false
Jul 17 05:13:34 server node[1651893]: - OS:       platform: linux; distro: Ubuntu; release: 24.04.4 LTS; arch: x64; kernel: 6.8.0-134-generic
Jul 17 05:13:34 server node[1651893]: - VERSIONS: electron: undefined; used node: 22.23.1; installed node: 22.23.1; npm: 10.9.8; pm2:
Jul 17 05:13:34 server node[1651893]: - ENV:      XDG_SESSION_TYPE: undefined; MM_CONFIG_FILE: undefined
Jul 17 05:13:34 server node[1651893]:             WAYLAND_DISPLAY:  undefined; DISPLAY: undefined; ELECTRON_ENABLE_GPU: undefined
Jul 17 05:13:34 server node[1651893]: - RAM:      total: 15867.98 MB; free: 10865.13 MB; used: 5002.85 MB
Jul 17 05:13:34 server node[1651893]: - OTHERS:   uptime: 1422 minutes; timeZone: America/Denver
Jul 17 05:13:37 server node[1651759]: [2026-07-16 23:13:37.114] [LOG]   [weather] Received INIT_WEATHER for instance module_4_weather
Jul 17 05:13:37 server node[1651759]: [2026-07-16 23:13:37.115] [LOG]   [weather] Attempting to initialize provider openmeteo for instance module_4_weather
Jul 17 05:13:37 server node[1651759]: [2026-07-16 23:13:37.115] [LOG]   [weather] Loading provider from: /opt/MagicMirror/defaultmodules/weather/providers/openmeteo.js
Jul 17 05:13:37 server node[1651759]: [2026-07-16 23:13:37.128] [LOG]   [calendar] Create new calendarfetcher for url: https://cloud.example.com/REDACTED_PRIVATE_PATH - Interval: 900000
Jul 17 05:13:37 server node[1651759]: [2026-07-16 23:13:37.130] [LOG]   [calendar] Create new calendarfetcher for url: https://www.officeholidays.com/ics-fed/usa - Interval: 900000
Jul 17 05:13:37 server node[1651759]: [2026-07-16 23:13:37.132] [LOG]   [calendar] Create new calendarfetcher for url: https://raw.githubusercontent.com/clarencechaan/ufc-cal/ics/UFC.ics - Interval: 900000
Jul 17 05:13:37 server node[1651759]: [2026-07-16 23:13:37.133] [LOG]   [calendar] Create new calendarfetcher for url: https://butterflytherapeutics.janeapp.com/REDACTED_PRIVATE_PATH - Interval: 900000
Jul 17 05:13:37 server node[1651759]: [2026-07-16 23:13:37.234] [LOG]   [weather] Received INIT_WEATHER for instance module_3_weather
Jul 17 05:13:37 server node[1651759]: [2026-07-16 23:13:37.234] [LOG]   [weather] Attempting to initialize provider openmeteo for instance module_3_weather
Jul 17 05:13:37 server node[1651759]: [2026-07-16 23:13:37.234] [LOG]   [weather] Loading provider from: /opt/MagicMirror/defaultmodules/weather/providers/openmeteo.js
Jul 17 05:13:38 server node[1651759]: [2026-07-16 23:13:38.142] [INFO]  [calendar] Broadcasting 12 events from https://www.officeholidays.com/ics-fed/usa.
Jul 17 05:13:38 server node[1651759]: [2026-07-16 23:13:38.259] [INFO]  [calendar] Broadcasting 24 events from https://raw.githubusercontent.com/clarencechaan/ufc-cal/ics/UFC.ics.
Jul 17 05:13:38 server node[1651759]: [2026-07-16 23:13:38.865] [LOG]   [weather] Weather provider openmeteo initialized for instance module_4_weather
Jul 17 05:13:39 server node[1651759]: [2026-07-16 23:13:39.034] [LOG]   [weather] Weather provider openmeteo initialized for instance module_3_weather
Jul 17 05:13:39 server node[1651759]: [2026-07-16 23:13:39.104] [INFO]  [calendar] Broadcasting 8 events from https://butterflytherapeutics.janeapp.com/REDACTED_PRIVATE_PATH
Jul 17 05:13:39 server node[1651759]: [2026-07-16 23:13:39.443] [INFO]  [calendar] Broadcasting 1331 events from https://cloud.example.com/REDACTED_PRIVATE_PATH
Jul 17 05:13:49 server node[1651759]: [2026-07-16 23:13:49.929] [INFO]  [lib] [MMM-SecondBrain] Loaded 49 Nextcloud phone entries.
Jul 17 05:13:50 server node[1651759]: [2026-07-16 23:13:50.264] [LOG]   [MMM-SecondBrain] [MMM-SecondBrain] Publishing 4 item(s) to display.
Jul 17 05:14:48 server node[1651759]: [2026-07-16 23:14:48.323] [LOG]   [MMM-SecondBrain] [MMM-SecondBrain] Publishing 4 item(s) to display.
Jul 17 05:15:55 server node[1651759]: [2026-07-16 23:15:55.520] [LOG]   [MMM-SecondBrain] [MMM-SecondBrain] Publishing 4 item(s) to display.
Jul 17 05:16:45 server node[1651759]: [2026-07-16 23:16:45.070] [LOG]   [MMM-SecondBrain] [MMM-SecondBrain] Publishing 4 item(s) to display.
Jul 17 05:16:55 server node[1651759]: [2026-07-16 23:16:55.077] [LOG]   [MMM-SecondBrain] [MMM-SecondBrain] Publishing 4 item(s) to display.
Jul 17 05:17:53 server node[1651759]: [2026-07-16 23:17:53.390] [LOG]   [MMM-SecondBrain] [MMM-SecondBrain] Publishing 4 item(s) to display.
Jul 17 05:18:45 server node[1651759]: [2026-07-16 23:18:45.268] [LOG]   [MMM-SecondBrain] [MMM-SecondBrain] Publishing 4 item(s) to display.
Jul 17 05:18:57 server node[1651759]: [2026-07-16 23:18:57.178] [LOG]   [MMM-SecondBrain] [MMM-SecondBrain] Publishing 4 item(s) to display.
Jul 17 05:19:44 server node[1651759]: [2026-07-16 23:19:44.973] [LOG]   [MMM-SecondBrain] [MMM-SecondBrain] Publishing 4 item(s) to display.
Jul 17 05:19:56 server node[1651759]: [2026-07-16 23:19:56.657] [LOG]   [MMM-SecondBrain] [MMM-SecondBrain] Publishing 4 item(s) to display.
Jul 17 05:20:51 server node[1651759]: [2026-07-16 23:20:51.728] [LOG]   [MMM-SecondBrain] [MMM-SecondBrain] Publishing 4 item(s) to display.
Jul 17 05:21:44 server node[1651759]: [2026-07-16 23:21:44.772] [LOG]   [MMM-SecondBrain] [MMM-SecondBrain] Publishing 4 item(s) to display.
Jul 17 05:21:55 server node[1651759]: [2026-07-16 23:21:55.048] [LOG]   [MMM-SecondBrain] [MMM-SecondBrain] Publishing 4 item(s) to display.
Jul 17 05:22:49 server node[1651759]: [2026-07-16 23:22:49.182] [LOG]   [MMM-SecondBrain] [MMM-SecondBrain] Publishing 4 item(s) to display.
Jul 17 05:23:44 server node[1651759]: [2026-07-16 23:23:44.581] [LOG]   [MMM-SecondBrain] [MMM-SecondBrain] Publishing 3 item(s) to display.
Jul 17 05:23:55 server node[1651759]: [2026-07-16 23:23:55.053] [LOG]   [MMM-SecondBrain] [MMM-SecondBrain] Publishing 3 item(s) to display.
Jul 17 05:24:44 server node[1651759]: [2026-07-16 23:24:44.494] [LOG]   [MMM-SecondBrain] [MMM-SecondBrain] Publishing 3 item(s) to display.
Jul 17 05:24:54 server node[1651759]: [2026-07-16 23:24:54.490] [LOG]   [MMM-SecondBrain] [MMM-SecondBrain] Publishing 3 item(s) to display.
Jul 17 05:25:44 server node[1651759]: [2026-07-16 23:25:44.386] [LOG]   [MMM-SecondBrain] [MMM-SecondBrain] Publishing 3 item(s) to display.
Jul 17 05:25:54 server node[1651759]: [2026-07-16 23:25:54.793] [LOG]   [MMM-SecondBrain] [MMM-SecondBrain] Publishing 3 item(s) to display.
Jul 17 05:27:00 server node[1651759]: [2026-07-16 23:27:00.068] [LOG]   [MMM-SecondBrain] [MMM-SecondBrain] Publishing 3 item(s) to display.
Jul 17 05:27:44 server node[1651759]: [2026-07-16 23:27:44.567] [LOG]   [MMM-SecondBrain] [MMM-SecondBrain] Publishing 3 item(s) to display.
Jul 17 05:27:54 server node[1651759]: [2026-07-16 23:27:54.016] [LOG]   [MMM-SecondBrain] [MMM-SecondBrain] Publishing 3 item(s) to display.
Jul 17 05:28:38 server node[1651759]: [2026-07-16 23:28:38.630] [INFO]  [calendar] Broadcasting 12 events from https://www.officeholidays.com/ics-fed/usa.
Jul 17 05:28:38 server node[1651759]: [2026-07-16 23:28:38.897] [INFO]  [calendar] Broadcasting 24 events from https://raw.githubusercontent.com/clarencechaan/ufc-cal/ics/UFC.ics.
Jul 17 05:28:40 server node[1651759]: [2026-07-16 23:28:40.762] [INFO]  [calendar] Broadcasting 1332 events from https://cloud.example.com/REDACTED_PRIVATE_PATH
Jul 17 05:28:40 server node[1651759]: [2026-07-16 23:28:40.786] [INFO]  [calendar] Broadcasting 8 events from https://butterflytherapeutics.janeapp.com/REDACTED_PRIVATE_PATH
Jul 17 05:28:44 server node[1651759]: [2026-07-16 23:28:44.852] [LOG]   [MMM-SecondBrain] [MMM-SecondBrain] Publishing 3 item(s) to display.
Jul 17 05:29:02 server node[1651759]: [2026-07-16 23:29:02.155] [INFO]  [lib] [MMM-SecondBrain] Loaded 49 Nextcloud phone entries.
Jul 17 05:29:02 server node[1651759]: [2026-07-16 23:29:02.511] [LOG]   [MMM-SecondBrain] [MMM-SecondBrain] Publishing 3 item(s) to display.
Jul 17 05:29:44 server node[1651759]: [2026-07-16 23:29:44.660] [LOG]   [MMM-SecondBrain] [MMM-SecondBrain] Publishing 3 item(s) to display.
Jul 17 05:29:53 server node[1651759]: [2026-07-16 23:29:53.604] [LOG]   [MMM-SecondBrain] [MMM-SecondBrain] Publishing 3 item(s) to display.
Jul 17 05:30:44 server node[1651759]: [2026-07-16 23:30:44.398] [LOG]   [MMM-SecondBrain] [MMM-SecondBrain] Publishing 3 item(s) to display.
Jul 17 05:30:55 server node[1651759]: [2026-07-16 23:30:55.254] [LOG]   [MMM-SecondBrain] [MMM-SecondBrain] Publishing 3 item(s) to display.
Jul 17 05:31:44 server node[1651759]: [2026-07-16 23:31:44.348] [LOG]   [MMM-SecondBrain] [MMM-SecondBrain] Publishing 3 item(s) to display.
Jul 17 05:31:54 server node[1651759]: [2026-07-16 23:31:54.238] [LOG]   [MMM-SecondBrain] [MMM-SecondBrain] Publishing 3 item(s) to display.
Jul 17 05:32:44 server node[1651759]: [2026-07-16 23:32:44.730] [LOG]   [MMM-SecondBrain] [MMM-SecondBrain] Publishing 3 item(s) to display.
Jul 17 05:32:55 server node[1651759]: [2026-07-16 23:32:55.237] [LOG]   [MMM-SecondBrain] [MMM-SecondBrain] Publishing 3 item(s) to display.
Jul 17 05:33:44 server node[1651759]: [2026-07-16 23:33:44.547] [LOG]   [MMM-SecondBrain] [MMM-SecondBrain] Publishing 3 item(s) to display.
Jul 17 05:33:54 server node[1651759]: [2026-07-16 23:33:54.238] [LOG]   [MMM-SecondBrain] [MMM-SecondBrain] Publishing 3 item(s) to display.
Jul 17 05:34:44 server node[1651759]: [2026-07-16 23:34:44.363] [LOG]   [MMM-SecondBrain] [MMM-SecondBrain] Publishing 3 item(s) to display.
Jul 17 05:34:54 server node[1651759]: [2026-07-16 23:34:54.279] [LOG]   [MMM-SecondBrain] [MMM-SecondBrain] Publishing 3 item(s) to display.
Jul 17 05:35:43 server node[1651759]: [2026-07-16 23:35:43.893] [LOG]   [MMM-SecondBrain] [MMM-SecondBrain] Publishing 3 item(s) to display.
Jul 17 05:35:56 server node[1651759]: [2026-07-16 23:35:56.378] [LOG]   [MMM-SecondBrain] [MMM-SecondBrain] Publishing 3 item(s) to display.
Jul 17 05:36:44 server node[1651759]: [2026-07-16 23:36:44.289] [LOG]   [MMM-SecondBrain] [MMM-SecondBrain] Publishing 3 item(s) to display.
Jul 17 05:36:55 server node[1651759]: [2026-07-16 23:36:55.155] [LOG]   [MMM-SecondBrain] [MMM-SecondBrain] Publishing 3 item(s) to display.
Jul 17 05:37:45 server node[1651759]: [2026-07-16 23:37:45.482] [LOG]   [MMM-SecondBrain] [MMM-SecondBrain] Publishing 3 item(s) to display.
Jul 17 05:37:54 server node[1651759]: [2026-07-16 23:37:54.724] [LOG]   [MMM-SecondBrain] [MMM-SecondBrain] Publishing 3 item(s) to display.
Jul 17 05:38:44 server node[1651759]: [2026-07-16 23:38:44.508] [LOG]   [MMM-SecondBrain] [MMM-SecondBrain] Publishing 3 item(s) to display.
Jul 17 05:38:56 server node[1651759]: [2026-07-16 23:38:56.847] [LOG]   [MMM-SecondBrain] [MMM-SecondBrain] Publishing 3 item(s) to display.
Jul 17 05:39:44 server node[1651759]: [2026-07-16 23:39:44.326] [LOG]   [MMM-SecondBrain] [MMM-SecondBrain] Publishing 3 item(s) to display.
Jul 17 05:39:54 server node[1651759]: [2026-07-16 23:39:54.643] [LOG]   [MMM-SecondBrain] [MMM-SecondBrain] Publishing 3 item(s) to display.
Jul 17 05:40:44 server node[1651759]: [2026-07-16 23:40:44.954] [LOG]   [MMM-SecondBrain] [MMM-SecondBrain] Publishing 3 item(s) to display.
Jul 17 05:41:22 server node[1651759]: [2026-07-16 23:41:22.618] [LOG]   [MMM-SecondBrain] [MMM-SecondBrain] Publishing 3 item(s) to display.
Jul 17 05:41:44 server node[1651759]: [2026-07-16 23:41:44.108] [LOG]   [MMM-SecondBrain] [MMM-SecondBrain] Publishing 3 item(s) to display.
Jul 17 05:41:54 server node[1651759]: [2026-07-16 23:41:54.063] [LOG]   [MMM-SecondBrain] [MMM-SecondBrain] Publishing 3 item(s) to display.
Jul 17 05:42:44 server node[1651759]: [2026-07-16 23:42:44.667] [LOG]   [MMM-SecondBrain] [MMM-SecondBrain] Publishing 3 item(s) to display.
Jul 17 05:42:54 server node[1651759]: [2026-07-16 23:42:54.611] [LOG]   [MMM-SecondBrain] [MMM-SecondBrain] Publishing 3 item(s) to display.
Jul 17 05:43:39 server node[1651759]: [2026-07-16 23:43:39.156] [INFO]  [calendar] Broadcasting 12 events from https://www.officeholidays.com/ics-fed/usa.
Jul 17 05:43:39 server node[1651759]: [2026-07-16 23:43:39.561] [INFO]  [calendar] Broadcasting 24 events from https://raw.githubusercontent.com/clarencechaan/ufc-cal/ics/UFC.ics.
Jul 17 05:43:41 server node[1651759]: [2026-07-16 23:43:41.962] [INFO]  [calendar] Broadcasting 1332 events from https://cloud.example.com/REDACTED_PRIVATE_PATH
Jul 17 05:43:42 server node[1651759]: [2026-07-16 23:43:42.510] [INFO]  [calendar] Broadcasting 8 events from https://butterflytherapeutics.janeapp.com/REDACTED_PRIVATE_PATH
Jul 17 05:43:44 server node[1651759]: [2026-07-16 23:43:44.168] [LOG]   [MMM-SecondBrain] [MMM-SecondBrain] Publishing 3 item(s) to display.
Jul 17 05:43:54 server node[1651759]: [2026-07-16 23:43:54.207] [LOG]   [MMM-SecondBrain] [MMM-SecondBrain] Publishing 3 item(s) to display.
Jul 17 05:44:49 server node[1651759]: [2026-07-16 23:44:49.316] [INFO]  [lib] [MMM-SecondBrain] Loaded 49 Nextcloud phone entries.
Jul 17 05:44:49 server node[1651759]: [2026-07-16 23:44:49.612] [LOG]   [MMM-SecondBrain] [MMM-SecondBrain] Publishing 3 item(s) to display.
Jul 17 05:45:47 server node[1651759]: [2026-07-16 23:45:47.828] [LOG]   [MMM-SecondBrain] [MMM-SecondBrain] Publishing 3 item(s) to display.
Jul 17 05:46:44 server node[1651759]: [2026-07-16 23:46:44.927] [LOG]   [MMM-SecondBrain] [MMM-SecondBrain] Publishing 3 item(s) to display.
Jul 17 05:46:55 server node[1651759]: [2026-07-16 23:46:55.498] [LOG]   [MMM-SecondBrain] [MMM-SecondBrain] Publishing 3 item(s) to display.
Jul 17 05:47:44 server node[1651759]: [2026-07-16 23:47:44.850] [LOG]   [MMM-SecondBrain] [MMM-SecondBrain] Publishing 3 item(s) to display.
Jul 17 05:47:54 server node[1651759]: [2026-07-16 23:47:54.365] [LOG]   [MMM-SecondBrain] [MMM-SecondBrain] Publishing 3 item(s) to display.
Jul 17 05:49:51 server node[1651759]: [2026-07-16 23:49:51.709] [LOG]   [MMM-SecondBrain] [MMM-SecondBrain] Publishing 3 item(s) to display.
Jul 17 05:50:44 server node[1651759]: [2026-07-16 23:50:44.955] [LOG]   [MMM-SecondBrain] [MMM-SecondBrain] Publishing 3 item(s) to display.
Jul 17 05:50:54 server node[1651759]: [2026-07-16 23:50:54.255] [LOG]   [MMM-SecondBrain] [MMM-SecondBrain] Publishing 3 item(s) to display.
Jul 17 05:51:44 server node[1651759]: [2026-07-16 23:51:44.495] [LOG]   [MMM-SecondBrain] [MMM-SecondBrain] Publishing 3 item(s) to display.
Jul 17 05:51:56 server node[1651759]: [2026-07-16 23:51:56.898] [LOG]   [MMM-SecondBrain] [MMM-SecondBrain] Publishing 3 item(s) to display.
Jul 17 05:52:46 server node[1651759]: [2026-07-16 23:52:46.118] [LOG]   [MMM-SecondBrain] [MMM-SecondBrain] Publishing 3 item(s) to display.
Jul 17 05:52:54 server node[1651759]: [2026-07-16 23:52:54.519] [LOG]   [MMM-SecondBrain] [MMM-SecondBrain] Publishing 3 item(s) to display.
Jul 17 05:53:45 server node[1651759]: [2026-07-16 23:53:45.177] [LOG]   [MMM-SecondBrain] [MMM-SecondBrain] Publishing 3 item(s) to display.
Jul 17 05:53:55 server node[1651759]: [2026-07-16 23:53:55.718] [LOG]   [MMM-SecondBrain] [MMM-SecondBrain] Publishing 3 item(s) to display.
Jul 17 05:54:45 server node[1651759]: [2026-07-16 23:54:45.232] [LOG]   [MMM-SecondBrain] [MMM-SecondBrain] Publishing 3 item(s) to display.
Jul 17 05:54:55 server node[1651759]: [2026-07-16 23:54:55.080] [LOG]   [MMM-SecondBrain] [MMM-SecondBrain] Publishing 3 item(s) to display.
Jul 17 05:55:44 server node[1651759]: [2026-07-16 23:55:44.515] [LOG]   [MMM-SecondBrain] [MMM-SecondBrain] Publishing 3 item(s) to display.
Jul 17 05:55:54 server node[1651759]: [2026-07-16 23:55:54.466] [LOG]   [MMM-SecondBrain] [MMM-SecondBrain] Publishing 3 item(s) to display.
Jul 17 05:56:44 server node[1651759]: [2026-07-16 23:56:44.354] [LOG]   [MMM-SecondBrain] [MMM-SecondBrain] Publishing 3 item(s) to display.
Jul 17 05:57:09 server node[1651759]: [2026-07-16 23:57:09.019] [LOG]   [MMM-SecondBrain] [MMM-SecondBrain] Publishing 3 item(s) to display.
Jul 17 05:57:44 server node[1651759]: [2026-07-16 23:57:44.468] [LOG]   [MMM-SecondBrain] [MMM-SecondBrain] Publishing 3 item(s) to display.
Jul 17 05:58:00 server node[1651759]: [2026-07-16 23:58:00.219] [LOG]   [MMM-SecondBrain] [MMM-SecondBrain] Publishing 3 item(s) to display.
Jul 17 05:58:44 server node[1651759]: [2026-07-16 23:58:44.179] [INFO]  [calendar] Broadcasting 8 events from https://butterflytherapeutics.janeapp.com/REDACTED_PRIVATE_PATH
Jul 17 05:58:51 server node[1651759]: [2026-07-16 23:58:51.121] [INFO]  [calendar] Broadcasting 12 events from https://www.officeholidays.com/ics-fed/usa.
Jul 17 05:58:51 server node[1651759]: [2026-07-16 23:58:51.513] [INFO]  [calendar] Broadcasting 24 events from https://raw.githubusercontent.com/clarencechaan/ufc-cal/ics/UFC.ics.
Jul 17 05:58:54 server node[1651759]: [2026-07-16 23:58:54.401] [INFO]  [calendar] Broadcasting 1332 events from https://cloud.example.com/REDACTED_PRIVATE_PATH
Jul 17 05:58:56 server node[1651759]: [2026-07-16 23:58:56.895] [ERROR] [lib] [MMM-SecondBrain] Gmail IMAP account personal.json failed: read ECONNRESET
Jul 17 05:58:56 server node[1651759]: [2026-07-16 23:58:56.895] [LOG]   [MMM-SecondBrain] [MMM-SecondBrain] Publishing 1 item(s) to display.
Jul 17 05:59:44 server node[1651759]: [2026-07-16 23:59:44.435] [LOG]   [MMM-SecondBrain] [MMM-SecondBrain] Publishing 3 item(s) to display.
Jul 17 05:59:59 server node[1651759]: [2026-07-16 23:59:59.572] [INFO]  [lib] [MMM-SecondBrain] Loaded 49 Nextcloud phone entries.
Jul 17 05:59:59 server node[1651759]: [2026-07-16 23:59:59.901] [LOG]   [MMM-SecondBrain] [MMM-SecondBrain] Publishing 3 item(s) to display.
Jul 17 06:00:44 server node[1651759]: [2026-07-17 00:00:44.847] [LOG]   [MMM-SecondBrain] [MMM-SecondBrain] Publishing 3 item(s) to display.
Jul 17 06:01:15 server node[1651759]: [2026-07-17 00:01:15.739] [LOG]   [MMM-SecondBrain] [MMM-SecondBrain] Publishing 3 item(s) to display.
Jul 17 06:01:45 server node[1651759]: [2026-07-17 00:01:45.002] [LOG]   [MMM-SecondBrain] [MMM-SecondBrain] Publishing 3 item(s) to display.
Jul 17 06:01:55 server node[1651759]: [2026-07-17 00:01:55.610] [LOG]   [MMM-SecondBrain] [MMM-SecondBrain] Publishing 3 item(s) to display.
Jul 17 06:02:45 server node[1651759]: [2026-07-17 00:02:45.188] [LOG]   [MMM-SecondBrain] [MMM-SecondBrain] Publishing 3 item(s) to display.
Jul 17 06:02:54 server node[1651759]: [2026-07-17 00:02:54.507] [LOG]   [MMM-SecondBrain] [MMM-SecondBrain] Publishing 3 item(s) to display.
Jul 17 06:03:44 server node[1651759]: [2026-07-17 00:03:44.627] [LOG]   [MMM-SecondBrain] [MMM-SecondBrain] Publishing 3 item(s) to display.
Jul 17 06:03:55 server node[1651759]: [2026-07-17 00:03:55.232] [LOG]   [MMM-SecondBrain] [MMM-SecondBrain] Publishing 3 item(s) to display.
Jul 17 06:04:47 server node[1651759]: [2026-07-17 00:04:47.614] [LOG]   [MMM-SecondBrain] [MMM-SecondBrain] Publishing 3 item(s) to display.
Jul 17 06:06:25 server node[1651759]: [2026-07-17 00:06:25.194] [LOG]   [MMM-SecondBrain] [MMM-SecondBrain] Publishing 3 item(s) to display.
Jul 17 06:06:56 server node[1651759]: [2026-07-17 00:06:56.898] [ERROR] [lib] [MMM-SecondBrain] Gmail IMAP account personal.json failed: read ECONNRESET
Jul 17 06:06:56 server node[1651759]: [2026-07-17 00:06:56.898] [LOG]   [MMM-SecondBrain] [MMM-SecondBrain] Publishing 1 item(s) to display.
Jul 17 06:07:45 server node[1651759]: [2026-07-17 00:07:45.947] [LOG]   [MMM-SecondBrain] [MMM-SecondBrain] Publishing 3 item(s) to display.
Jul 17 06:07:55 server node[1651759]: [2026-07-17 00:07:55.770] [LOG]   [MMM-SecondBrain] [MMM-SecondBrain] Publishing 3 item(s) to display.
Jul 17 06:08:44 server node[1651759]: [2026-07-17 00:08:44.658] [LOG]   [MMM-SecondBrain] [MMM-SecondBrain] Publishing 3 item(s) to display.
Jul 17 06:08:54 server node[1651759]: [2026-07-17 00:08:54.378] [LOG]   [MMM-SecondBrain] [MMM-SecondBrain] Publishing 3 item(s) to display.
Jul 17 06:09:47 server node[1651759]: [2026-07-17 00:09:47.042] [LOG]   [MMM-SecondBrain] [MMM-SecondBrain] Publishing 3 item(s) to display.
Jul 17 06:09:57 server node[1651759]: [2026-07-17 00:09:57.103] [LOG]   [MMM-SecondBrain] [MMM-SecondBrain] Publishing 3 item(s) to display.
Jul 17 06:10:45 server node[1651759]: [2026-07-17 00:10:45.414] [LOG]   [MMM-SecondBrain] [MMM-SecondBrain] Publishing 3 item(s) to display.
Jul 17 06:10:55 server node[1651759]: [2026-07-17 00:10:55.230] [LOG]   [MMM-SecondBrain] [MMM-SecondBrain] Publishing 3 item(s) to display.
Jul 17 06:11:44 server node[1651759]: [2026-07-17 00:11:44.074] [LOG]   [MMM-SecondBrain] [MMM-SecondBrain] Publishing 3 item(s) to display.
Jul 17 06:11:54 server node[1651759]: [2026-07-17 00:11:54.298] [LOG]   [MMM-SecondBrain] [MMM-SecondBrain] Publishing 3 item(s) to display.
Jul 17 06:12:44 server node[1651759]: [2026-07-17 00:12:44.381] [LOG]   [MMM-SecondBrain] [MMM-SecondBrain] Publishing 3 item(s) to display.
Jul 17 06:12:54 server node[1651759]: [2026-07-17 00:12:54.454] [LOG]   [MMM-SecondBrain] [MMM-SecondBrain] Publishing 3 item(s) to display.
Jul 17 06:13:44 server node[1651759]: [2026-07-17 00:13:44.194] [LOG]   [MMM-SecondBrain] [MMM-SecondBrain] Publishing 3 item(s) to display.
Jul 17 06:13:45 server node[1651759]: [2026-07-17 00:13:45.795] [INFO]  [calendar] Broadcasting 7 events from https://butterflytherapeutics.janeapp.com/REDACTED_PRIVATE_PATH
Jul 17 06:13:51 server node[1651759]: [2026-07-17 00:13:51.802] [INFO]  [calendar] Broadcasting 12 events from https://www.officeholidays.com/ics-fed/usa.
Jul 17 06:13:52 server node[1651759]: [2026-07-17 00:13:52.042] [INFO]  [calendar] Broadcasting 24 events from https://raw.githubusercontent.com/clarencechaan/ufc-cal/ics/UFC.ics.
Jul 17 06:13:54 server node[1651759]: [2026-07-17 00:13:54.447] [LOG]   [MMM-SecondBrain] [MMM-SecondBrain] Publishing 3 item(s) to display.
Jul 17 06:13:55 server node[1651759]: [2026-07-17 00:13:55.588] [INFO]  [calendar] Broadcasting 1386 events from https://cloud.example.com/REDACTED_PRIVATE_PATH
Jul 17 06:14:44 server node[1651759]: [2026-07-17 00:14:44.183] [LOG]   [MMM-SecondBrain] [MMM-SecondBrain] Publishing 3 item(s) to display.
Jul 17 06:14:54 server node[1651759]: [2026-07-17 00:14:54.720] [LOG]   [MMM-SecondBrain] [MMM-SecondBrain] Publishing 3 item(s) to display.
Jul 17 06:15:49 server node[1651759]: [2026-07-17 00:15:49.827] [INFO]  [lib] [MMM-SecondBrain] Loaded 49 Nextcloud phone entries.
Jul 17 06:15:50 server node[1651759]: [2026-07-17 00:15:50.127] [LOG]   [MMM-SecondBrain] [MMM-SecondBrain] Publishing 3 item(s) to display.
Jul 17 06:16:44 server node[1651759]: [2026-07-17 00:16:44.554] [LOG]   [MMM-SecondBrain] [MMM-SecondBrain] Publishing 3 item(s) to display.
Jul 17 06:16:54 server node[1651759]: [2026-07-17 00:16:54.562] [LOG]   [MMM-SecondBrain] [MMM-SecondBrain] Publishing 3 item(s) to display.
Jul 17 06:17:44 server node[1651759]: [2026-07-17 00:17:44.210] [LOG]   [MMM-SecondBrain] [MMM-SecondBrain] Publishing 3 item(s) to display.
Jul 17 06:18:03 server node[1651759]: [2026-07-17 00:18:03.057] [LOG]   [MMM-SecondBrain] [MMM-SecondBrain] Publishing 3 item(s) to display.
Jul 17 06:18:46 server node[1651759]: [2026-07-17 00:18:46.189] [LOG]   [MMM-SecondBrain] [MMM-SecondBrain] Publishing 3 item(s) to display.
Jul 17 06:18:53 server node[1651759]: [2026-07-17 00:18:53.966] [LOG]   [MMM-SecondBrain] [MMM-SecondBrain] Publishing 3 item(s) to display.
Jul 17 06:19:56 server node[1651759]: [2026-07-17 00:19:56.932] [ERROR] [lib] [MMM-SecondBrain] Gmail IMAP account personal.json failed: read ECONNRESET
Jul 17 06:19:56 server node[1651759]: [2026-07-17 00:19:56.932] [LOG]   [MMM-SecondBrain] [MMM-SecondBrain] Publishing 1 item(s) to display.
Jul 17 06:20:44 server node[1651759]: [2026-07-17 00:20:44.339] [LOG]   [MMM-SecondBrain] [MMM-SecondBrain] Publishing 3 item(s) to display.
Jul 17 06:20:55 server node[1651759]: [2026-07-17 00:20:55.319] [LOG]   [MMM-SecondBrain] [MMM-SecondBrain] Publishing 3 item(s) to display.
Jul 17 06:21:44 server node[1651759]: [2026-07-17 00:21:44.619] [LOG]   [MMM-SecondBrain] [MMM-SecondBrain] Publishing 3 item(s) to display.
Jul 17 06:21:54 server node[1651759]: [2026-07-17 00:21:54.447] [LOG]   [MMM-SecondBrain] [MMM-SecondBrain] Publishing 3 item(s) to display.
Jul 17 06:22:44 server node[1651759]: [2026-07-17 00:22:44.589] [LOG]   [MMM-SecondBrain] [MMM-SecondBrain] Publishing 3 item(s) to display.
Jul 17 06:22:55 server node[1651759]: [2026-07-17 00:22:55.181] [LOG]   [MMM-SecondBrain] [MMM-SecondBrain] Publishing 3 item(s) to display.
Jul 17 06:23:45 server node[1651759]: [2026-07-17 00:23:45.303] [LOG]   [MMM-SecondBrain] [MMM-SecondBrain] Publishing 3 item(s) to display.
Jul 17 06:23:55 server node[1651759]: [2026-07-17 00:23:55.435] [LOG]   [MMM-SecondBrain] [MMM-SecondBrain] Publishing 3 item(s) to display.
Jul 17 06:24:44 server node[1651759]: [2026-07-17 00:24:44.806] [LOG]   [MMM-SecondBrain] [MMM-SecondBrain] Publishing 3 item(s) to display.
Jul 17 06:24:54 server node[1651759]: [2026-07-17 00:24:54.506] [LOG]   [MMM-SecondBrain] [MMM-SecondBrain] Publishing 3 item(s) to display.
Jul 17 06:25:44 server node[1651759]: [2026-07-17 00:25:44.404] [LOG]   [MMM-SecondBrain] [MMM-SecondBrain] Publishing 3 item(s) to display.
Jul 17 06:26:16 server node[1651759]: [2026-07-17 00:26:16.556] [LOG]   [MMM-SecondBrain] [MMM-SecondBrain] Publishing 3 item(s) to display.
Jul 17 06:26:45 server node[1651759]: [2026-07-17 00:26:45.406] [LOG]   [MMM-SecondBrain] [MMM-SecondBrain] Publishing 3 item(s) to display.
Jul 17 06:27:06 server node[1651759]: [2026-07-17 00:27:06.479] [LOG]   [MMM-SecondBrain] [MMM-SecondBrain] Publishing 3 item(s) to display.
Jul 17 06:27:44 server node[1651759]: [2026-07-17 00:27:44.188] [LOG]   [MMM-SecondBrain] [MMM-SecondBrain] Publishing 3 item(s) to display.
Jul 17 06:27:56 server node[1651759]: [2026-07-17 00:27:56.770] [LOG]   [MMM-SecondBrain] [MMM-SecondBrain] Publishing 3 item(s) to display.
Jul 17 06:28:45 server node[1651759]: [2026-07-17 00:28:45.639] [LOG]   [MMM-SecondBrain] [MMM-SecondBrain] Publishing 3 item(s) to display.
Jul 17 06:28:47 server node[1651759]: [2026-07-17 00:28:47.414] [INFO]  [calendar] Broadcasting 7 events from https://butterflytherapeutics.janeapp.com/REDACTED_PRIVATE_PATH
Jul 17 06:28:52 server node[1651759]: [2026-07-17 00:28:52.481] [INFO]  [calendar] Broadcasting 12 events from https://www.officeholidays.com/ics-fed/usa.
Jul 17 06:28:52 server node[1651759]: [2026-07-17 00:28:52.664] [INFO]  [calendar] Broadcasting 24 events from https://raw.githubusercontent.com/clarencechaan/ufc-cal/ics/UFC.ics.
Jul 17 06:28:53 server node[1651759]: [2026-07-17 00:28:53.887] [LOG]   [MMM-SecondBrain] [MMM-SecondBrain] Publishing 3 item(s) to display.
Jul 17 06:28:56 server node[1651759]: [2026-07-17 00:28:56.856] [INFO]  [calendar] Broadcasting 1386 events from https://cloud.example.com/REDACTED_PRIVATE_PATH
Jul 17 06:29:44 server node[1651759]: [2026-07-17 00:29:44.527] [LOG]   [MMM-SecondBrain] [MMM-SecondBrain] Publishing 3 item(s) to display.
Jul 17 06:30:03 server node[1651759]: [2026-07-17 00:30:03.618] [LOG]   [MMM-SecondBrain] [MMM-SecondBrain] Publishing 3 item(s) to display.
Jul 17 06:30:43 server node[1651759]: [2026-07-17 00:30:43.951] [LOG]   [MMM-SecondBrain] [MMM-SecondBrain] Publishing 3 item(s) to display.
Jul 17 06:30:59 server node[1651759]: [2026-07-17 00:30:59.264] [INFO]  [lib] [MMM-SecondBrain] Loaded 49 Nextcloud phone entries.
Jul 17 06:30:59 server node[1651759]: [2026-07-17 00:30:59.563] [LOG]   [MMM-SecondBrain] [MMM-SecondBrain] Publishing 3 item(s) to display.
Jul 17 06:31:44 server node[1651759]: [2026-07-17 00:31:44.481] [LOG]   [MMM-SecondBrain] [MMM-SecondBrain] Publishing 3 item(s) to display.
Jul 17 06:31:54 server node[1651759]: [2026-07-17 00:31:54.543] [LOG]   [MMM-SecondBrain] [MMM-SecondBrain] Publishing 3 item(s) to display.
Jul 17 06:32:44 server node[1651759]: [2026-07-17 00:32:44.435] [LOG]   [MMM-SecondBrain] [MMM-SecondBrain] Publishing 3 item(s) to display.
Jul 17 06:32:55 server node[1651759]: [2026-07-17 00:32:55.226] [LOG]   [MMM-SecondBrain] [MMM-SecondBrain] Publishing 3 item(s) to display.
Jul 17 06:33:44 server node[1651759]: [2026-07-17 00:33:44.959] [LOG]   [MMM-SecondBrain] [MMM-SecondBrain] Publishing 3 item(s) to display.
Jul 17 06:33:54 server node[1651759]: [2026-07-17 00:33:54.243] [LOG]   [MMM-SecondBrain] [MMM-SecondBrain] Publishing 3 item(s) to display.
Jul 17 06:34:43 server node[1651759]: [2026-07-17 00:34:43.935] [LOG]   [MMM-SecondBrain] [MMM-SecondBrain] Publishing 3 item(s) to display.
Jul 17 06:34:54 server node[1651759]: [2026-07-17 00:34:54.473] [LOG]   [MMM-SecondBrain] [MMM-SecondBrain] Publishing 3 item(s) to display.
Jul 17 06:35:44 server node[1651759]: [2026-07-17 00:35:44.544] [LOG]   [MMM-SecondBrain] [MMM-SecondBrain] Publishing 3 item(s) to display.
Jul 17 06:35:54 server node[1651759]: [2026-07-17 00:35:54.470] [LOG]   [MMM-SecondBrain] [MMM-SecondBrain] Publishing 3 item(s) to display.
Jul 17 06:36:44 server node[1651759]: [2026-07-17 00:36:44.458] [LOG]   [MMM-SecondBrain] [MMM-SecondBrain] Publishing 3 item(s) to display.
Jul 17 06:36:54 server node[1651759]: [2026-07-17 00:36:54.470] [LOG]   [MMM-SecondBrain] [MMM-SecondBrain] Publishing 3 item(s) to display.
Jul 17 06:37:46 server node[1651759]: [2026-07-17 00:37:46.070] [LOG]   [MMM-SecondBrain] [MMM-SecondBrain] Publishing 3 item(s) to display.
Jul 17 06:37:54 server node[1651759]: [2026-07-17 00:37:54.747] [LOG]   [MMM-SecondBrain] [MMM-SecondBrain] Publishing 3 item(s) to display.
Jul 17 06:38:52 server node[1651759]: [2026-07-17 00:38:52.375] [LOG]   [MMM-SecondBrain] [MMM-SecondBrain] Publishing 3 item(s) to display.
Jul 17 06:39:43 server node[1651759]: [2026-07-17 00:39:43.863] [LOG]   [MMM-SecondBrain] [MMM-SecondBrain] Publishing 3 item(s) to display.
Jul 17 06:39:55 server node[1651759]: [2026-07-17 00:39:55.239] [LOG]   [MMM-SecondBrain] [MMM-SecondBrain] Publishing 3 item(s) to display.
Jul 17 06:40:44 server node[1651759]: [2026-07-17 00:40:44.512] [LOG]   [MMM-SecondBrain] [MMM-SecondBrain] Publishing 3 item(s) to display.
Jul 17 06:40:54 server node[1651759]: [2026-07-17 00:40:54.487] [LOG]   [MMM-SecondBrain] [MMM-SecondBrain] Publishing 3 item(s) to display.
Jul 17 06:41:59 server node[1651759]: [2026-07-17 00:41:59.895] [LOG]   [MMM-SecondBrain] [MMM-SecondBrain] Publishing 3 item(s) to display.
Jul 17 06:42:44 server node[1651759]: [2026-07-17 00:42:44.601] [LOG]   [MMM-SecondBrain] [MMM-SecondBrain] Publishing 3 item(s) to display.
Jul 17 06:42:54 server node[1651759]: [2026-07-17 00:42:54.511] [LOG]   [MMM-SecondBrain] [MMM-SecondBrain] Publishing 3 item(s) to display.
Jul 17 06:43:46 server node[1651759]: [2026-07-17 00:43:46.663] [LOG]   [MMM-SecondBrain] [MMM-SecondBrain] Publishing 3 item(s) to display.
Jul 17 06:43:48 server node[1651759]: [2026-07-17 00:43:48.934] [INFO]  [calendar] Broadcasting 7 events from https://butterflytherapeutics.janeapp.com/REDACTED_PRIVATE_PATH
Jul 17 06:43:53 server node[1651759]: [2026-07-17 00:43:53.019] [INFO]  [calendar] Broadcasting 12 events from https://www.officeholidays.com/ics-fed/usa.
Jul 17 06:43:53 server node[1651759]: [2026-07-17 00:43:53.336] [INFO]  [calendar] Broadcasting 24 events from https://raw.githubusercontent.com/clarencechaan/ufc-cal/ics/UFC.ics.
Jul 17 06:43:54 server node[1651759]: [2026-07-17 00:43:54.985] [LOG]   [MMM-SecondBrain] [MMM-SecondBrain] Publishing 3 item(s) to display.
Jul 17 06:43:58 server node[1651759]: [2026-07-17 00:43:58.076] [INFO]  [calendar] Broadcasting 1386 events from https://cloud.example.com/REDACTED_PRIVATE_PATH
Jul 17 06:44:44 server node[1651759]: [2026-07-17 00:44:44.318] [LOG]   [MMM-SecondBrain] [MMM-SecondBrain] Publishing 3 item(s) to display.
Jul 17 06:44:56 server node[1651759]: [2026-07-17 00:44:56.966] [LOG]   [MMM-SecondBrain] [MMM-SecondBrain] Publishing 3 item(s) to display.
Jul 17 06:45:44 server node[1651759]: [2026-07-17 00:45:44.510] [LOG]   [MMM-SecondBrain] [MMM-SecondBrain] Publishing 3 item(s) to display.
Jul 17 06:45:54 server node[1651759]: [2026-07-17 00:45:54.382] [LOG]   [MMM-SecondBrain] [MMM-SecondBrain] Publishing 3 item(s) to display.
Jul 17 06:46:49 server node[1651759]: [2026-07-17 00:46:49.959] [INFO]  [lib] [MMM-SecondBrain] Loaded 49 Nextcloud phone entries.
Jul 17 06:46:50 server node[1651759]: [2026-07-17 00:46:50.282] [LOG]   [MMM-SecondBrain] [MMM-SecondBrain] Publishing 3 item(s) to display.
Jul 17 06:47:44 server node[1651759]: [2026-07-17 00:47:44.538] [LOG]   [MMM-SecondBrain] [MMM-SecondBrain] Publishing 3 item(s) to display.
Jul 17 06:47:54 server node[1651759]: [2026-07-17 00:47:54.249] [LOG]   [MMM-SecondBrain] [MMM-SecondBrain] Publishing 3 item(s) to display.
Jul 17 06:48:44 server node[1651759]: [2026-07-17 00:48:44.687] [LOG]   [MMM-SecondBrain] [MMM-SecondBrain] Publishing 3 item(s) to display.
Jul 17 06:49:22 server node[1651759]: [2026-07-17 00:49:22.667] [LOG]   [MMM-SecondBrain] [MMM-SecondBrain] Publishing 3 item(s) to display.
Jul 17 06:49:44 server node[1651759]: [2026-07-17 00:49:44.359] [LOG]   [MMM-SecondBrain] [MMM-SecondBrain] Publishing 3 item(s) to display.
Jul 17 06:49:54 server node[1651759]: [2026-07-17 00:49:54.562] [LOG]   [MMM-SecondBrain] [MMM-SecondBrain] Publishing 3 item(s) to display.
Jul 17 06:50:44 server node[1651759]: [2026-07-17 00:50:44.691] [LOG]   [MMM-SecondBrain] [MMM-SecondBrain] Publishing 3 item(s) to display.
Jul 17 06:50:54 server node[1651759]: [2026-07-17 00:50:54.295] [LOG]   [MMM-SecondBrain] [MMM-SecondBrain] Publishing 3 item(s) to display.
Jul 17 06:51:44 server node[1651759]: [2026-07-17 00:51:44.265] [LOG]   [MMM-SecondBrain] [MMM-SecondBrain] Publishing 3 item(s) to display.
Jul 17 06:51:54 server node[1651759]: [2026-07-17 00:51:54.815] [LOG]   [MMM-SecondBrain] [MMM-SecondBrain] Publishing 3 item(s) to display.
Jul 17 06:52:44 server node[1651759]: [2026-07-17 00:52:44.834] [LOG]   [MMM-SecondBrain] [MMM-SecondBrain] Publishing 3 item(s) to display.
Jul 17 06:52:54 server node[1651759]: [2026-07-17 00:52:54.439] [LOG]   [MMM-SecondBrain] [MMM-SecondBrain] Publishing 3 item(s) to display.
Jul 17 06:53:56 server node[1651759]: [2026-07-17 00:53:56.740] [ERROR] [lib] [MMM-SecondBrain] Gmail IMAP account personal.json failed: read ECONNRESET
Jul 17 06:53:56 server node[1651759]: [2026-07-17 00:53:56.740] [LOG]   [MMM-SecondBrain] [MMM-SecondBrain] Publishing 1 item(s) to display.
Jul 17 06:54:44 server node[1651759]: [2026-07-17 00:54:44.128] [LOG]   [MMM-SecondBrain] [MMM-SecondBrain] Publishing 3 item(s) to display.
Jul 17 06:54:56 server node[1651759]: [2026-07-17 00:54:56.065] [LOG]   [MMM-SecondBrain] [MMM-SecondBrain] Publishing 3 item(s) to display.
Jul 17 06:55:44 server node[1651759]: [2026-07-17 00:55:44.383] [LOG]   [MMM-SecondBrain] [MMM-SecondBrain] Publishing 3 item(s) to display.
Jul 17 06:56:00 server node[1651759]: [2026-07-17 00:56:00.779] [LOG]   [MMM-SecondBrain] [MMM-SecondBrain] Publishing 3 item(s) to display.
Jul 17 06:56:43 server node[1651759]: [2026-07-17 00:56:43.873] [LOG]   [MMM-SecondBrain] [MMM-SecondBrain] Publishing 3 item(s) to display.
Jul 17 06:56:53 server node[1651759]: [2026-07-17 00:56:53.753] [LOG]   [MMM-SecondBrain] [MMM-SecondBrain] Publishing 3 item(s) to display.
Jul 17 06:58:12 server node[1651759]: [2026-07-17 00:58:12.338] [LOG]   [MMM-SecondBrain] [MMM-SecondBrain] Publishing 3 item(s) to display.
Jul 17 06:58:50 server node[1651759]: [2026-07-17 00:58:50.567] [INFO]  [calendar] Broadcasting 7 events from https://butterflytherapeutics.janeapp.com/REDACTED_PRIVATE_PATH
Jul 17 06:58:53 server node[1651759]: [2026-07-17 00:58:53.735] [INFO]  [calendar] Broadcasting 12 events from https://www.officeholidays.com/ics-fed/usa.
Jul 17 06:58:53 server node[1651759]: [2026-07-17 00:58:53.939] [INFO]  [calendar] Broadcasting 24 events from https://raw.githubusercontent.com/clarencechaan/ufc-cal/ics/UFC.ics.
Jul 17 06:58:57 server node[1651759]: [2026-07-17 00:58:57.035] [ERROR] [lib] [MMM-SecondBrain] Gmail IMAP account personal.json failed: read ECONNRESET
Jul 17 06:58:57 server node[1651759]: [2026-07-17 00:58:57.035] [LOG]   [MMM-SecondBrain] [MMM-SecondBrain] Publishing 1 item(s) to display.
Jul 17 06:58:59 server node[1651759]: [2026-07-17 00:58:59.301] [INFO]  [calendar] Broadcasting 1386 events from https://cloud.example.com/REDACTED_PRIVATE_PATH
Jul 17 06:59:43 server node[1651759]: [2026-07-17 00:59:43.880] [LOG]   [MMM-SecondBrain] [MMM-SecondBrain] Publishing 3 item(s) to display.
Jul 17 06:59:59 server node[1651759]: [2026-07-17 00:59:59.041] [LOG]   [MMM-SecondBrain] [MMM-SecondBrain] Publishing 3 item(s) to display.
Jul 17 07:00:43 server node[1651759]: [2026-07-17 01:00:43.927] [LOG]   [MMM-SecondBrain] [MMM-SecondBrain] Publishing 3 item(s) to display.
Jul 17 07:00:54 server node[1651759]: [2026-07-17 01:00:54.108] [LOG]   [MMM-SecondBrain] [MMM-SecondBrain] Publishing 3 item(s) to display.
Jul 17 07:01:44 server node[1651759]: [2026-07-17 01:01:44.540] [LOG]   [MMM-SecondBrain] [MMM-SecondBrain] Publishing 3 item(s) to display.
Jul 17 07:02:04 server node[1651759]: [2026-07-17 01:02:04.148] [INFO]  [lib] [MMM-SecondBrain] Loaded 49 Nextcloud phone entries.
Jul 17 07:02:05 server node[1651759]: [2026-07-17 01:02:05.268] [LOG]   [MMM-SecondBrain] [MMM-SecondBrain] Publishing 3 item(s) to display.
Jul 17 07:02:44 server node[1651759]: [2026-07-17 01:02:44.453] [LOG]   [MMM-SecondBrain] [MMM-SecondBrain] Publishing 3 item(s) to display.
Jul 17 07:02:54 server node[1651759]: [2026-07-17 01:02:54.203] [LOG]   [MMM-SecondBrain] [MMM-SecondBrain] Publishing 3 item(s) to display.
Jul 17 07:03:43 server node[1651759]: [2026-07-17 01:03:43.992] [LOG]   [MMM-SecondBrain] [MMM-SecondBrain] Publishing 3 item(s) to display.
Jul 17 07:04:05 server node[1651759]: [2026-07-17 01:04:05.364] [LOG]   [MMM-SecondBrain] [MMM-SecondBrain] Publishing 3 item(s) to display.
Jul 17 07:04:43 server node[1651759]: [2026-07-17 01:04:43.937] [LOG]   [MMM-SecondBrain] [MMM-SecondBrain] Publishing 3 item(s) to display.
Jul 17 07:04:53 server node[1651759]: [2026-07-17 01:04:53.957] [LOG]   [MMM-SecondBrain] [MMM-SecondBrain] Publishing 3 item(s) to display.
Jul 17 07:05:44 server node[1651759]: [2026-07-17 01:05:44.200] [LOG]   [MMM-SecondBrain] [MMM-SecondBrain] Publishing 3 item(s) to display.
Jul 17 07:05:53 server node[1651759]: [2026-07-17 01:05:53.695] [LOG]   [MMM-SecondBrain] [MMM-SecondBrain] Publishing 3 item(s) to display.
Jul 17 07:06:43 server node[1651759]: [2026-07-17 01:06:43.935] [LOG]   [MMM-SecondBrain] [MMM-SecondBrain] Publishing 3 item(s) to display.
Jul 17 07:06:54 server node[1651759]: [2026-07-17 01:06:54.447] [LOG]   [MMM-SecondBrain] [MMM-SecondBrain] Publishing 3 item(s) to display.
Jul 17 07:07:43 server node[1651759]: [2026-07-17 01:07:43.891] [LOG]   [MMM-SecondBrain] [MMM-SecondBrain] Publishing 3 item(s) to display.
Jul 17 07:07:54 server node[1651759]: [2026-07-17 01:07:54.666] [LOG]   [MMM-SecondBrain] [MMM-SecondBrain] Publishing 3 item(s) to display.
Jul 17 07:08:44 server node[1651759]: [2026-07-17 01:08:44.556] [LOG]   [MMM-SecondBrain] [MMM-SecondBrain] Publishing 3 item(s) to display.
Jul 17 07:09:05 server node[1651759]: [2026-07-17 01:09:05.731] [LOG]   [MMM-SecondBrain] [MMM-SecondBrain] Publishing 3 item(s) to display.
Jul 17 07:09:45 server node[1651759]: [2026-07-17 01:09:45.112] [LOG]   [MMM-SecondBrain] [MMM-SecondBrain] Publishing 3 item(s) to display.
Jul 17 07:09:53 server node[1651759]: [2026-07-17 01:09:53.956] [LOG]   [MMM-SecondBrain] [MMM-SecondBrain] Publishing 3 item(s) to display.
Jul 17 07:10:43 server node[1651759]: [2026-07-17 01:10:43.802] [LOG]   [MMM-SecondBrain] [MMM-SecondBrain] Publishing 3 item(s) to display.
Jul 17 07:10:59 server node[1651759]: [2026-07-17 01:10:59.002] [LOG]   [MMM-SecondBrain] [MMM-SecondBrain] Publishing 3 item(s) to display.
Jul 17 07:11:44 server node[1651759]: [2026-07-17 01:11:44.554] [LOG]   [MMM-SecondBrain] [MMM-SecondBrain] Publishing 3 item(s) to display.
Jul 17 07:11:54 server node[1651759]: [2026-07-17 01:11:54.624] [LOG]   [MMM-SecondBrain] [MMM-SecondBrain] Publishing 3 item(s) to display.
Jul 17 07:12:43 server node[1651759]: [2026-07-17 01:12:43.890] [LOG]   [MMM-SecondBrain] [MMM-SecondBrain] Publishing 3 item(s) to display.
Jul 17 07:12:54 server node[1651759]: [2026-07-17 01:12:54.187] [LOG]   [MMM-SecondBrain] [MMM-SecondBrain] Publishing 3 item(s) to display.
Jul 17 07:13:44 server node[1651759]: [2026-07-17 01:13:44.136] [LOG]   [MMM-SecondBrain] [MMM-SecondBrain] Publishing 3 item(s) to display.
Jul 17 07:13:52 server node[1651759]: [2026-07-17 01:13:52.181] [INFO]  [calendar] Broadcasting 7 events from https://butterflytherapeutics.janeapp.com/REDACTED_PRIVATE_PATH
Jul 17 07:13:54 server node[1651759]: [2026-07-17 01:13:54.201] [LOG]   [MMM-SecondBrain] [MMM-SecondBrain] Publishing 3 item(s) to display.
Jul 17 07:13:54 server node[1651759]: [2026-07-17 01:13:54.411] [INFO]  [calendar] Broadcasting 12 events from https://www.officeholidays.com/ics-fed/usa.
Jul 17 07:13:54 server node[1651759]: [2026-07-17 01:13:54.736] [INFO]  [calendar] Broadcasting 24 events from https://raw.githubusercontent.com/clarencechaan/ufc-cal/ics/UFC.ics.
Jul 17 07:14:00 server node[1651759]: [2026-07-17 01:14:00.569] [INFO]  [calendar] Broadcasting 1386 events from https://cloud.example.com/REDACTED_PRIVATE_PATH
Jul 17 07:14:44 server node[1651759]: [2026-07-17 01:14:44.407] [LOG]   [MMM-SecondBrain] [MMM-SecondBrain] Publishing 3 item(s) to display.
Jul 17 07:15:17 server node[1651759]: [2026-07-17 01:15:17.344] [LOG]   [MMM-SecondBrain] [MMM-SecondBrain] Publishing 3 item(s) to display.
Jul 17 07:15:44 server node[1651759]: [2026-07-17 01:15:44.235] [LOG]   [MMM-SecondBrain] [MMM-SecondBrain] Publishing 3 item(s) to display.
Jul 17 07:15:54 server node[1651759]: [2026-07-17 01:15:54.127] [LOG]   [MMM-SecondBrain] [MMM-SecondBrain] Publishing 3 item(s) to display.
Jul 17 07:16:43 server node[1651759]: [2026-07-17 01:16:43.892] [LOG]   [MMM-SecondBrain] [MMM-SecondBrain] Publishing 3 item(s) to display.
Jul 17 07:16:55 server node[1651759]: [2026-07-17 01:16:55.887] [LOG]   [MMM-SecondBrain] [MMM-SecondBrain] Publishing 3 item(s) to display.
Jul 17 07:17:50 server node[1651759]: [2026-07-17 01:17:50.261] [INFO]  [lib] [MMM-SecondBrain] Loaded 49 Nextcloud phone entries.
Jul 17 07:17:50 server node[1651759]: [2026-07-17 01:17:50.581] [LOG]   [MMM-SecondBrain] [MMM-SecondBrain] Publishing 3 item(s) to display.
Jul 17 07:18:43 server node[1651759]: [2026-07-17 01:18:43.707] [LOG]   [MMM-SecondBrain] [MMM-SecondBrain] Publishing 3 item(s) to display.
Jul 17 07:18:54 server node[1651759]: [2026-07-17 01:18:54.108] [LOG]   [MMM-SecondBrain] [MMM-SecondBrain] Publishing 3 item(s) to display.
Jul 17 07:19:44 server node[1651759]: [2026-07-17 01:19:44.194] [LOG]   [MMM-SecondBrain] [MMM-SecondBrain] Publishing 3 item(s) to display.
Jul 17 07:20:05 server node[1651759]: [2026-07-17 01:20:05.560] [LOG]   [MMM-SecondBrain] [MMM-SecondBrain] Publishing 3 item(s) to display.
Jul 17 07:20:44 server node[1651759]: [2026-07-17 01:20:44.113] [LOG]   [MMM-SecondBrain] [MMM-SecondBrain] Publishing 3 item(s) to display.
Jul 17 07:20:54 server node[1651759]: [2026-07-17 01:20:54.233] [LOG]   [MMM-SecondBrain] [MMM-SecondBrain] Publishing 3 item(s) to display.
Jul 17 07:21:45 server node[1651759]: [2026-07-17 01:21:45.028] [LOG]   [MMM-SecondBrain] [MMM-SecondBrain] Publishing 3 item(s) to display.
Jul 17 07:21:54 server node[1651759]: [2026-07-17 01:21:54.721] [LOG]   [MMM-SecondBrain] [MMM-SecondBrain] Publishing 3 item(s) to display.
Jul 17 07:22:46 server node[1651759]: [2026-07-17 01:22:46.178] [LOG]   [MMM-SecondBrain] [MMM-SecondBrain] Publishing 3 item(s) to display.
Jul 17 07:22:54 server node[1651759]: [2026-07-17 01:22:54.681] [LOG]   [MMM-SecondBrain] [MMM-SecondBrain] Publishing 3 item(s) to display.
Jul 17 07:23:44 server node[1651759]: [2026-07-17 01:23:44.129] [LOG]   [MMM-SecondBrain] [MMM-SecondBrain] Publishing 3 item(s) to display.
Jul 17 07:24:10 server node[1651759]: [2026-07-17 01:24:10.212] [LOG]   [MMM-SecondBrain] [MMM-SecondBrain] Publishing 3 item(s) to display.
Jul 17 07:24:43 server node[1651759]: [2026-07-17 01:24:43.901] [LOG]   [MMM-SecondBrain] [MMM-SecondBrain] Publishing 3 item(s) to display.
Jul 17 07:24:54 server node[1651759]: [2026-07-17 01:24:54.848] [LOG]   [MMM-SecondBrain] [MMM-SecondBrain] Publishing 3 item(s) to display.
Jul 17 07:25:57 server node[1651759]: [2026-07-17 01:25:57.932] [LOG]   [MMM-SecondBrain] [MMM-SecondBrain] Publishing 3 item(s) to display.
Jul 17 07:26:43 server node[1651759]: [2026-07-17 01:26:43.886] [LOG]   [MMM-SecondBrain] [MMM-SecondBrain] Publishing 3 item(s) to display.
Jul 17 07:26:54 server node[1651759]: [2026-07-17 01:26:54.081] [LOG]   [MMM-SecondBrain] [MMM-SecondBrain] Publishing 3 item(s) to display.
Jul 17 07:27:44 server node[1651759]: [2026-07-17 01:27:44.204] [LOG]   [MMM-SecondBrain] [MMM-SecondBrain] Publishing 3 item(s) to display.
Jul 17 07:27:54 server node[1651759]: [2026-07-17 01:27:54.168] [LOG]   [MMM-SecondBrain] [MMM-SecondBrain] Publishing 3 item(s) to display.
Jul 17 07:28:43 server node[1651759]: [2026-07-17 01:28:43.852] [LOG]   [MMM-SecondBrain] [MMM-SecondBrain] Publishing 3 item(s) to display.
Jul 17 07:28:54 server node[1651759]: [2026-07-17 01:28:54.030] [INFO]  [calendar] Broadcasting 7 events from https://butterflytherapeutics.janeapp.com/REDACTED_PRIVATE_PATH
Jul 17 07:28:54 server node[1651759]: [2026-07-17 01:28:54.088] [LOG]   [MMM-SecondBrain] [MMM-SecondBrain] Publishing 3 item(s) to display.
Jul 17 07:28:54 server node[1651759]: [2026-07-17 01:28:54.950] [INFO]  [calendar] Broadcasting 12 events from https://www.officeholidays.com/ics-fed/usa.
Jul 17 07:28:55 server node[1651759]: [2026-07-17 01:28:55.394] [INFO]  [calendar] Broadcasting 24 events from https://raw.githubusercontent.com/clarencechaan/ufc-cal/ics/UFC.ics.
Jul 17 07:29:01 server node[1651759]: [2026-07-17 01:29:01.758] [INFO]  [calendar] Broadcasting 1386 events from https://cloud.example.com/REDACTED_PRIVATE_PATH
Jul 17 07:29:44 server node[1651759]: [2026-07-17 01:29:44.277] [LOG]   [MMM-SecondBrain] [MMM-SecondBrain] Publishing 3 item(s) to display.
Jul 17 07:29:54 server node[1651759]: [2026-07-17 01:29:54.714] [LOG]   [MMM-SecondBrain] [MMM-SecondBrain] Publishing 3 item(s) to display.
Jul 17 07:30:44 server node[1651759]: [2026-07-17 01:30:44.025] [LOG]   [MMM-SecondBrain] [MMM-SecondBrain] Publishing 3 item(s) to display.
Jul 17 07:30:54 server node[1651759]: [2026-07-17 01:30:54.913] [LOG]   [MMM-SecondBrain] [MMM-SecondBrain] Publishing 3 item(s) to display.
Jul 17 07:31:44 server node[1651759]: [2026-07-17 01:31:44.251] [LOG]   [MMM-SecondBrain] [MMM-SecondBrain] Publishing 3 item(s) to display.
Jul 17 07:31:55 server node[1651759]: [2026-07-17 01:31:55.508] [LOG]   [MMM-SecondBrain] [MMM-SecondBrain] Publishing 3 item(s) to display.
Jul 17 07:32:44 server node[1651759]: [2026-07-17 01:32:44.061] [LOG]   [MMM-SecondBrain] [MMM-SecondBrain] Publishing 3 item(s) to display.
Jul 17 07:32:59 server node[1651759]: [2026-07-17 01:32:59.490] [INFO]  [lib] [MMM-SecondBrain] Loaded 49 Nextcloud phone entries.
Jul 17 07:32:59 server node[1651759]: [2026-07-17 01:32:59.806] [LOG]   [MMM-SecondBrain] [MMM-SecondBrain] Publishing 3 item(s) to display.
Jul 17 07:33:44 server node[1651759]: [2026-07-17 01:33:44.180] [LOG]   [MMM-SecondBrain] [MMM-SecondBrain] Publishing 3 item(s) to display.
Jul 17 07:33:54 server node[1651759]: [2026-07-17 01:33:54.140] [LOG]   [MMM-SecondBrain] [MMM-SecondBrain] Publishing 3 item(s) to display.
Jul 17 07:34:43 server node[1651759]: [2026-07-17 01:34:43.572] [LOG]   [MMM-SecondBrain] [MMM-SecondBrain] Publishing 3 item(s) to display.
Jul 17 07:34:54 server node[1651759]: [2026-07-17 01:34:54.501] [LOG]   [MMM-SecondBrain] [MMM-SecondBrain] Publishing 3 item(s) to display.
Jul 17 07:35:44 server node[1651759]: [2026-07-17 01:35:44.549] [LOG]   [MMM-SecondBrain] [MMM-SecondBrain] Publishing 3 item(s) to display.
Jul 17 07:35:54 server node[1651759]: [2026-07-17 01:35:54.993] [LOG]   [MMM-SecondBrain] [MMM-SecondBrain] Publishing 3 item(s) to display.
Jul 17 07:36:44 server node[1651759]: [2026-07-17 01:36:44.017] [LOG]   [MMM-SecondBrain] [MMM-SecondBrain] Publishing 3 item(s) to display.
Jul 17 07:36:54 server node[1651759]: [2026-07-17 01:36:54.700] [LOG]   [MMM-SecondBrain] [MMM-SecondBrain] Publishing 3 item(s) to display.
Jul 17 07:37:44 server node[1651759]: [2026-07-17 01:37:44.786] [LOG]   [MMM-SecondBrain] [MMM-SecondBrain] Publishing 3 item(s) to display.
Jul 17 07:37:53 server node[1651759]: [2026-07-17 01:37:53.878] [LOG]   [MMM-SecondBrain] [MMM-SecondBrain] Publishing 3 item(s) to display.
Jul 17 07:38:44 server node[1651759]: [2026-07-17 01:38:44.214] [LOG]   [MMM-SecondBrain] [MMM-SecondBrain] Publishing 3 item(s) to display.
Jul 17 07:38:54 server node[1651759]: [2026-07-17 01:38:54.110] [LOG]   [MMM-SecondBrain] [MMM-SecondBrain] Publishing 3 item(s) to display.
Jul 17 07:39:44 server node[1651759]: [2026-07-17 01:39:44.990] [LOG]   [MMM-SecondBrain] [MMM-SecondBrain] Publishing 3 item(s) to display.
Jul 17 07:39:54 server node[1651759]: [2026-07-17 01:39:54.758] [LOG]   [MMM-SecondBrain] [MMM-SecondBrain] Publishing 3 item(s) to display.
Jul 17 07:40:44 server node[1651759]: [2026-07-17 01:40:44.234] [LOG]   [MMM-SecondBrain] [MMM-SecondBrain] Publishing 3 item(s) to display.
Jul 17 07:40:53 server node[1651759]: [2026-07-17 01:40:53.961] [LOG]   [MMM-SecondBrain] [MMM-SecondBrain] Publishing 3 item(s) to display.
Jul 17 07:41:44 server node[1651759]: [2026-07-17 01:41:44.017] [LOG]   [MMM-SecondBrain] [MMM-SecondBrain] Publishing 3 item(s) to display.
Jul 17 07:41:54 server node[1651759]: [2026-07-17 01:41:54.538] [LOG]   [MMM-SecondBrain] [MMM-SecondBrain] Publishing 3 item(s) to display.
Jul 17 07:42:44 server node[1651759]: [2026-07-17 01:42:44.312] [LOG]   [MMM-SecondBrain] [MMM-SecondBrain] Publishing 3 item(s) to display.
Jul 17 07:42:53 server node[1651759]: [2026-07-17 01:42:53.972] [LOG]   [MMM-SecondBrain] [MMM-SecondBrain] Publishing 3 item(s) to display.
Jul 17 07:43:43 server node[1651759]: [2026-07-17 01:43:43.902] [LOG]   [MMM-SecondBrain] [MMM-SecondBrain] Publishing 3 item(s) to display.
Jul 17 07:43:54 server node[1651759]: [2026-07-17 01:43:54.610] [LOG]   [MMM-SecondBrain] [MMM-SecondBrain] Publishing 3 item(s) to display.
Jul 17 07:43:55 server node[1651759]: [2026-07-17 01:43:55.622] [INFO]  [calendar] Broadcasting 12 events from https://www.officeholidays.com/ics-fed/usa.
Jul 17 07:43:55 server node[1651759]: [2026-07-17 01:43:55.689] [INFO]  [calendar] Broadcasting 7 events from https://butterflytherapeutics.janeapp.com/REDACTED_PRIVATE_PATH
Jul 17 07:43:55 server node[1651759]: [2026-07-17 01:43:55.923] [INFO]  [calendar] Broadcasting 24 events from https://raw.githubusercontent.com/clarencechaan/ufc-cal/ics/UFC.ics.
Jul 17 07:44:03 server node[1651759]: [2026-07-17 01:44:03.066] [INFO]  [calendar] Broadcasting 1386 events from https://cloud.example.com/REDACTED_PRIVATE_PATH
Jul 17 07:44:45 server node[1651759]: [2026-07-17 01:44:45.890] [LOG]   [MMM-SecondBrain] [MMM-SecondBrain] Publishing 3 item(s) to display.
Jul 17 07:44:54 server node[1651759]: [2026-07-17 01:44:54.602] [LOG]   [MMM-SecondBrain] [MMM-SecondBrain] Publishing 3 item(s) to display.
Jul 17 07:45:44 server node[1651759]: [2026-07-17 01:45:44.611] [LOG]   [MMM-SecondBrain] [MMM-SecondBrain] Publishing 3 item(s) to display.
Jul 17 07:45:55 server node[1651759]: [2026-07-17 01:45:55.434] [LOG]   [MMM-SecondBrain] [MMM-SecondBrain] Publishing 3 item(s) to display.
Jul 17 07:46:44 server node[1651759]: [2026-07-17 01:46:44.052] [LOG]   [MMM-SecondBrain] [MMM-SecondBrain] Publishing 3 item(s) to display.
Jul 17 07:46:53 server node[1651759]: [2026-07-17 01:46:53.890] [LOG]   [MMM-SecondBrain] [MMM-SecondBrain] Publishing 3 item(s) to display.
Jul 17 07:47:43 server node[1651759]: [2026-07-17 01:47:43.897] [LOG]   [MMM-SecondBrain] [MMM-SecondBrain] Publishing 3 item(s) to display.
Jul 17 07:47:54 server node[1651759]: [2026-07-17 01:47:54.028] [LOG]   [MMM-SecondBrain] [MMM-SecondBrain] Publishing 3 item(s) to display.
Jul 17 07:49:00 server node[1651759]: [2026-07-17 01:49:00.152] [ERROR] [lib] [MMM-SecondBrain] Nextcloud contacts failed: This operation was aborted
Jul 17 07:49:16 server node[1651759]: [2026-07-17 01:49:16.349] [INFO]  [lib] [MMM-SecondBrain] Loaded 49 Nextcloud phone entries.
Jul 17 07:49:16 server node[1651759]: [2026-07-17 01:49:16.938] [LOG]   [MMM-SecondBrain] [MMM-SecondBrain] Publishing 3 item(s) to display.
Jul 17 07:49:44 server node[1651759]: [2026-07-17 01:49:44.411] [LOG]   [MMM-SecondBrain] [MMM-SecondBrain] Publishing 3 item(s) to display.
Jul 17 07:49:54 server node[1651759]: [2026-07-17 01:49:54.107] [LOG]   [MMM-SecondBrain] [MMM-SecondBrain] Publishing 3 item(s) to display.
Jul 17 07:50:45 server node[1651759]: [2026-07-17 01:50:45.445] [LOG]   [MMM-SecondBrain] [MMM-SecondBrain] Publishing 3 item(s) to display.
Jul 17 07:50:53 server node[1651759]: [2026-07-17 01:50:53.945] [LOG]   [MMM-SecondBrain] [MMM-SecondBrain] Publishing 3 item(s) to display.
Jul 17 07:51:44 server node[1651759]: [2026-07-17 01:51:44.770] [LOG]   [MMM-SecondBrain] [MMM-SecondBrain] Publishing 3 item(s) to display.
Jul 17 07:51:53 server node[1651759]: [2026-07-17 01:51:53.915] [LOG]   [MMM-SecondBrain] [MMM-SecondBrain] Publishing 3 item(s) to display.
Jul 17 07:52:44 server node[1651759]: [2026-07-17 01:52:44.346] [LOG]   [MMM-SecondBrain] [MMM-SecondBrain] Publishing 3 item(s) to display.
Jul 17 07:52:54 server node[1651759]: [2026-07-17 01:52:54.378] [LOG]   [MMM-SecondBrain] [MMM-SecondBrain] Publishing 3 item(s) to display.
Jul 17 07:53:44 server node[1651759]: [2026-07-17 01:53:44.594] [LOG]   [MMM-SecondBrain] [MMM-SecondBrain] Publishing 3 item(s) to display.
Jul 17 07:53:54 server node[1651759]: [2026-07-17 01:53:54.357] [LOG]   [MMM-SecondBrain] [MMM-SecondBrain] Publishing 3 item(s) to display.
Jul 17 07:54:56 server node[1651759]: [2026-07-17 01:54:56.775] [ERROR] [lib] [MMM-SecondBrain] Gmail IMAP account personal.json failed: read ECONNRESET
Jul 17 07:54:56 server node[1651759]: [2026-07-17 01:54:56.776] [LOG]   [MMM-SecondBrain] [MMM-SecondBrain] Publishing 1 item(s) to display.
Jul 17 07:55:43 server node[1651759]: [2026-07-17 01:55:43.735] [LOG]   [MMM-SecondBrain] [MMM-SecondBrain] Publishing 3 item(s) to display.
Jul 17 07:55:53 server node[1651759]: [2026-07-17 01:55:53.998] [LOG]   [MMM-SecondBrain] [MMM-SecondBrain] Publishing 3 item(s) to display.
Jul 17 07:56:43 server node[1651759]: [2026-07-17 01:56:43.989] [LOG]   [MMM-SecondBrain] [MMM-SecondBrain] Publishing 3 item(s) to display.
Jul 17 07:56:54 server node[1651759]: [2026-07-17 01:56:54.225] [LOG]   [MMM-SecondBrain] [MMM-SecondBrain] Publishing 3 item(s) to display.
Jul 17 07:57:44 server node[1651759]: [2026-07-17 01:57:44.083] [LOG]   [MMM-SecondBrain] [MMM-SecondBrain] Publishing 3 item(s) to display.
Jul 17 07:57:54 server node[1651759]: [2026-07-17 01:57:54.734] [LOG]   [MMM-SecondBrain] [MMM-SecondBrain] Publishing 3 item(s) to display.
Jul 17 07:58:45 server node[1651759]: [2026-07-17 01:58:45.807] [LOG]   [MMM-SecondBrain] [MMM-SecondBrain] Publishing 3 item(s) to display.
Jul 17 07:58:54 server node[1651759]: [2026-07-17 01:58:54.275] [LOG]   [MMM-SecondBrain] [MMM-SecondBrain] Publishing 3 item(s) to display.
Jul 17 07:58:56 server node[1651759]: [2026-07-17 01:58:56.294] [INFO]  [calendar] Broadcasting 12 events from https://www.officeholidays.com/ics-fed/usa.
Jul 17 07:58:56 server node[1651759]: [2026-07-17 01:58:56.453] [INFO]  [calendar] Broadcasting 24 events from https://raw.githubusercontent.com/clarencechaan/ufc-cal/ics/UFC.ics.
Jul 17 07:58:57 server node[1651759]: [2026-07-17 01:58:57.312] [INFO]  [calendar] Broadcasting 7 events from https://butterflytherapeutics.janeapp.com/REDACTED_PRIVATE_PATH
Jul 17 07:59:04 server node[1651759]: [2026-07-17 01:59:04.288] [INFO]  [calendar] Broadcasting 1386 events from https://cloud.example.com/REDACTED_PRIVATE_PATH
Jul 17 07:59:44 server node[1651759]: [2026-07-17 01:59:44.281] [LOG]   [MMM-SecondBrain] [MMM-SecondBrain] Publishing 3 item(s) to display.
Jul 17 07:59:54 server node[1651759]: [2026-07-17 01:59:54.729] [LOG]   [MMM-SecondBrain] [MMM-SecondBrain] Publishing 3 item(s) to display.
Jul 17 08:00:44 server node[1651759]: [2026-07-17 02:00:44.118] [LOG]   [MMM-SecondBrain] [MMM-SecondBrain] Publishing 3 item(s) to display.
Jul 17 08:00:54 server node[1651759]: [2026-07-17 02:00:54.563] [LOG]   [MMM-SecondBrain] [MMM-SecondBrain] Publishing 3 item(s) to display.
Jul 17 08:01:44 server node[1651759]: [2026-07-17 02:01:44.878] [LOG]   [MMM-SecondBrain] [MMM-SecondBrain] Publishing 3 item(s) to display.
Jul 17 08:01:54 server node[1651759]: [2026-07-17 02:01:54.426] [LOG]   [MMM-SecondBrain] [MMM-SecondBrain] Publishing 3 item(s) to display.
Jul 17 08:02:44 server node[1651759]: [2026-07-17 02:02:44.951] [LOG]   [MMM-SecondBrain] [MMM-SecondBrain] Publishing 3 item(s) to display.
Jul 17 08:02:54 server node[1651759]: [2026-07-17 02:02:54.212] [LOG]   [MMM-SecondBrain] [MMM-SecondBrain] Publishing 3 item(s) to display.
Jul 17 08:03:44 server node[1651759]: [2026-07-17 02:03:44.042] [LOG]   [MMM-SecondBrain] [MMM-SecondBrain] Publishing 3 item(s) to display.
Jul 17 08:03:54 server node[1651759]: [2026-07-17 02:03:54.314] [LOG]   [MMM-SecondBrain] [MMM-SecondBrain] Publishing 3 item(s) to display.
Jul 17 08:04:57 server node[1651759]: [2026-07-17 02:04:57.679] [INFO]  [lib] [MMM-SecondBrain] Loaded 49 Nextcloud phone entries.
Jul 17 08:04:58 server node[1651759]: [2026-07-17 02:04:58.015] [LOG]   [MMM-SecondBrain] [MMM-SecondBrain] Publishing 3 item(s) to display.
Jul 17 08:05:46 server node[1651759]: [2026-07-17 02:05:46.599] [LOG]   [MMM-SecondBrain] [MMM-SecondBrain] Publishing 3 item(s) to display.
Jul 17 08:06:03 server node[1651759]: [2026-07-17 02:06:03.897] [ERROR] [lib] [MMM-SecondBrain] Gmail IMAP account personal.json failed: Failed to receive greeting from server in required time
Jul 17 08:06:03 server node[1651759]: [2026-07-17 02:06:03.898] [LOG]   [MMM-SecondBrain] [MMM-SecondBrain] Publishing 1 item(s) to display.
Jul 17 08:06:57 server node[1651759]: [2026-07-17 02:06:57.041] [LOG]   [MMM-SecondBrain] [MMM-SecondBrain] Publishing 3 item(s) to display.
Jul 17 08:07:45 server node[1651759]: [2026-07-17 02:07:45.662] [LOG]   [MMM-SecondBrain] [MMM-SecondBrain] Publishing 3 item(s) to display.
Jul 17 08:07:54 server node[1651759]: [2026-07-17 02:07:54.766] [LOG]   [MMM-SecondBrain] [MMM-SecondBrain] Publishing 3 item(s) to display.
Jul 17 08:08:43 server node[1651759]: [2026-07-17 02:08:43.914] [LOG]   [MMM-SecondBrain] [MMM-SecondBrain] Publishing 3 item(s) to display.
Jul 17 08:08:54 server node[1651759]: [2026-07-17 02:08:54.094] [LOG]   [MMM-SecondBrain] [MMM-SecondBrain] Publishing 3 item(s) to display.
Jul 17 08:09:44 server node[1651759]: [2026-07-17 02:09:44.496] [LOG]   [MMM-SecondBrain] [MMM-SecondBrain] Publishing 3 item(s) to display.
Jul 17 08:09:54 server node[1651759]: [2026-07-17 02:09:54.663] [LOG]   [MMM-SecondBrain] [MMM-SecondBrain] Publishing 3 item(s) to display.
Jul 17 08:10:47 server node[1651759]: [2026-07-17 02:10:47.629] [LOG]   [MMM-SecondBrain] [MMM-SecondBrain] Publishing 3 item(s) to display.
Jul 17 08:11:44 server node[1651759]: [2026-07-17 02:11:44.011] [LOG]   [MMM-SecondBrain] [MMM-SecondBrain] Publishing 3 item(s) to display.
Jul 17 08:11:53 server node[1651759]: [2026-07-17 02:11:53.978] [LOG]   [MMM-SecondBrain] [MMM-SecondBrain] Publishing 3 item(s) to display.
Jul 17 08:12:43 server node[1651759]: [2026-07-17 02:12:43.886] [LOG]   [MMM-SecondBrain] [MMM-SecondBrain] Publishing 3 item(s) to display.
Jul 17 08:12:53 server node[1651759]: [2026-07-17 02:12:53.806] [LOG]   [MMM-SecondBrain] [MMM-SecondBrain] Publishing 3 item(s) to display.
Jul 17 08:13:44 server node[1651759]: [2026-07-17 02:13:44.362] [LOG]   [MMM-SecondBrain] [MMM-SecondBrain] Publishing 3 item(s) to display.
Jul 17 08:13:54 server node[1651759]: [2026-07-17 02:13:54.151] [LOG]   [MMM-SecondBrain] [MMM-SecondBrain] Publishing 3 item(s) to display.
Jul 17 08:13:56 server node[1651759]: [2026-07-17 02:13:56.999] [INFO]  [calendar] Broadcasting 12 events from https://www.officeholidays.com/ics-fed/usa.
Jul 17 08:13:57 server node[1651759]: [2026-07-17 02:13:57.133] [INFO]  [calendar] Broadcasting 24 events from https://raw.githubusercontent.com/clarencechaan/ufc-cal/ics/UFC.ics.
Jul 17 08:13:59 server node[1651759]: [2026-07-17 02:13:59.018] [INFO]  [calendar] Broadcasting 7 events from https://butterflytherapeutics.janeapp.com/REDACTED_PRIVATE_PATH
Jul 17 08:14:05 server node[1651759]: [2026-07-17 02:14:05.610] [INFO]  [calendar] Broadcasting 1386 events from https://cloud.example.com/REDACTED_PRIVATE_PATH
Jul 17 08:14:44 server node[1651759]: [2026-07-17 02:14:44.283] [LOG]   [MMM-SecondBrain] [MMM-SecondBrain] Publishing 3 item(s) to display.
Jul 17 08:14:56 server node[1651759]: [2026-07-17 02:14:56.711] [LOG]   [MMM-SecondBrain] [MMM-SecondBrain] Publishing 3 item(s) to display.
Jul 17 08:15:53 server node[1651759]: [2026-07-17 02:15:53.306] [LOG]   [MMM-SecondBrain] [MMM-SecondBrain] Publishing 3 item(s) to display.
Jul 17 08:16:43 server node[1651759]: [2026-07-17 02:16:43.218] [LOG]   [MMM-SecondBrain] [MMM-SecondBrain] Publishing 2 item(s) to display.
Jul 17 08:16:54 server node[1651759]: [2026-07-17 02:16:54.629] [LOG]   [MMM-SecondBrain] [MMM-SecondBrain] Publishing 2 item(s) to display.
Jul 17 08:17:43 server node[1651759]: [2026-07-17 02:17:43.063] [LOG]   [MMM-SecondBrain] [MMM-SecondBrain] Publishing 2 item(s) to display.
Jul 17 08:17:54 server node[1651759]: [2026-07-17 02:17:54.549] [LOG]   [MMM-SecondBrain] [MMM-SecondBrain] Publishing 2 item(s) to display.
Jul 17 08:18:43 server node[1651759]: [2026-07-17 02:18:43.611] [LOG]   [MMM-SecondBrain] [MMM-SecondBrain] Publishing 2 item(s) to display.
Jul 17 08:18:53 server node[1651759]: [2026-07-17 02:18:53.968] [LOG]   [MMM-SecondBrain] [MMM-SecondBrain] Publishing 2 item(s) to display.
Jul 17 08:19:43 server node[1651759]: [2026-07-17 02:19:43.433] [LOG]   [MMM-SecondBrain] [MMM-SecondBrain] Publishing 2 item(s) to display.
Jul 17 08:19:54 server node[1651759]: [2026-07-17 02:19:54.302] [LOG]   [MMM-SecondBrain] [MMM-SecondBrain] Publishing 2 item(s) to display.
Jul 17 08:20:49 server node[1651759]: [2026-07-17 02:20:49.296] [INFO]  [lib] [MMM-SecondBrain] Loaded 49 Nextcloud phone entries.
Jul 17 08:20:50 server node[1651759]: [2026-07-17 02:20:50.647] [LOG]   [MMM-SecondBrain] [MMM-SecondBrain] Publishing 2 item(s) to display.
Jul 17 08:21:43 server node[1651759]: [2026-07-17 02:21:43.137] [LOG]   [MMM-SecondBrain] [MMM-SecondBrain] Publishing 2 item(s) to display.
Jul 17 08:21:53 server node[1651759]: [2026-07-17 02:21:53.374] [LOG]   [MMM-SecondBrain] [MMM-SecondBrain] Publishing 2 item(s) to display.
Jul 17 08:22:43 server node[1651759]: [2026-07-17 02:22:43.018] [LOG]   [MMM-SecondBrain] [MMM-SecondBrain] Publishing 2 item(s) to display.
Jul 17 08:22:54 server node[1651759]: [2026-07-17 02:22:54.254] [LOG]   [MMM-SecondBrain] [MMM-SecondBrain] Publishing 2 item(s) to display.
Jul 17 08:23:42 server node[1651759]: [2026-07-17 02:23:42.962] [LOG]   [MMM-SecondBrain] [MMM-SecondBrain] Publishing 2 item(s) to display.
Jul 17 08:23:53 server node[1651759]: [2026-07-17 02:23:53.378] [LOG]   [MMM-SecondBrain] [MMM-SecondBrain] Publishing 2 item(s) to display.
Jul 17 08:24:43 server node[1651759]: [2026-07-17 02:24:43.376] [LOG]   [MMM-SecondBrain] [MMM-SecondBrain] Publishing 2 item(s) to display.
Jul 17 08:24:53 server node[1651759]: [2026-07-17 02:24:53.643] [LOG]   [MMM-SecondBrain] [MMM-SecondBrain] Publishing 2 item(s) to display.
Jul 17 08:25:54 server node[1651759]: [2026-07-17 02:25:54.185] [LOG]   [MMM-SecondBrain] [MMM-SecondBrain] Publishing 2 item(s) to display.
Jul 17 08:26:43 server node[1651759]: [2026-07-17 02:26:43.518] [LOG]   [MMM-SecondBrain] [MMM-SecondBrain] Publishing 2 item(s) to display.
Jul 17 08:26:53 server node[1651759]: [2026-07-17 02:26:53.317] [LOG]   [MMM-SecondBrain] [MMM-SecondBrain] Publishing 2 item(s) to display.
Jul 17 08:27:43 server node[1651759]: [2026-07-17 02:27:43.131] [LOG]   [MMM-SecondBrain] [MMM-SecondBrain] Publishing 2 item(s) to display.
Jul 17 08:27:53 server node[1651759]: [2026-07-17 02:27:53.275] [LOG]   [MMM-SecondBrain] [MMM-SecondBrain] Publishing 2 item(s) to display.
Jul 17 08:28:42 server node[1651759]: [2026-07-17 02:28:42.588] [LOG]   [MMM-SecondBrain] [MMM-SecondBrain] Publishing 1 item(s) to display.
Jul 17 08:28:53 server node[1651759]: [2026-07-17 02:28:53.642] [LOG]   [MMM-SecondBrain] [MMM-SecondBrain] Publishing 1 item(s) to display.
Jul 17 08:28:57 server node[1651759]: [2026-07-17 02:28:57.912] [INFO]  [calendar] Broadcasting 24 events from https://raw.githubusercontent.com/clarencechaan/ufc-cal/ics/UFC.ics.
Jul 17 08:29:00 server node[1651759]: [2026-07-17 02:29:00.654] [INFO]  [calendar] Broadcasting 7 events from https://butterflytherapeutics.janeapp.com/REDACTED_PRIVATE_PATH
Jul 17 08:29:02 server node[1651759]: [2026-07-17 02:29:02.827] [INFO]  [calendar] Broadcasting 12 events from https://www.officeholidays.com/ics-fed/usa.
Jul 17 08:29:06 server node[1651759]: [2026-07-17 02:29:06.838] [INFO]  [calendar] Broadcasting 1386 events from https://cloud.example.com/REDACTED_PRIVATE_PATH
Jul 17 08:29:42 server node[1651759]: [2026-07-17 02:29:42.910] [LOG]   [MMM-SecondBrain] [MMM-SecondBrain] Publishing 1 item(s) to display.
Jul 17 08:29:52 server node[1651759]: [2026-07-17 02:29:52.967] [LOG]   [MMM-SecondBrain] [MMM-SecondBrain] Publishing 1 item(s) to display.
Jul 17 08:30:42 server node[1651759]: [2026-07-17 02:30:42.399] [LOG]   [MMM-SecondBrain] [MMM-SecondBrain] Publishing 1 item(s) to display.
Jul 17 08:31:21 server node[1651759]: [2026-07-17 02:31:21.891] [LOG]   [MMM-SecondBrain] [MMM-SecondBrain] Publishing 1 item(s) to display.
Jul 17 08:31:42 server node[1651759]: [2026-07-17 02:31:42.654] [LOG]   [MMM-SecondBrain] [MMM-SecondBrain] Publishing 1 item(s) to display.
Jul 17 08:31:53 server node[1651759]: [2026-07-17 02:31:53.606] [LOG]   [MMM-SecondBrain] [MMM-SecondBrain] Publishing 1 item(s) to display.
Jul 17 08:32:42 server node[1651759]: [2026-07-17 02:32:42.131] [LOG]   [MMM-SecondBrain] [MMM-SecondBrain] Publishing 1 item(s) to display.
Jul 17 08:32:53 server node[1651759]: [2026-07-17 02:32:53.659] [LOG]   [MMM-SecondBrain] [MMM-SecondBrain] Publishing 1 item(s) to display.
Jul 17 08:33:43 server node[1651759]: [2026-07-17 02:33:43.226] [LOG]   [MMM-SecondBrain] [MMM-SecondBrain] Publishing 1 item(s) to display.
Jul 17 08:33:52 server node[1651759]: [2026-07-17 02:33:52.782] [LOG]   [MMM-SecondBrain] [MMM-SecondBrain] Publishing 1 item(s) to display.
Jul 17 08:34:42 server node[1651759]: [2026-07-17 02:34:42.779] [LOG]   [MMM-SecondBrain] [MMM-SecondBrain] Publishing 1 item(s) to display.
Jul 17 08:34:54 server node[1651759]: [2026-07-17 02:34:54.039] [LOG]   [MMM-SecondBrain] [MMM-SecondBrain] Publishing 1 item(s) to display.
Jul 17 08:35:42 server node[1651759]: [2026-07-17 02:35:42.857] [LOG]   [MMM-SecondBrain] [MMM-SecondBrain] Publishing 1 item(s) to display.
Jul 17 08:35:53 server node[1651759]: [2026-07-17 02:35:53.629] [LOG]   [MMM-SecondBrain] [MMM-SecondBrain] Publishing 1 item(s) to display.
Jul 17 08:36:42 server node[1651759]: [2026-07-17 02:36:42.663] [LOG]   [MMM-SecondBrain] [MMM-SecondBrain] Publishing 1 item(s) to display.
Jul 17 08:36:53 server node[1651759]: [2026-07-17 02:36:53.415] [LOG]   [MMM-SecondBrain] [MMM-SecondBrain] Publishing 1 item(s) to display.
Jul 17 08:37:43 server node[1651759]: [2026-07-17 02:37:43.477] [LOG]   [MMM-SecondBrain] [MMM-SecondBrain] Publishing 1 item(s) to display.
Jul 17 08:37:52 server node[1651759]: [2026-07-17 02:37:52.809] [LOG]   [MMM-SecondBrain] [MMM-SecondBrain] Publishing 1 item(s) to display.
Jul 17 08:38:42 server node[1651759]: [2026-07-17 02:38:42.667] [LOG]   [MMM-SecondBrain] [MMM-SecondBrain] Publishing 1 item(s) to display.
Jul 17 08:38:53 server node[1651759]: [2026-07-17 02:38:53.163] [LOG]   [MMM-SecondBrain] [MMM-SecondBrain] Publishing 1 item(s) to display.
Jul 17 08:39:42 server node[1651759]: [2026-07-17 02:39:42.555] [LOG]   [MMM-SecondBrain] [MMM-SecondBrain] Publishing 1 item(s) to display.
Jul 17 08:39:53 server node[1651759]: [2026-07-17 02:39:53.087] [LOG]   [MMM-SecondBrain] [MMM-SecondBrain] Publishing 1 item(s) to display.
Jul 17 08:40:56 server node[1651759]: [2026-07-17 02:40:56.711] [ERROR] [lib] [MMM-SecondBrain] Gmail IMAP account personal.json failed: read ECONNRESET
Jul 17 08:40:56 server node[1651759]: [2026-07-17 02:40:56.711] [LOG]   [MMM-SecondBrain] [MMM-SecondBrain] Publishing 1 item(s) to display.
Jul 17 08:41:42 server node[1651759]: [2026-07-17 02:41:42.575] [LOG]   [MMM-SecondBrain] [MMM-SecondBrain] Publishing 1 item(s) to display.
Jul 17 08:41:52 server node[1651759]: [2026-07-17 02:41:52.931] [LOG]   [MMM-SecondBrain] [MMM-SecondBrain] Publishing 1 item(s) to display.
Jul 17 08:42:43 server node[1651759]: [2026-07-17 02:42:43.057] [LOG]   [MMM-SecondBrain] [MMM-SecondBrain] Publishing 1 item(s) to display.
Jul 17 08:43:03 server node[1651759]: [2026-07-17 02:43:03.898] [LOG]   [MMM-SecondBrain] [MMM-SecondBrain] Publishing 1 item(s) to display.
Jul 17 08:43:44 server node[1651759]: [2026-07-17 02:43:44.835] [LOG]   [MMM-SecondBrain] [MMM-SecondBrain] Publishing 1 item(s) to display.
Jul 17 08:43:58 server node[1651759]: [2026-07-17 02:43:58.134] [LOG]   [MMM-SecondBrain] [MMM-SecondBrain] Publishing 1 item(s) to display.
Jul 17 08:43:58 server node[1651759]: [2026-07-17 02:43:58.431] [INFO]  [calendar] Broadcasting 24 events from https://raw.githubusercontent.com/clarencechaan/ufc-cal/ics/UFC.ics.
Jul 17 08:44:02 server node[1651759]: [2026-07-17 02:44:02.358] [INFO]  [calendar] Broadcasting 7 events from https://butterflytherapeutics.janeapp.com/REDACTED_PRIVATE_PATH
Jul 17 08:44:03 server node[1651759]: [2026-07-17 02:44:03.341] [INFO]  [calendar] Broadcasting 12 events from https://www.officeholidays.com/ics-fed/usa.
Jul 17 08:44:08 server node[1651759]: [2026-07-17 02:44:08.105] [INFO]  [calendar] Broadcasting 1386 events from https://cloud.example.com/REDACTED_PRIVATE_PATH
Jul 17 08:44:42 server node[1651759]: [2026-07-17 02:44:42.789] [LOG]   [MMM-SecondBrain] [MMM-SecondBrain] Publishing 1 item(s) to display.
Jul 17 08:44:53 server node[1651759]: [2026-07-17 02:44:53.389] [LOG]   [MMM-SecondBrain] [MMM-SecondBrain] Publishing 1 item(s) to display.
Jul 17 08:45:42 server node[1651759]: [2026-07-17 02:45:42.571] [LOG]   [MMM-SecondBrain] [MMM-SecondBrain] Publishing 1 item(s) to display.
Jul 17 08:45:52 server node[1651759]: [2026-07-17 02:45:52.660] [LOG]   [MMM-SecondBrain] [MMM-SecondBrain] Publishing 1 item(s) to display.
Jul 17 08:46:44 server node[1651759]: [2026-07-17 02:46:44.586] [LOG]   [MMM-SecondBrain] [MMM-SecondBrain] Publishing 1 item(s) to display.
Jul 17 08:46:53 server node[1651759]: [2026-07-17 02:46:53.094] [LOG]   [MMM-SecondBrain] [MMM-SecondBrain] Publishing 1 item(s) to display.
Jul 17 08:47:43 server node[1651759]: [2026-07-17 02:47:43.254] [LOG]   [MMM-SecondBrain] [MMM-SecondBrain] Publishing 1 item(s) to display.
Jul 17 08:47:52 server node[1651759]: [2026-07-17 02:47:52.915] [LOG]   [MMM-SecondBrain] [MMM-SecondBrain] Publishing 1 item(s) to display.
Jul 17 08:48:42 server node[1651759]: [2026-07-17 02:48:42.861] [LOG]   [MMM-SecondBrain] [MMM-SecondBrain] Publishing 1 item(s) to display.
Jul 17 08:48:53 server node[1651759]: [2026-07-17 02:48:53.084] [LOG]   [MMM-SecondBrain] [MMM-SecondBrain] Publishing 1 item(s) to display.
Jul 17 08:49:42 server node[1651759]: [2026-07-17 02:49:42.559] [LOG]   [MMM-SecondBrain] [MMM-SecondBrain] Publishing 1 item(s) to display.
Jul 17 08:49:52 server node[1651759]: [2026-07-17 02:49:52.831] [LOG]   [MMM-SecondBrain] [MMM-SecondBrain] Publishing 1 item(s) to display.
Jul 17 08:50:42 server node[1651759]: [2026-07-17 02:50:42.589] [LOG]   [MMM-SecondBrain] [MMM-SecondBrain] Publishing 1 item(s) to display.
Jul 17 08:50:53 server node[1651759]: [2026-07-17 02:50:53.444] [LOG]   [MMM-SecondBrain] [MMM-SecondBrain] Publishing 1 item(s) to display.
Jul 17 08:51:42 server node[1651759]: [2026-07-17 02:51:42.717] [LOG]   [MMM-SecondBrain] [MMM-SecondBrain] Publishing 1 item(s) to display.
Jul 17 08:51:52 server node[1651759]: [2026-07-17 02:51:52.956] [LOG]   [MMM-SecondBrain] [MMM-SecondBrain] Publishing 1 item(s) to display.
Jul 17 08:52:42 server node[1651759]: [2026-07-17 02:52:42.511] [LOG]   [MMM-SecondBrain] [MMM-SecondBrain] Publishing 1 item(s) to display.
Jul 17 08:52:53 server node[1651759]: [2026-07-17 02:52:53.232] [LOG]   [MMM-SecondBrain] [MMM-SecondBrain] Publishing 1 item(s) to display.
Jul 17 08:53:42 server node[1651759]: [2026-07-17 02:53:42.548] [LOG]   [MMM-SecondBrain] [MMM-SecondBrain] Publishing 1 item(s) to display.
Jul 17 08:53:53 server node[1651759]: [2026-07-17 02:53:53.720] [LOG]   [MMM-SecondBrain] [MMM-SecondBrain] Publishing 1 item(s) to display.
Jul 17 08:54:42 server node[1651759]: [2026-07-17 02:54:42.719] [LOG]   [MMM-SecondBrain] [MMM-SecondBrain] Publishing 1 item(s) to display.
Jul 17 08:54:52 server node[1651759]: [2026-07-17 02:54:52.643] [LOG]   [MMM-SecondBrain] [MMM-SecondBrain] Publishing 1 item(s) to display.
Jul 17 08:55:42 server node[1651759]: [2026-07-17 02:55:42.340] [LOG]   [MMM-SecondBrain] [MMM-SecondBrain] Publishing 1 item(s) to display.
Jul 17 08:55:52 server node[1651759]: [2026-07-17 02:55:52.771] [LOG]   [MMM-SecondBrain] [MMM-SecondBrain] Publishing 1 item(s) to display.
Jul 17 08:56:42 server node[1651759]: [2026-07-17 02:56:42.499] [LOG]   [MMM-SecondBrain] [MMM-SecondBrain] Publishing 1 item(s) to display.
Jul 17 08:56:53 server node[1651759]: [2026-07-17 02:56:53.643] [LOG]   [MMM-SecondBrain] [MMM-SecondBrain] Publishing 1 item(s) to display.
Jul 17 08:57:42 server node[1651759]: [2026-07-17 02:57:42.896] [LOG]   [MMM-SecondBrain] [MMM-SecondBrain] Publishing 1 item(s) to display.
Jul 17 08:57:53 server node[1651759]: [2026-07-17 02:57:53.171] [LOG]   [MMM-SecondBrain] [MMM-SecondBrain] Publishing 1 item(s) to display.
Jul 17 08:58:42 server node[1651759]: [2026-07-17 02:58:42.678] [LOG]   [MMM-SecondBrain] [MMM-SecondBrain] Publishing 1 item(s) to display.
Jul 17 08:58:55 server node[1651759]: [2026-07-17 02:58:55.114] [LOG]   [MMM-SecondBrain] [MMM-SecondBrain] Publishing 1 item(s) to display.
Jul 17 08:58:59 server node[1651759]: [2026-07-17 02:58:59.235] [INFO]  [calendar] Broadcasting 24 events from https://raw.githubusercontent.com/clarencechaan/ufc-cal/ics/UFC.ics.
Jul 17 08:59:04 server node[1651759]: [2026-07-17 02:59:04.046] [INFO]  [calendar] Broadcasting 7 events from https://butterflytherapeutics.janeapp.com/REDACTED_PRIVATE_PATH
Jul 17 08:59:04 server node[1651759]: [2026-07-17 02:59:04.061] [INFO]  [calendar] Broadcasting 12 events from https://www.officeholidays.com/ics-fed/usa.
Jul 17 08:59:09 server node[1651759]: [2026-07-17 02:59:09.366] [INFO]  [calendar] Broadcasting 1386 events from https://cloud.example.com/REDACTED_PRIVATE_PATH
Jul 17 08:59:45 server node[1651759]: [2026-07-17 02:59:45.541] [LOG]   [MMM-SecondBrain] [MMM-SecondBrain] Publishing 1 item(s) to display.
Jul 17 08:59:53 server node[1651759]: [2026-07-17 02:59:53.488] [LOG]   [MMM-SecondBrain] [MMM-SecondBrain] Publishing 1 item(s) to display.
Jul 17 09:00:42 server node[1651759]: [2026-07-17 03:00:42.319] [LOG]   [MMM-SecondBrain] [MMM-SecondBrain] Publishing 1 item(s) to display.
Jul 17 09:00:56 server node[1651759]: [2026-07-17 03:00:56.360] [LOG]   [MMM-SecondBrain] [MMM-SecondBrain] Publishing 1 item(s) to display.
Jul 17 09:01:42 server node[1651759]: [2026-07-17 03:01:42.789] [LOG]   [MMM-SecondBrain] [MMM-SecondBrain] Publishing 1 item(s) to display.
Jul 17 09:02:21 server node[1651759]: [2026-07-17 03:02:21.475] [LOG]   [MMM-SecondBrain] [MMM-SecondBrain] Publishing 1 item(s) to display.
Jul 17 09:02:42 server node[1651759]: [2026-07-17 03:02:42.647] [LOG]   [MMM-SecondBrain] [MMM-SecondBrain] Publishing 1 item(s) to display.
Jul 17 09:02:52 server node[1651759]: [2026-07-17 03:02:52.888] [LOG]   [MMM-SecondBrain] [MMM-SecondBrain] Publishing 1 item(s) to display.
Jul 17 09:03:43 server node[1651759]: [2026-07-17 03:03:43.291] [LOG]   [MMM-SecondBrain] [MMM-SecondBrain] Publishing 1 item(s) to display.
Jul 17 09:03:53 server node[1651759]: [2026-07-17 03:03:53.239] [LOG]   [MMM-SecondBrain] [MMM-SecondBrain] Publishing 1 item(s) to display.
Jul 17 09:06:10 server node[1651759]: [2026-07-17 03:06:10.488] [LOG]   [MMM-SecondBrain] [MMM-SecondBrain] Publishing 1 item(s) to display.
Jul 17 09:06:48 server node[1651759]: [2026-07-17 03:06:48.246] [LOG]   [MMM-SecondBrain] [MMM-SecondBrain] Publishing 1 item(s) to display.
Jul 17 09:07:42 server node[1651759]: [2026-07-17 03:07:42.586] [LOG]   [MMM-SecondBrain] [MMM-SecondBrain] Publishing 1 item(s) to display.
Jul 17 09:07:52 server node[1651759]: [2026-07-17 03:07:52.943] [LOG]   [MMM-SecondBrain] [MMM-SecondBrain] Publishing 1 item(s) to display.
Jul 17 09:08:44 server node[1651759]: [2026-07-17 03:08:44.471] [LOG]   [MMM-SecondBrain] [MMM-SecondBrain] Publishing 1 item(s) to display.
Jul 17 09:08:53 server node[1651759]: [2026-07-17 03:08:53.024] [LOG]   [MMM-SecondBrain] [MMM-SecondBrain] Publishing 1 item(s) to display.
Jul 17 09:09:42 server node[1651759]: [2026-07-17 03:09:42.811] [LOG]   [MMM-SecondBrain] [MMM-SecondBrain] Publishing 1 item(s) to display.
Jul 17 09:09:53 server node[1651759]: [2026-07-17 03:09:53.445] [LOG]   [MMM-SecondBrain] [MMM-SecondBrain] Publishing 1 item(s) to display.
Jul 17 09:10:43 server node[1651759]: [2026-07-17 03:10:43.342] [LOG]   [MMM-SecondBrain] [MMM-SecondBrain] Publishing 1 item(s) to display.
Jul 17 09:10:54 server node[1651759]: [2026-07-17 03:10:54.683] [LOG]   [MMM-SecondBrain] [MMM-SecondBrain] Publishing 1 item(s) to display.
Jul 17 09:11:42 server node[1651759]: [2026-07-17 03:11:42.660] [LOG]   [MMM-SecondBrain] [MMM-SecondBrain] Publishing 1 item(s) to display.
Jul 17 09:11:52 server node[1651759]: [2026-07-17 03:11:52.923] [LOG]   [MMM-SecondBrain] [MMM-SecondBrain] Publishing 1 item(s) to display.
Jul 17 09:12:42 server node[1651759]: [2026-07-17 03:12:42.884] [LOG]   [MMM-SecondBrain] [MMM-SecondBrain] Publishing 1 item(s) to display.
Jul 17 09:12:53 server node[1651759]: [2026-07-17 03:12:53.037] [LOG]   [MMM-SecondBrain] [MMM-SecondBrain] Publishing 1 item(s) to display.
Jul 17 09:13:42 server node[1651759]: [2026-07-17 03:13:42.667] [LOG]   [MMM-SecondBrain] [MMM-SecondBrain] Publishing 1 item(s) to display.
Jul 17 09:13:53 server node[1651759]: [2026-07-17 03:13:53.603] [LOG]   [MMM-SecondBrain] [MMM-SecondBrain] Publishing 1 item(s) to display.
Jul 17 09:13:59 server node[1651759]: [2026-07-17 03:13:59.908] [INFO]  [calendar] Broadcasting 24 events from https://raw.githubusercontent.com/clarencechaan/ufc-cal/ics/UFC.ics.
Jul 17 09:14:04 server node[1651759]: [2026-07-17 03:14:04.767] [INFO]  [calendar] Broadcasting 12 events from https://www.officeholidays.com/ics-fed/usa.
Jul 17 09:14:05 server node[1651759]: [2026-07-17 03:14:05.737] [INFO]  [calendar] Broadcasting 7 events from https://butterflytherapeutics.janeapp.com/REDACTED_PRIVATE_PATH
Jul 17 09:14:10 server node[1651759]: [2026-07-17 03:14:10.731] [INFO]  [calendar] Broadcasting 1386 events from https://cloud.example.com/REDACTED_PRIVATE_PATH
Jul 17 09:14:42 server node[1651759]: [2026-07-17 03:14:42.178] [LOG]   [MMM-SecondBrain] [MMM-SecondBrain] Publishing 1 item(s) to display.
Jul 17 09:14:53 server node[1651759]: [2026-07-17 03:14:53.143] [LOG]   [MMM-SecondBrain] [MMM-SecondBrain] Publishing 1 item(s) to display.
Jul 17 09:15:43 server node[1651759]: [2026-07-17 03:15:43.430] [LOG]   [MMM-SecondBrain] [MMM-SecondBrain] Publishing 1 item(s) to display.
Jul 17 09:15:52 server node[1651759]: [2026-07-17 03:15:52.978] [LOG]   [MMM-SecondBrain] [MMM-SecondBrain] Publishing 1 item(s) to display.
Jul 17 09:16:57 server node[1651759]: [2026-07-17 03:16:57.099] [ERROR] [lib] [MMM-SecondBrain] Gmail IMAP account personal.json failed: read ECONNRESET
Jul 17 09:16:57 server node[1651759]: [2026-07-17 03:16:57.100] [LOG]   [MMM-SecondBrain] [MMM-SecondBrain] Publishing 1 item(s) to display.
Jul 17 09:17:43 server node[1651759]: [2026-07-17 03:17:43.422] [LOG]   [MMM-SecondBrain] [MMM-SecondBrain] Publishing 1 item(s) to display.
Jul 17 09:17:53 server node[1651759]: [2026-07-17 03:17:53.492] [LOG]   [MMM-SecondBrain] [MMM-SecondBrain] Publishing 1 item(s) to display.
Jul 17 09:18:42 server node[1651759]: [2026-07-17 03:18:42.404] [LOG]   [MMM-SecondBrain] [MMM-SecondBrain] Publishing 1 item(s) to display.
Jul 17 09:18:53 server node[1651759]: [2026-07-17 03:18:53.276] [LOG]   [MMM-SecondBrain] [MMM-SecondBrain] Publishing 1 item(s) to display.
Jul 17 09:19:44 server node[1651759]: [2026-07-17 03:19:44.719] [LOG]   [MMM-SecondBrain] [MMM-SecondBrain] Publishing 1 item(s) to display.
Jul 17 09:19:52 server node[1651759]: [2026-07-17 03:19:52.691] [LOG]   [MMM-SecondBrain] [MMM-SecondBrain] Publishing 1 item(s) to display.
Jul 17 09:20:43 server node[1651759]: [2026-07-17 03:20:43.388] [LOG]   [MMM-SecondBrain] [MMM-SecondBrain] Publishing 1 item(s) to display.
Jul 17 09:20:53 server node[1651759]: [2026-07-17 03:20:53.124] [LOG]   [MMM-SecondBrain] [MMM-SecondBrain] Publishing 1 item(s) to display.
Jul 17 09:21:43 server node[1651759]: [2026-07-17 03:21:43.817] [LOG]   [MMM-SecondBrain] [MMM-SecondBrain] Publishing 1 item(s) to display.
Jul 17 09:21:54 server node[1651759]: [2026-07-17 03:21:54.004] [LOG]   [MMM-SecondBrain] [MMM-SecondBrain] Publishing 1 item(s) to display.
Jul 17 09:22:42 server node[1651759]: [2026-07-17 03:22:42.687] [LOG]   [MMM-SecondBrain] [MMM-SecondBrain] Publishing 1 item(s) to display.
Jul 17 09:22:53 server node[1651759]: [2026-07-17 03:22:53.920] [LOG]   [MMM-SecondBrain] [MMM-SecondBrain] Publishing 1 item(s) to display.
Jul 17 09:23:42 server node[1651759]: [2026-07-17 03:23:42.827] [LOG]   [MMM-SecondBrain] [MMM-SecondBrain] Publishing 1 item(s) to display.
Jul 17 09:23:53 server node[1651759]: [2026-07-17 03:23:53.397] [LOG]   [MMM-SecondBrain] [MMM-SecondBrain] Publishing 1 item(s) to display.
Jul 17 09:24:42 server node[1651759]: [2026-07-17 03:24:42.811] [LOG]   [MMM-SecondBrain] [MMM-SecondBrain] Publishing 1 item(s) to display.
Jul 17 09:24:53 server node[1651759]: [2026-07-17 03:24:53.110] [LOG]   [MMM-SecondBrain] [MMM-SecondBrain] Publishing 1 item(s) to display.
Jul 17 09:25:44 server node[1651759]: [2026-07-17 03:25:44.631] [LOG]   [MMM-SecondBrain] [MMM-SecondBrain] Publishing 1 item(s) to display.
Jul 17 09:25:53 server node[1651759]: [2026-07-17 03:25:53.241] [LOG]   [MMM-SecondBrain] [MMM-SecondBrain] Publishing 1 item(s) to display.
Jul 17 09:26:42 server node[1651759]: [2026-07-17 03:26:42.355] [LOG]   [MMM-SecondBrain] [MMM-SecondBrain] Publishing 1 item(s) to display.
Jul 17 09:26:53 server node[1651759]: [2026-07-17 03:26:53.368] [LOG]   [MMM-SecondBrain] [MMM-SecondBrain] Publishing 1 item(s) to display.
Jul 17 09:27:42 server node[1651759]: [2026-07-17 03:27:42.426] [LOG]   [MMM-SecondBrain] [MMM-SecondBrain] Publishing 1 item(s) to display.
Jul 17 09:27:53 server node[1651759]: [2026-07-17 03:27:53.044] [LOG]   [MMM-SecondBrain] [MMM-SecondBrain] Publishing 1 item(s) to display.
Jul 17 09:28:42 server node[1651759]: [2026-07-17 03:28:42.969] [LOG]   [MMM-SecondBrain] [MMM-SecondBrain] Publishing 1 item(s) to display.
Jul 17 09:28:53 server node[1651759]: [2026-07-17 03:28:53.888] [LOG]   [MMM-SecondBrain] [MMM-SecondBrain] Publishing 1 item(s) to display.
Jul 17 09:29:00 server node[1651759]: [2026-07-17 03:29:00.602] [INFO]  [calendar] Broadcasting 24 events from https://raw.githubusercontent.com/clarencechaan/ufc-cal/ics/UFC.ics.
Jul 17 09:29:05 server node[1651759]: [2026-07-17 03:29:05.534] [INFO]  [calendar] Broadcasting 12 events from https://www.officeholidays.com/ics-fed/usa.
Jul 17 09:29:07 server node[1651759]: [2026-07-17 03:29:07.429] [INFO]  [calendar] Broadcasting 7 events from https://butterflytherapeutics.janeapp.com/REDACTED_PRIVATE_PATH
Jul 17 09:29:12 server node[1651759]: [2026-07-17 03:29:12.566] [INFO]  [calendar] Broadcasting 1386 events from https://cloud.example.com/REDACTED_PRIVATE_PATH
Jul 17 09:29:42 server node[1651759]: [2026-07-17 03:29:42.611] [LOG]   [MMM-SecondBrain] [MMM-SecondBrain] Publishing 1 item(s) to display.
Jul 17 09:29:53 server node[1651759]: [2026-07-17 03:29:53.355] [LOG]   [MMM-SecondBrain] [MMM-SecondBrain] Publishing 1 item(s) to display.
Jul 17 09:30:43 server node[1651759]: [2026-07-17 03:30:43.324] [LOG]   [MMM-SecondBrain] [MMM-SecondBrain] Publishing 1 item(s) to display.
Jul 17 09:30:53 server node[1651759]: [2026-07-17 03:30:53.348] [LOG]   [MMM-SecondBrain] [MMM-SecondBrain] Publishing 1 item(s) to display.
Jul 17 09:31:42 server node[1651759]: [2026-07-17 03:31:42.976] [LOG]   [MMM-SecondBrain] [MMM-SecondBrain] Publishing 1 item(s) to display.
Jul 17 09:31:54 server node[1651759]: [2026-07-17 03:31:54.671] [LOG]   [MMM-SecondBrain] [MMM-SecondBrain] Publishing 1 item(s) to display.
Jul 17 09:32:43 server node[1651759]: [2026-07-17 03:32:43.276] [LOG]   [MMM-SecondBrain] [MMM-SecondBrain] Publishing 1 item(s) to display.
Jul 17 09:33:11 server node[1651759]: [2026-07-17 03:33:11.251] [LOG]   [MMM-SecondBrain] [MMM-SecondBrain] Publishing 1 item(s) to display.
Jul 17 09:33:42 server node[1651759]: [2026-07-17 03:33:42.938] [LOG]   [MMM-SecondBrain] [MMM-SecondBrain] Publishing 1 item(s) to display.
Jul 17 09:33:53 server node[1651759]: [2026-07-17 03:33:53.318] [LOG]   [MMM-SecondBrain] [MMM-SecondBrain] Publishing 1 item(s) to display.
Jul 17 09:34:42 server node[1651759]: [2026-07-17 03:34:42.541] [LOG]   [MMM-SecondBrain] [MMM-SecondBrain] Publishing 1 item(s) to display.
Jul 17 09:34:53 server node[1651759]: [2026-07-17 03:34:53.072] [LOG]   [MMM-SecondBrain] [MMM-SecondBrain] Publishing 1 item(s) to display.
Jul 17 09:35:44 server node[1651759]: [2026-07-17 03:35:44.337] [LOG]   [MMM-SecondBrain] [MMM-SecondBrain] Publishing 1 item(s) to display.
Jul 17 09:36:04 server node[1651759]: [2026-07-17 03:36:04.853] [LOG]   [MMM-SecondBrain] [MMM-SecondBrain] Publishing 1 item(s) to display.
Jul 17 09:36:43 server node[1651759]: [2026-07-17 03:36:43.299] [LOG]   [MMM-SecondBrain] [MMM-SecondBrain] Publishing 1 item(s) to display.
Jul 17 09:36:54 server node[1651759]: [2026-07-17 03:36:54.776] [LOG]   [MMM-SecondBrain] [MMM-SecondBrain] Publishing 1 item(s) to display.
Jul 17 09:37:42 server node[1651759]: [2026-07-17 03:37:42.655] [LOG]   [MMM-SecondBrain] [MMM-SecondBrain] Publishing 1 item(s) to display.
Jul 17 09:38:06 server node[1651759]: [2026-07-17 03:38:06.325] [LOG]   [MMM-SecondBrain] [MMM-SecondBrain] Publishing 1 item(s) to display.
Jul 17 09:38:42 server node[1651759]: [2026-07-17 03:38:42.929] [LOG]   [MMM-SecondBrain] [MMM-SecondBrain] Publishing 1 item(s) to display.
Jul 17 09:38:53 server node[1651759]: [2026-07-17 03:38:53.616] [LOG]   [MMM-SecondBrain] [MMM-SecondBrain] Publishing 1 item(s) to display.
Jul 17 09:39:43 server node[1651759]: [2026-07-17 03:39:43.057] [LOG]   [MMM-SecondBrain] [MMM-SecondBrain] Publishing 1 item(s) to display.
Jul 17 09:39:54 server node[1651759]: [2026-07-17 03:39:54.353] [LOG]   [MMM-SecondBrain] [MMM-SecondBrain] Publishing 1 item(s) to display.
Jul 17 09:40:42 server node[1651759]: [2026-07-17 03:40:42.753] [LOG]   [MMM-SecondBrain] [MMM-SecondBrain] Publishing 1 item(s) to display.
Jul 17 09:40:53 server node[1651759]: [2026-07-17 03:40:53.680] [LOG]   [MMM-SecondBrain] [MMM-SecondBrain] Publishing 1 item(s) to display.
Jul 17 09:41:49 server node[1651759]: [2026-07-17 03:41:49.602] [LOG]   [MMM-SecondBrain] [MMM-SecondBrain] Publishing 1 item(s) to display.
Jul 17 09:42:42 server node[1651759]: [2026-07-17 03:42:42.572] [LOG]   [MMM-SecondBrain] [MMM-SecondBrain] Publishing 1 item(s) to display.
Jul 17 09:42:53 server node[1651759]: [2026-07-17 03:42:53.314] [LOG]   [MMM-SecondBrain] [MMM-SecondBrain] Publishing 1 item(s) to display.
Jul 17 09:43:42 server node[1651759]: [2026-07-17 03:43:42.776] [LOG]   [MMM-SecondBrain] [MMM-SecondBrain] Publishing 1 item(s) to display.
Jul 17 09:43:53 server node[1651759]: [2026-07-17 03:43:53.160] [LOG]   [MMM-SecondBrain] [MMM-SecondBrain] Publishing 1 item(s) to display.
Jul 17 09:44:01 server node[1651759]: [2026-07-17 03:44:01.160] [INFO]  [calendar] Broadcasting 24 events from https://raw.githubusercontent.com/clarencechaan/ufc-cal/ics/UFC.ics.
Jul 17 09:44:06 server node[1651759]: [2026-07-17 03:44:06.246] [INFO]  [calendar] Broadcasting 12 events from https://www.officeholidays.com/ics-fed/usa.
Jul 17 09:44:09 server node[1651759]: [2026-07-17 03:44:09.127] [INFO]  [calendar] Broadcasting 7 events from https://butterflytherapeutics.janeapp.com/REDACTED_PRIVATE_PATH
Jul 17 09:44:13 server node[1651759]: [2026-07-17 03:44:13.790] [INFO]  [calendar] Broadcasting 1386 events from https://cloud.example.com/REDACTED_PRIVATE_PATH
Jul 17 09:44:42 server node[1651759]: [2026-07-17 03:44:42.838] [LOG]   [MMM-SecondBrain] [MMM-SecondBrain] Publishing 1 item(s) to display.
Jul 17 09:44:53 server node[1651759]: [2026-07-17 03:44:53.337] [LOG]   [MMM-SecondBrain] [MMM-SecondBrain] Publishing 1 item(s) to display.
Jul 17 09:45:43 server node[1651759]: [2026-07-17 03:45:43.849] [LOG]   [MMM-SecondBrain] [MMM-SecondBrain] Publishing 1 item(s) to display.
Jul 17 09:45:53 server node[1651759]: [2026-07-17 03:45:53.333] [LOG]   [MMM-SecondBrain] [MMM-SecondBrain] Publishing 1 item(s) to display.
Jul 17 09:46:43 server node[1651759]: [2026-07-17 03:46:43.657] [LOG]   [MMM-SecondBrain] [MMM-SecondBrain] Publishing 1 item(s) to display.
Jul 17 09:46:53 server node[1651759]: [2026-07-17 03:46:53.357] [LOG]   [MMM-SecondBrain] [MMM-SecondBrain] Publishing 1 item(s) to display.
Jul 17 09:47:43 server node[1651759]: [2026-07-17 03:47:43.308] [LOG]   [MMM-SecondBrain] [MMM-SecondBrain] Publishing 1 item(s) to display.
Jul 17 09:48:51 server node[1651759]: [2026-07-17 03:48:51.117] [LOG]   [MMM-SecondBrain] [MMM-SecondBrain] Publishing 1 item(s) to display.
Jul 17 09:49:42 server node[1651759]: [2026-07-17 03:49:42.670] [LOG]   [MMM-SecondBrain] [MMM-SecondBrain] Publishing 1 item(s) to display.
Jul 17 09:50:05 server node[1651759]: [2026-07-17 03:50:05.109] [LOG]   [MMM-SecondBrain] [MMM-SecondBrain] Publishing 1 item(s) to display.
Jul 17 09:50:42 server node[1651759]: [2026-07-17 03:50:42.700] [LOG]   [MMM-SecondBrain] [MMM-SecondBrain] Publishing 1 item(s) to display.
Jul 17 09:50:53 server node[1651759]: [2026-07-17 03:50:53.526] [LOG]   [MMM-SecondBrain] [MMM-SecondBrain] Publishing 1 item(s) to display.
Jul 17 09:51:42 server node[1651759]: [2026-07-17 03:51:42.871] [LOG]   [MMM-SecondBrain] [MMM-SecondBrain] Publishing 1 item(s) to display.
Jul 17 09:51:53 server node[1651759]: [2026-07-17 03:51:53.592] [LOG]   [MMM-SecondBrain] [MMM-SecondBrain] Publishing 1 item(s) to display.
Jul 17 09:52:56 server node[1651759]: [2026-07-17 03:52:56.971] [ERROR] [lib] [MMM-SecondBrain] Gmail IMAP account personal.json failed: read ECONNRESET
Jul 17 09:52:56 server node[1651759]: [2026-07-17 03:52:56.972] [LOG]   [MMM-SecondBrain] [MMM-SecondBrain] Publishing 1 item(s) to display.
Jul 17 09:53:43 server node[1651759]: [2026-07-17 03:53:43.788] [LOG]   [MMM-SecondBrain] [MMM-SecondBrain] Publishing 1 item(s) to display.
Jul 17 09:53:53 server node[1651759]: [2026-07-17 03:53:53.356] [LOG]   [MMM-SecondBrain] [MMM-SecondBrain] Publishing 1 item(s) to display.
Jul 17 09:54:43 server node[1651759]: [2026-07-17 03:54:43.103] [LOG]   [MMM-SecondBrain] [MMM-SecondBrain] Publishing 1 item(s) to display.
Jul 17 09:54:53 server node[1651759]: [2026-07-17 03:54:53.848] [LOG]   [MMM-SecondBrain] [MMM-SecondBrain] Publishing 1 item(s) to display.
Jul 17 09:55:43 server node[1651759]: [2026-07-17 03:55:43.093] [LOG]   [MMM-SecondBrain] [MMM-SecondBrain] Publishing 1 item(s) to display.
Jul 17 09:55:59 server node[1651759]: [2026-07-17 03:55:59.789] [LOG]   [MMM-SecondBrain] [MMM-SecondBrain] Publishing 1 item(s) to display.
Jul 17 09:56:42 server node[1651759]: [2026-07-17 03:56:42.760] [LOG]   [MMM-SecondBrain] [MMM-SecondBrain] Publishing 1 item(s) to display.
Jul 17 09:56:53 server node[1651759]: [2026-07-17 03:56:53.333] [LOG]   [MMM-SecondBrain] [MMM-SecondBrain] Publishing 1 item(s) to display.
Jul 17 09:57:43 server node[1651759]: [2026-07-17 03:57:43.686] [LOG]   [MMM-SecondBrain] [MMM-SecondBrain] Publishing 1 item(s) to display.
Jul 17 09:57:53 server node[1651759]: [2026-07-17 03:57:53.021] [LOG]   [MMM-SecondBrain] [MMM-SecondBrain] Publishing 1 item(s) to display.
Jul 17 09:58:43 server node[1651759]: [2026-07-17 03:58:43.224] [LOG]   [MMM-SecondBrain] [MMM-SecondBrain] Publishing 1 item(s) to display.
Jul 17 09:58:53 server node[1651759]: [2026-07-17 03:58:53.308] [LOG]   [MMM-SecondBrain] [MMM-SecondBrain] Publishing 1 item(s) to display.
Jul 17 09:59:01 server node[1651759]: [2026-07-17 03:59:01.831] [INFO]  [calendar] Broadcasting 24 events from https://raw.githubusercontent.com/clarencechaan/ufc-cal/ics/UFC.ics.
Jul 17 09:59:07 server node[1651759]: [2026-07-17 03:59:07.188] [INFO]  [calendar] Broadcasting 12 events from https://www.officeholidays.com/ics-fed/usa.
Jul 17 09:59:10 server node[1651759]: [2026-07-17 03:59:10.843] [INFO]  [calendar] Broadcasting 7 events from https://butterflytherapeutics.janeapp.com/REDACTED_PRIVATE_PATH
Jul 17 09:59:15 server node[1651759]: [2026-07-17 03:59:15.326] [INFO]  [calendar] Broadcasting 1386 events from https://cloud.example.com/REDACTED_PRIVATE_PATH
Jul 17 09:59:43 server node[1651759]: [2026-07-17 03:59:43.966] [LOG]   [MMM-SecondBrain] [MMM-SecondBrain] Publishing 1 item(s) to display.
Jul 17 09:59:53 server node[1651759]: [2026-07-17 03:59:53.417] [LOG]   [MMM-SecondBrain] [MMM-SecondBrain] Publishing 1 item(s) to display.
Jul 17 10:00:43 server node[1651759]: [2026-07-17 04:00:43.057] [LOG]   [MMM-SecondBrain] [MMM-SecondBrain] Publishing 1 item(s) to display.
Jul 17 10:00:55 server node[1651759]: [2026-07-17 04:00:55.243] [LOG]   [MMM-SecondBrain] [MMM-SecondBrain] Publishing 1 item(s) to display.
Jul 17 10:01:42 server node[1651759]: [2026-07-17 04:01:42.648] [LOG]   [MMM-SecondBrain] [MMM-SecondBrain] Publishing 1 item(s) to display.
Jul 17 10:01:53 server node[1651759]: [2026-07-17 04:01:53.672] [LOG]   [MMM-SecondBrain] [MMM-SecondBrain] Publishing 1 item(s) to display.
Jul 17 10:02:43 server node[1651759]: [2026-07-17 04:02:43.280] [LOG]   [MMM-SecondBrain] [MMM-SecondBrain] Publishing 1 item(s) to display.
Jul 17 10:02:53 server node[1651759]: [2026-07-17 04:02:53.642] [LOG]   [MMM-SecondBrain] [MMM-SecondBrain] Publishing 1 item(s) to display.
Jul 17 10:03:43 server node[1651759]: [2026-07-17 04:03:43.093] [LOG]   [MMM-SecondBrain] [MMM-SecondBrain] Publishing 1 item(s) to display.
Jul 17 10:04:01 server node[1651759]: [2026-07-17 04:04:01.452] [LOG]   [MMM-SecondBrain] [MMM-SecondBrain] Publishing 1 item(s) to display.
Jul 17 10:04:42 server node[1651759]: [2026-07-17 04:04:42.728] [LOG]   [MMM-SecondBrain] [MMM-SecondBrain] Publishing 1 item(s) to display.
Jul 17 10:04:53 server node[1651759]: [2026-07-17 04:04:53.913] [LOG]   [MMM-SecondBrain] [MMM-SecondBrain] Publishing 1 item(s) to display.
Jul 17 10:05:42 server node[1651759]: [2026-07-17 04:05:42.608] [LOG]   [MMM-SecondBrain] [MMM-SecondBrain] Publishing 1 item(s) to display.
Jul 17 10:05:54 server node[1651759]: [2026-07-17 04:05:54.921] [LOG]   [MMM-SecondBrain] [MMM-SecondBrain] Publishing 1 item(s) to display.
Jul 17 10:06:42 server node[1651759]: [2026-07-17 04:06:42.704] [LOG]   [MMM-SecondBrain] [MMM-SecondBrain] Publishing 1 item(s) to display.
Jul 17 10:06:53 server node[1651759]: [2026-07-17 04:06:53.259] [LOG]   [MMM-SecondBrain] [MMM-SecondBrain] Publishing 1 item(s) to display.
Jul 17 10:07:44 server node[1651759]: [2026-07-17 04:07:44.717] [LOG]   [MMM-SecondBrain] [MMM-SecondBrain] Publishing 1 item(s) to display.
Jul 17 10:07:56 server node[1651759]: [2026-07-17 04:07:56.620] [LOG]   [MMM-SecondBrain] [MMM-SecondBrain] Publishing 1 item(s) to display.
Jul 17 10:08:42 server node[1651759]: [2026-07-17 04:08:42.892] [LOG]   [MMM-SecondBrain] [MMM-SecondBrain] Publishing 1 item(s) to display.
Jul 17 10:08:53 server node[1651759]: [2026-07-17 04:08:53.007] [LOG]   [MMM-SecondBrain] [MMM-SecondBrain] Publishing 1 item(s) to display.
Jul 17 10:09:42 server node[1651759]: [2026-07-17 04:09:42.411] [LOG]   [MMM-SecondBrain] [MMM-SecondBrain] Publishing 1 item(s) to display.
Jul 17 10:09:53 server node[1651759]: [2026-07-17 04:09:53.028] [LOG]   [MMM-SecondBrain] [MMM-SecondBrain] Publishing 1 item(s) to display.
Jul 17 10:10:43 server node[1651759]: [2026-07-17 04:10:43.073] [LOG]   [MMM-SecondBrain] [MMM-SecondBrain] Publishing 1 item(s) to display.
Jul 17 10:10:53 server node[1651759]: [2026-07-17 04:10:53.203] [LOG]   [MMM-SecondBrain] [MMM-SecondBrain] Publishing 1 item(s) to display.
Jul 17 10:11:42 server node[1651759]: [2026-07-17 04:11:42.743] [LOG]   [MMM-SecondBrain] [MMM-SecondBrain] Publishing 1 item(s) to display.
Jul 17 10:11:53 server node[1651759]: [2026-07-17 04:11:53.757] [LOG]   [MMM-SecondBrain] [MMM-SecondBrain] Publishing 1 item(s) to display.
Jul 17 10:12:57 server node[1651759]: [2026-07-17 04:12:57.353] [ERROR] [lib] [MMM-SecondBrain] Gmail IMAP account personal.json failed: read ECONNRESET
Jul 17 10:12:57 server node[1651759]: [2026-07-17 04:12:57.353] [LOG]   [MMM-SecondBrain] [MMM-SecondBrain] Publishing 1 item(s) to display.
Jul 17 10:13:42 server node[1651759]: [2026-07-17 04:13:42.609] [LOG]   [MMM-SecondBrain] [MMM-SecondBrain] Publishing 1 item(s) to display.
Jul 17 10:13:54 server node[1651759]: [2026-07-17 04:13:54.042] [LOG]   [MMM-SecondBrain] [MMM-SecondBrain] Publishing 1 item(s) to display.
Jul 17 10:14:02 server node[1651759]: [2026-07-17 04:14:02.801] [INFO]  [calendar] Broadcasting 24 events from https://raw.githubusercontent.com/clarencechaan/ufc-cal/ics/UFC.ics.
Jul 17 10:14:07 server node[1651759]: [2026-07-17 04:14:07.750] [INFO]  [calendar] Broadcasting 12 events from https://www.officeholidays.com/ics-fed/usa.
Jul 17 10:14:12 server node[1651759]: [2026-07-17 04:14:12.557] [INFO]  [calendar] Broadcasting 7 events from https://butterflytherapeutics.janeapp.com/REDACTED_PRIVATE_PATH
Jul 17 10:14:16 server node[1651759]: [2026-07-17 04:14:16.734] [INFO]  [calendar] Broadcasting 1386 events from https://cloud.example.com/REDACTED_PRIVATE_PATH
Jul 17 10:14:42 server node[1651759]: [2026-07-17 04:14:42.857] [LOG]   [MMM-SecondBrain] [MMM-SecondBrain] Publishing 1 item(s) to display.
Jul 17 10:14:53 server node[1651759]: [2026-07-17 04:14:53.326] [LOG]   [MMM-SecondBrain] [MMM-SecondBrain] Publishing 1 item(s) to display.
Jul 17 10:15:43 server node[1651759]: [2026-07-17 04:15:43.116] [LOG]   [MMM-SecondBrain] [MMM-SecondBrain] Publishing 1 item(s) to display.
Jul 17 10:15:53 server node[1651759]: [2026-07-17 04:15:53.140] [LOG]   [MMM-SecondBrain] [MMM-SecondBrain] Publishing 1 item(s) to display.
Jul 17 10:16:42 server node[1651759]: [2026-07-17 04:16:42.649] [LOG]   [MMM-SecondBrain] [MMM-SecondBrain] Publishing 1 item(s) to display.
Jul 17 10:16:53 server node[1651759]: [2026-07-17 04:16:53.353] [LOG]   [MMM-SecondBrain] [MMM-SecondBrain] Publishing 1 item(s) to display.
Jul 17 10:17:43 server node[1651759]: [2026-07-17 04:17:43.734] [LOG]   [MMM-SecondBrain] [MMM-SecondBrain] Publishing 1 item(s) to display.
Jul 17 10:17:55 server node[1651759]: [2026-07-17 04:17:55.269] [LOG]   [MMM-SecondBrain] [MMM-SecondBrain] Publishing 1 item(s) to display.
Jul 17 10:18:42 server node[1651759]: [2026-07-17 04:18:42.814] [LOG]   [MMM-SecondBrain] [MMM-SecondBrain] Publishing 1 item(s) to display.
Jul 17 10:18:53 server node[1651759]: [2026-07-17 04:18:53.209] [LOG]   [MMM-SecondBrain] [MMM-SecondBrain] Publishing 1 item(s) to display.
Jul 17 10:19:42 server node[1651759]: [2026-07-17 04:19:42.689] [LOG]   [MMM-SecondBrain] [MMM-SecondBrain] Publishing 1 item(s) to display.
Jul 17 10:19:59 server node[1651759]: [2026-07-17 04:19:59.428] [LOG]   [MMM-SecondBrain] [MMM-SecondBrain] Publishing 1 item(s) to display.
Jul 17 10:20:42 server node[1651759]: [2026-07-17 04:20:42.758] [LOG]   [MMM-SecondBrain] [MMM-SecondBrain] Publishing 1 item(s) to display.
Jul 17 10:20:53 server node[1651759]: [2026-07-17 04:20:53.177] [LOG]   [MMM-SecondBrain] [MMM-SecondBrain] Publishing 1 item(s) to display.
Jul 17 10:21:43 server node[1651759]: [2026-07-17 04:21:43.193] [LOG]   [MMM-SecondBrain] [MMM-SecondBrain] Publishing 1 item(s) to display.
Jul 17 10:21:53 server node[1651759]: [2026-07-17 04:21:53.006] [LOG]   [MMM-SecondBrain] [MMM-SecondBrain] Publishing 1 item(s) to display.
Jul 17 10:22:43 server node[1651759]: [2026-07-17 04:22:43.749] [LOG]   [MMM-SecondBrain] [MMM-SecondBrain] Publishing 1 item(s) to display.
Jul 17 10:22:54 server node[1651759]: [2026-07-17 04:22:54.243] [LOG]   [MMM-SecondBrain] [MMM-SecondBrain] Publishing 1 item(s) to display.
Jul 17 10:23:57 server node[1651759]: [2026-07-17 04:23:57.065] [ERROR] [lib] [MMM-SecondBrain] Gmail IMAP account personal.json failed: read ECONNRESET
Jul 17 10:23:57 server node[1651759]: [2026-07-17 04:23:57.066] [LOG]   [MMM-SecondBrain] [MMM-SecondBrain] Publishing 1 item(s) to display.
Jul 17 10:24:42 server node[1651759]: [2026-07-17 04:24:42.673] [LOG]   [MMM-SecondBrain] [MMM-SecondBrain] Publishing 1 item(s) to display.
Jul 17 10:24:53 server node[1651759]: [2026-07-17 04:24:53.104] [LOG]   [MMM-SecondBrain] [MMM-SecondBrain] Publishing 1 item(s) to display.
Jul 17 10:25:43 server node[1651759]: [2026-07-17 04:25:43.964] [LOG]   [MMM-SecondBrain] [MMM-SecondBrain] Publishing 1 item(s) to display.
Jul 17 10:25:53 server node[1651759]: [2026-07-17 04:25:53.256] [LOG]   [MMM-SecondBrain] [MMM-SecondBrain] Publishing 1 item(s) to display.
Jul 17 10:26:42 server node[1651759]: [2026-07-17 04:26:42.583] [LOG]   [MMM-SecondBrain] [MMM-SecondBrain] Publishing 1 item(s) to display.
Jul 17 10:26:53 server node[1651759]: [2026-07-17 04:26:53.555] [LOG]   [MMM-SecondBrain] [MMM-SecondBrain] Publishing 1 item(s) to display.
Jul 17 10:27:45 server node[1651759]: [2026-07-17 04:27:45.868] [LOG]   [MMM-SecondBrain] [MMM-SecondBrain] Publishing 1 item(s) to display.
Jul 17 10:27:53 server node[1651759]: [2026-07-17 04:27:53.093] [LOG]   [MMM-SecondBrain] [MMM-SecondBrain] Publishing 1 item(s) to display.
Jul 17 10:28:42 server node[1651759]: [2026-07-17 04:28:42.392] [LOG]   [MMM-SecondBrain] [MMM-SecondBrain] Publishing 1 item(s) to display.
Jul 17 10:28:53 server node[1651759]: [2026-07-17 04:28:53.485] [LOG]   [MMM-SecondBrain] [MMM-SecondBrain] Publishing 1 item(s) to display.
Jul 17 10:29:03 server node[1651759]: [2026-07-17 04:29:03.324] [INFO]  [calendar] Broadcasting 24 events from https://raw.githubusercontent.com/clarencechaan/ufc-cal/ics/UFC.ics.
Jul 17 10:29:08 server node[1651759]: [2026-07-17 04:29:08.655] [INFO]  [calendar] Broadcasting 12 events from https://www.officeholidays.com/ics-fed/usa.
Jul 17 10:29:14 server node[1651759]: [2026-07-17 04:29:14.275] [INFO]  [calendar] Broadcasting 7 events from https://butterflytherapeutics.janeapp.com/REDACTED_PRIVATE_PATH
Jul 17 10:29:18 server node[1651759]: [2026-07-17 04:29:18.456] [INFO]  [calendar] Broadcasting 1386 events from https://cloud.example.com/REDACTED_PRIVATE_PATH
Jul 17 10:29:42 server node[1651759]: [2026-07-17 04:29:42.663] [LOG]   [MMM-SecondBrain] [MMM-SecondBrain] Publishing 1 item(s) to display.
Jul 17 10:29:53 server node[1651759]: [2026-07-17 04:29:53.224] [LOG]   [MMM-SecondBrain] [MMM-SecondBrain] Publishing 1 item(s) to display.
Jul 17 10:30:44 server node[1651759]: [2026-07-17 04:30:44.902] [LOG]   [MMM-SecondBrain] [MMM-SecondBrain] Publishing 1 item(s) to display.
Jul 17 10:30:54 server node[1651759]: [2026-07-17 04:30:54.106] [LOG]   [MMM-SecondBrain] [MMM-SecondBrain] Publishing 1 item(s) to display.
Jul 17 10:31:42 server node[1651759]: [2026-07-17 04:31:42.602] [LOG]   [MMM-SecondBrain] [MMM-SecondBrain] Publishing 1 item(s) to display.
Jul 17 10:31:53 server node[1651759]: [2026-07-17 04:31:53.453] [LOG]   [MMM-SecondBrain] [MMM-SecondBrain] Publishing 1 item(s) to display.
Jul 17 10:32:56 server node[1651759]: [2026-07-17 04:32:56.969] [ERROR] [lib] [MMM-SecondBrain] Gmail IMAP account personal.json failed: read ECONNRESET
Jul 17 10:32:56 server node[1651759]: [2026-07-17 04:32:56.969] [LOG]   [MMM-SecondBrain] [MMM-SecondBrain] Publishing 1 item(s) to display.
Jul 17 10:33:42 server node[1651759]: [2026-07-17 04:33:42.674] [LOG]   [MMM-SecondBrain] [MMM-SecondBrain] Publishing 1 item(s) to display.
Jul 17 10:33:53 server node[1651759]: [2026-07-17 04:33:53.388] [LOG]   [MMM-SecondBrain] [MMM-SecondBrain] Publishing 1 item(s) to display.
Jul 17 10:34:42 server node[1651759]: [2026-07-17 04:34:42.824] [LOG]   [MMM-SecondBrain] [MMM-SecondBrain] Publishing 1 item(s) to display.
Jul 17 10:34:53 server node[1651759]: [2026-07-17 04:34:53.296] [LOG]   [MMM-SecondBrain] [MMM-SecondBrain] Publishing 1 item(s) to display.
Jul 17 10:35:43 server node[1651759]: [2026-07-17 04:35:43.282] [LOG]   [MMM-SecondBrain] [MMM-SecondBrain] Publishing 1 item(s) to display.
Jul 17 10:35:53 server node[1651759]: [2026-07-17 04:35:53.850] [LOG]   [MMM-SecondBrain] [MMM-SecondBrain] Publishing 1 item(s) to display.
Jul 17 10:36:43 server node[1651759]: [2026-07-17 04:36:43.453] [LOG]   [MMM-SecondBrain] [MMM-SecondBrain] Publishing 1 item(s) to display.
Jul 17 10:36:53 server node[1651759]: [2026-07-17 04:36:53.284] [LOG]   [MMM-SecondBrain] [MMM-SecondBrain] Publishing 1 item(s) to display.
Jul 17 10:39:07 server node[1651759]: [2026-07-17 04:39:07.064] [ERROR] [lib] [MMM-SecondBrain] Gmail IMAP account personal.json failed: Failed to establish connection in required time
Jul 17 10:39:07 server node[1651759]: [2026-07-17 04:39:07.065] [LOG]   [MMM-SecondBrain] [MMM-SecondBrain] Publishing 1 item(s) to display.
Jul 17 10:39:43 server node[1651759]: [2026-07-17 04:39:43.158] [LOG]   [MMM-SecondBrain] [MMM-SecondBrain] Publishing 1 item(s) to display.
Jul 17 10:39:53 server node[1651759]: [2026-07-17 04:39:53.786] [LOG]   [MMM-SecondBrain] [MMM-SecondBrain] Publishing 1 item(s) to display.
Jul 17 10:40:42 server node[1651759]: [2026-07-17 04:40:42.695] [LOG]   [MMM-SecondBrain] [MMM-SecondBrain] Publishing 1 item(s) to display.
Jul 17 10:40:53 server node[1651759]: [2026-07-17 04:40:53.220] [LOG]   [MMM-SecondBrain] [MMM-SecondBrain] Publishing 1 item(s) to display.
Jul 17 10:41:43 server node[1651759]: [2026-07-17 04:41:43.409] [LOG]   [MMM-SecondBrain] [MMM-SecondBrain] Publishing 1 item(s) to display.
Jul 17 10:41:53 server node[1651759]: [2026-07-17 04:41:53.765] [LOG]   [MMM-SecondBrain] [MMM-SecondBrain] Publishing 1 item(s) to display.
Jul 17 10:42:42 server node[1651759]: [2026-07-17 04:42:42.621] [LOG]   [MMM-SecondBrain] [MMM-SecondBrain] Publishing 1 item(s) to display.
Jul 17 10:42:53 server node[1651759]: [2026-07-17 04:42:53.660] [LOG]   [MMM-SecondBrain] [MMM-SecondBrain] Publishing 1 item(s) to display.
Jul 17 10:43:42 server node[1651759]: [2026-07-17 04:43:42.702] [LOG]   [MMM-SecondBrain] [MMM-SecondBrain] Publishing 1 item(s) to display.
Jul 17 10:43:54 server node[1651759]: [2026-07-17 04:43:54.274] [LOG]   [MMM-SecondBrain] [MMM-SecondBrain] Publishing 1 item(s) to display.
Jul 17 10:44:03 server node[1651759]: [2026-07-17 04:44:03.859] [INFO]  [calendar] Broadcasting 24 events from https://raw.githubusercontent.com/clarencechaan/ufc-cal/ics/UFC.ics.
Jul 17 10:44:09 server node[1651759]: [2026-07-17 04:44:09.251] [INFO]  [calendar] Broadcasting 12 events from https://www.officeholidays.com/ics-fed/usa.
Jul 17 10:44:16 server node[1651759]: [2026-07-17 04:44:16.053] [INFO]  [calendar] Broadcasting 7 events from https://butterflytherapeutics.janeapp.com/REDACTED_PRIVATE_PATH
Jul 17 10:44:19 server node[1651759]: [2026-07-17 04:44:19.785] [INFO]  [calendar] Broadcasting 1386 events from https://cloud.example.com/REDACTED_PRIVATE_PATH
Jul 17 10:44:42 server node[1651759]: [2026-07-17 04:44:42.757] [LOG]   [MMM-SecondBrain] [MMM-SecondBrain] Publishing 1 item(s) to display.
Jul 17 10:44:53 server node[1651759]: [2026-07-17 04:44:53.757] [LOG]   [MMM-SecondBrain] [MMM-SecondBrain] Publishing 1 item(s) to display.
Jul 17 10:47:35 server node[1651759]: [2026-07-17 04:47:35.756] [LOG]   [MMM-SecondBrain] [MMM-SecondBrain] Publishing 1 item(s) to display.
Jul 17 10:47:42 server node[1651759]: [2026-07-17 04:47:42.891] [LOG]   [MMM-SecondBrain] [MMM-SecondBrain] Publishing 1 item(s) to display.
Jul 17 10:47:53 server node[1651759]: [2026-07-17 04:47:53.855] [LOG]   [MMM-SecondBrain] [MMM-SecondBrain] Publishing 1 item(s) to display.
Jul 17 10:48:43 server node[1651759]: [2026-07-17 04:48:43.337] [LOG]   [MMM-SecondBrain] [MMM-SecondBrain] Publishing 1 item(s) to display.
Jul 17 10:48:53 server node[1651759]: [2026-07-17 04:48:53.864] [LOG]   [MMM-SecondBrain] [MMM-SecondBrain] Publishing 1 item(s) to display.
Jul 17 10:50:11 server node[1651759]: [2026-07-17 04:50:11.847] [LOG]   [MMM-SecondBrain] [MMM-SecondBrain] Publishing 1 item(s) to display.
Jul 17 10:50:43 server node[1651759]: [2026-07-17 04:50:43.058] [LOG]   [MMM-SecondBrain] [MMM-SecondBrain] Publishing 1 item(s) to display.
Jul 17 10:50:53 server node[1651759]: [2026-07-17 04:50:53.490] [LOG]   [MMM-SecondBrain] [MMM-SecondBrain] Publishing 1 item(s) to display.
Jul 17 10:51:44 server node[1651759]: [2026-07-17 04:51:44.024] [LOG]   [MMM-SecondBrain] [MMM-SecondBrain] Publishing 1 item(s) to display.
Jul 17 10:51:53 server node[1651759]: [2026-07-17 04:51:53.640] [LOG]   [MMM-SecondBrain] [MMM-SecondBrain] Publishing 1 item(s) to display.
Jul 17 10:52:44 server node[1651759]: [2026-07-17 04:52:44.170] [LOG]   [MMM-SecondBrain] [MMM-SecondBrain] Publishing 1 item(s) to display.
Jul 17 10:52:53 server node[1651759]: [2026-07-17 04:52:53.854] [LOG]   [MMM-SecondBrain] [MMM-SecondBrain] Publishing 1 item(s) to display.
Jul 17 10:53:43 server node[1651759]: [2026-07-17 04:53:43.542] [LOG]   [MMM-SecondBrain] [MMM-SecondBrain] Publishing 1 item(s) to display.
Jul 17 10:53:54 server node[1651759]: [2026-07-17 04:53:54.530] [LOG]   [MMM-SecondBrain] [MMM-SecondBrain] Publishing 1 item(s) to display.
Jul 17 10:54:43 server node[1651759]: [2026-07-17 04:54:43.755] [LOG]   [MMM-SecondBrain] [MMM-SecondBrain] Publishing 1 item(s) to display.
Jul 17 10:54:54 server node[1651759]: [2026-07-17 04:54:54.079] [LOG]   [MMM-SecondBrain] [MMM-SecondBrain] Publishing 1 item(s) to display.
Jul 17 10:55:43 server node[1651759]: [2026-07-17 04:55:43.562] [LOG]   [MMM-SecondBrain] [MMM-SecondBrain] Publishing 1 item(s) to display.
Jul 17 10:55:54 server node[1651759]: [2026-07-17 04:55:54.822] [LOG]   [MMM-SecondBrain] [MMM-SecondBrain] Publishing 1 item(s) to display.
Jul 17 10:56:43 server node[1651759]: [2026-07-17 04:56:43.503] [LOG]   [MMM-SecondBrain] [MMM-SecondBrain] Publishing 1 item(s) to display.
Jul 17 10:56:55 server node[1651759]: [2026-07-17 04:56:55.402] [LOG]   [MMM-SecondBrain] [MMM-SecondBrain] Publishing 1 item(s) to display.
Jul 17 10:57:43 server node[1651759]: [2026-07-17 04:57:43.533] [LOG]   [MMM-SecondBrain] [MMM-SecondBrain] Publishing 1 item(s) to display.
Jul 17 10:57:53 server node[1651759]: [2026-07-17 04:57:53.826] [LOG]   [MMM-SecondBrain] [MMM-SecondBrain] Publishing 1 item(s) to display.
Jul 17 10:58:43 server node[1651759]: [2026-07-17 04:58:43.372] [LOG]   [MMM-SecondBrain] [MMM-SecondBrain] Publishing 1 item(s) to display.
Jul 17 10:58:53 server node[1651759]: [2026-07-17 04:58:53.763] [LOG]   [MMM-SecondBrain] [MMM-SecondBrain] Publishing 1 item(s) to display.
Jul 17 10:59:04 server node[1651759]: [2026-07-17 04:59:04.683] [INFO]  [calendar] Broadcasting 24 events from https://raw.githubusercontent.com/clarencechaan/ufc-cal/ics/UFC.ics.
Jul 17 10:59:09 server node[1651759]: [2026-07-17 04:59:09.979] [INFO]  [calendar] Broadcasting 12 events from https://www.officeholidays.com/ics-fed/usa.
Jul 17 10:59:17 server node[1651759]: [2026-07-17 04:59:17.732] [INFO]  [calendar] Broadcasting 7 events from https://butterflytherapeutics.janeapp.com/REDACTED_PRIVATE_PATH
Jul 17 10:59:21 server node[1651759]: [2026-07-17 04:59:21.104] [INFO]  [calendar] Broadcasting 1386 events from https://cloud.example.com/REDACTED_PRIVATE_PATH
Jul 17 10:59:49 server node[1651759]: [2026-07-17 04:59:49.149] [LOG]   [MMM-SecondBrain] [MMM-SecondBrain] Publishing 1 item(s) to display.
Jul 17 11:00:44 server node[1651759]: [2026-07-17 05:00:44.602] [LOG]   [MMM-SecondBrain] [MMM-SecondBrain] Publishing 1 item(s) to display.
Jul 17 11:00:54 server node[1651759]: [2026-07-17 05:00:54.995] [LOG]   [MMM-SecondBrain] [MMM-SecondBrain] Publishing 1 item(s) to display.
Jul 17 11:01:43 server node[1651759]: [2026-07-17 05:01:43.038] [LOG]   [MMM-SecondBrain] [MMM-SecondBrain] Publishing 1 item(s) to display.
Jul 17 11:01:54 server node[1651759]: [2026-07-17 05:01:54.335] [LOG]   [MMM-SecondBrain] [MMM-SecondBrain] Publishing 1 item(s) to display.
Jul 17 11:02:43 server node[1651759]: [2026-07-17 05:02:43.069] [LOG]   [MMM-SecondBrain] [MMM-SecondBrain] Publishing 1 item(s) to display.
Jul 17 11:02:54 server node[1651759]: [2026-07-17 05:02:54.721] [LOG]   [MMM-SecondBrain] [MMM-SecondBrain] Publishing 1 item(s) to display.
Jul 17 11:03:43 server node[1651759]: [2026-07-17 05:03:43.963] [LOG]   [MMM-SecondBrain] [MMM-SecondBrain] Publishing 1 item(s) to display.
Jul 17 11:03:55 server node[1651759]: [2026-07-17 05:03:55.846] [LOG]   [MMM-SecondBrain] [MMM-SecondBrain] Publishing 1 item(s) to display.
Jul 17 11:04:43 server node[1651759]: [2026-07-17 05:04:43.185] [LOG]   [MMM-SecondBrain] [MMM-SecondBrain] Publishing 1 item(s) to display.
Jul 17 11:04:54 server node[1651759]: [2026-07-17 05:04:54.101] [LOG]   [MMM-SecondBrain] [MMM-SecondBrain] Publishing 1 item(s) to display.
Jul 17 11:05:43 server node[1651759]: [2026-07-17 05:05:43.251] [LOG]   [MMM-SecondBrain] [MMM-SecondBrain] Publishing 1 item(s) to display.
Jul 17 11:05:53 server node[1651759]: [2026-07-17 05:05:53.791] [LOG]   [MMM-SecondBrain] [MMM-SecondBrain] Publishing 1 item(s) to display.
Jul 17 11:06:57 server node[1651759]: [2026-07-17 05:06:57.037] [ERROR] [lib] [MMM-SecondBrain] Gmail IMAP account personal.json failed: read ECONNRESET
Jul 17 11:06:57 server node[1651759]: [2026-07-17 05:06:57.037] [LOG]   [MMM-SecondBrain] [MMM-SecondBrain] Publishing 1 item(s) to display.
Jul 17 11:07:43 server node[1651759]: [2026-07-17 05:07:43.749] [LOG]   [MMM-SecondBrain] [MMM-SecondBrain] Publishing 1 item(s) to display.
Jul 17 11:07:53 server node[1651759]: [2026-07-17 05:07:53.985] [LOG]   [MMM-SecondBrain] [MMM-SecondBrain] Publishing 1 item(s) to display.
Jul 17 11:08:43 server node[1651759]: [2026-07-17 05:08:43.397] [LOG]   [MMM-SecondBrain] [MMM-SecondBrain] Publishing 1 item(s) to display.
Jul 17 11:08:53 server node[1651759]: [2026-07-17 05:08:53.501] [LOG]   [MMM-SecondBrain] [MMM-SecondBrain] Publishing 1 item(s) to display.
Jul 17 11:09:43 server node[1651759]: [2026-07-17 05:09:43.304] [LOG]   [MMM-SecondBrain] [MMM-SecondBrain] Publishing 1 item(s) to display.
Jul 17 11:09:54 server node[1651759]: [2026-07-17 05:09:54.520] [LOG]   [MMM-SecondBrain] [MMM-SecondBrain] Publishing 1 item(s) to display.
Jul 17 11:10:45 server node[1651759]: [2026-07-17 05:10:45.834] [LOG]   [MMM-SecondBrain] [MMM-SecondBrain] Publishing 1 item(s) to display.
Jul 17 11:10:54 server node[1651759]: [2026-07-17 05:10:54.065] [LOG]   [MMM-SecondBrain] [MMM-SecondBrain] Publishing 1 item(s) to display.
Jul 17 11:11:43 server node[1651759]: [2026-07-17 05:11:43.569] [LOG]   [MMM-SecondBrain] [MMM-SecondBrain] Publishing 1 item(s) to display.
Jul 17 11:11:54 server node[1651759]: [2026-07-17 05:11:54.522] [LOG]   [MMM-SecondBrain] [MMM-SecondBrain] Publishing 1 item(s) to display.
Jul 17 11:12:43 server node[1651759]: [2026-07-17 05:12:43.159] [LOG]   [MMM-SecondBrain] [MMM-SecondBrain] Publishing 1 item(s) to display.
Jul 17 11:12:54 server node[1651759]: [2026-07-17 05:12:54.343] [LOG]   [MMM-SecondBrain] [MMM-SecondBrain] Publishing 1 item(s) to display.
Jul 17 11:13:50 server node[1651759]: [2026-07-17 05:13:50.307] [LOG]   [MMM-SecondBrain] [MMM-SecondBrain] Publishing 1 item(s) to display.
Jul 17 11:14:05 server node[1651759]: [2026-07-17 05:14:05.520] [INFO]  [calendar] Broadcasting 24 events from https://raw.githubusercontent.com/clarencechaan/ufc-cal/ics/UFC.ics.
Jul 17 11:14:10 server node[1651759]: [2026-07-17 05:14:10.836] [INFO]  [calendar] Broadcasting 12 events from https://www.officeholidays.com/ics-fed/usa.
Jul 17 11:14:19 server node[1651759]: [2026-07-17 05:14:19.472] [INFO]  [calendar] Broadcasting 7 events from https://butterflytherapeutics.janeapp.com/REDACTED_PRIVATE_PATH
Jul 17 11:14:22 server node[1651759]: [2026-07-17 05:14:22.356] [INFO]  [calendar] Broadcasting 1386 events from https://cloud.example.com/REDACTED_PRIVATE_PATH
Jul 17 11:14:43 server node[1651759]: [2026-07-17 05:14:43.727] [LOG]   [MMM-SecondBrain] [MMM-SecondBrain] Publishing 1 item(s) to display.
Jul 17 11:15:00 server node[1651759]: [2026-07-17 05:15:00.169] [LOG]   [MMM-SecondBrain] [MMM-SecondBrain] Publishing 1 item(s) to display.
Jul 17 11:15:46 server node[1651759]: [2026-07-17 05:15:46.027] [LOG]   [MMM-SecondBrain] [MMM-SecondBrain] Publishing 1 item(s) to display.
Jul 17 11:15:54 server node[1651759]: [2026-07-17 05:15:54.095] [LOG]   [MMM-SecondBrain] [MMM-SecondBrain] Publishing 1 item(s) to display.
Jul 17 11:16:43 server node[1651759]: [2026-07-17 05:16:43.689] [LOG]   [MMM-SecondBrain] [MMM-SecondBrain] Publishing 1 item(s) to display.
Jul 17 11:16:53 server node[1651759]: [2026-07-17 05:16:53.969] [LOG]   [MMM-SecondBrain] [MMM-SecondBrain] Publishing 1 item(s) to display.
Jul 17 11:17:43 server node[1651759]: [2026-07-17 05:17:43.563] [LOG]   [MMM-SecondBrain] [MMM-SecondBrain] Publishing 1 item(s) to display.
Jul 17 11:17:54 server node[1651759]: [2026-07-17 05:17:54.487] [LOG]   [MMM-SecondBrain] [MMM-SecondBrain] Publishing 1 item(s) to display.
Jul 17 11:18:43 server node[1651759]: [2026-07-17 05:18:43.816] [LOG]   [MMM-SecondBrain] [MMM-SecondBrain] Publishing 1 item(s) to display.
Jul 17 11:18:53 server node[1651759]: [2026-07-17 05:18:53.647] [LOG]   [MMM-SecondBrain] [MMM-SecondBrain] Publishing 1 item(s) to display.
Jul 17 11:19:43 server node[1651759]: [2026-07-17 05:19:43.027] [LOG]   [MMM-SecondBrain] [MMM-SecondBrain] Publishing 1 item(s) to display.
Jul 17 11:19:53 server node[1651759]: [2026-07-17 05:19:53.828] [LOG]   [MMM-SecondBrain] [MMM-SecondBrain] Publishing 1 item(s) to display.
Jul 17 11:20:43 server node[1651759]: [2026-07-17 05:20:43.635] [LOG]   [MMM-SecondBrain] [MMM-SecondBrain] Publishing 1 item(s) to display.
Jul 17 11:20:54 server node[1651759]: [2026-07-17 05:20:54.123] [LOG]   [MMM-SecondBrain] [MMM-SecondBrain] Publishing 1 item(s) to display.
Jul 17 11:21:44 server node[1651759]: [2026-07-17 05:21:44.563] [LOG]   [MMM-SecondBrain] [MMM-SecondBrain] Publishing 1 item(s) to display.
Jul 17 11:21:54 server node[1651759]: [2026-07-17 05:21:54.139] [LOG]   [MMM-SecondBrain] [MMM-SecondBrain] Publishing 1 item(s) to display.
Jul 17 11:22:48 server node[1651759]: [2026-07-17 05:22:48.142] [LOG]   [MMM-SecondBrain] [MMM-SecondBrain] Publishing 1 item(s) to display.
Jul 17 11:23:43 server node[1651759]: [2026-07-17 05:23:43.227] [LOG]   [MMM-SecondBrain] [MMM-SecondBrain] Publishing 1 item(s) to display.
Jul 17 11:23:54 server node[1651759]: [2026-07-17 05:23:54.431] [LOG]   [MMM-SecondBrain] [MMM-SecondBrain] Publishing 1 item(s) to display.
Jul 17 11:24:43 server node[1651759]: [2026-07-17 05:24:43.115] [LOG]   [MMM-SecondBrain] [MMM-SecondBrain] Publishing 1 item(s) to display.
Jul 17 11:24:55 server node[1651759]: [2026-07-17 05:24:55.007] [LOG]   [MMM-SecondBrain] [MMM-SecondBrain] Publishing 1 item(s) to display.
Jul 17 11:25:43 server node[1651759]: [2026-07-17 05:25:43.522] [LOG]   [MMM-SecondBrain] [MMM-SecondBrain] Publishing 1 item(s) to display.
Jul 17 11:25:55 server node[1651759]: [2026-07-17 05:25:55.459] [LOG]   [MMM-SecondBrain] [MMM-SecondBrain] Publishing 1 item(s) to display.
Jul 17 11:26:43 server node[1651759]: [2026-07-17 05:26:43.187] [LOG]   [MMM-SecondBrain] [MMM-SecondBrain] Publishing 1 item(s) to display.
Jul 17 11:26:53 server node[1651759]: [2026-07-17 05:26:53.926] [LOG]   [MMM-SecondBrain] [MMM-SecondBrain] Publishing 1 item(s) to display.
Jul 17 11:27:43 server node[1651759]: [2026-07-17 05:27:43.178] [LOG]   [MMM-SecondBrain] [MMM-SecondBrain] Publishing 1 item(s) to display.
Jul 17 11:27:53 server node[1651759]: [2026-07-17 05:27:53.725] [LOG]   [MMM-SecondBrain] [MMM-SecondBrain] Publishing 1 item(s) to display.
Jul 17 11:28:43 server node[1651759]: [2026-07-17 05:28:43.647] [LOG]   [MMM-SecondBrain] [MMM-SecondBrain] Publishing 1 item(s) to display.
Jul 17 11:28:54 server node[1651759]: [2026-07-17 05:28:54.587] [LOG]   [MMM-SecondBrain] [MMM-SecondBrain] Publishing 1 item(s) to display.
Jul 17 11:29:06 server node[1651759]: [2026-07-17 05:29:06.358] [INFO]  [calendar] Broadcasting 24 events from https://raw.githubusercontent.com/clarencechaan/ufc-cal/ics/UFC.ics.
Jul 17 11:29:11 server node[1651759]: [2026-07-17 05:29:11.407] [INFO]  [calendar] Broadcasting 12 events from https://www.officeholidays.com/ics-fed/usa.
Jul 17 11:29:21 server node[1651759]: [2026-07-17 05:29:21.067] [INFO]  [calendar] Broadcasting 7 events from https://butterflytherapeutics.janeapp.com/REDACTED_PRIVATE_PATH
Jul 17 11:29:23 server node[1651759]: [2026-07-17 05:29:23.707] [INFO]  [calendar] Broadcasting 1386 events from https://cloud.example.com/REDACTED_PRIVATE_PATH
Jul 17 11:29:43 server node[1651759]: [2026-07-17 05:29:43.120] [LOG]   [MMM-SecondBrain] [MMM-SecondBrain] Publishing 1 item(s) to display.
Jul 17 11:29:54 server node[1651759]: [2026-07-17 05:29:54.275] [LOG]   [MMM-SecondBrain] [MMM-SecondBrain] Publishing 1 item(s) to display.
Jul 17 11:30:44 server node[1651759]: [2026-07-17 05:30:44.935] [LOG]   [MMM-SecondBrain] [MMM-SecondBrain] Publishing 1 item(s) to display.
Jul 17 11:30:54 server node[1651759]: [2026-07-17 05:30:54.059] [LOG]   [MMM-SecondBrain] [MMM-SecondBrain] Publishing 1 item(s) to display.
Jul 17 11:31:43 server node[1651759]: [2026-07-17 05:31:43.186] [LOG]   [MMM-SecondBrain] [MMM-SecondBrain] Publishing 1 item(s) to display.
Jul 17 11:31:53 server node[1651759]: [2026-07-17 05:31:53.894] [LOG]   [MMM-SecondBrain] [MMM-SecondBrain] Publishing 1 item(s) to display.
Jul 17 11:32:43 server node[1651759]: [2026-07-17 05:32:43.146] [LOG]   [MMM-SecondBrain] [MMM-SecondBrain] Publishing 1 item(s) to display.
Jul 17 11:32:56 server node[1651759]: [2026-07-17 05:32:56.109] [LOG]   [MMM-SecondBrain] [MMM-SecondBrain] Publishing 1 item(s) to display.
Jul 17 11:33:43 server node[1651759]: [2026-07-17 05:33:43.151] [LOG]   [MMM-SecondBrain] [MMM-SecondBrain] Publishing 1 item(s) to display.
Jul 17 11:33:53 server node[1651759]: [2026-07-17 05:33:53.915] [LOG]   [MMM-SecondBrain] [MMM-SecondBrain] Publishing 1 item(s) to display.
Jul 17 11:34:42 server node[1651759]: [2026-07-17 05:34:42.919] [LOG]   [MMM-SecondBrain] [MMM-SecondBrain] Publishing 1 item(s) to display.
Jul 17 11:34:54 server node[1651759]: [2026-07-17 05:34:54.463] [LOG]   [MMM-SecondBrain] [MMM-SecondBrain] Publishing 1 item(s) to display.
Jul 17 11:35:43 server node[1651759]: [2026-07-17 05:35:43.176] [LOG]   [MMM-SecondBrain] [MMM-SecondBrain] Publishing 1 item(s) to display.
Jul 17 11:35:58 server node[1651759]: [2026-07-17 05:35:58.115] [LOG]   [MMM-SecondBrain] [MMM-SecondBrain] Publishing 1 item(s) to display.
Jul 17 11:36:43 server node[1651759]: [2026-07-17 05:36:43.273] [LOG]   [MMM-SecondBrain] [MMM-SecondBrain] Publishing 1 item(s) to display.
Jul 17 11:36:55 server node[1651759]: [2026-07-17 05:36:55.965] [LOG]   [MMM-SecondBrain] [MMM-SecondBrain] Publishing 1 item(s) to display.
Jul 17 11:37:43 server node[1651759]: [2026-07-17 05:37:43.786] [LOG]   [MMM-SecondBrain] [MMM-SecondBrain] Publishing 1 item(s) to display.
Jul 17 11:37:55 server node[1651759]: [2026-07-17 05:37:55.029] [LOG]   [MMM-SecondBrain] [MMM-SecondBrain] Publishing 1 item(s) to display.
Jul 17 11:38:43 server node[1651759]: [2026-07-17 05:38:43.564] [LOG]   [MMM-SecondBrain] [MMM-SecondBrain] Publishing 1 item(s) to display.
Jul 17 11:38:54 server node[1651759]: [2026-07-17 05:38:54.587] [LOG]   [MMM-SecondBrain] [MMM-SecondBrain] Publishing 1 item(s) to display.
Jul 17 11:39:43 server node[1651759]: [2026-07-17 05:39:43.455] [LOG]   [MMM-SecondBrain] [MMM-SecondBrain] Publishing 1 item(s) to display.
Jul 17 11:39:53 server node[1651759]: [2026-07-17 05:39:53.886] [LOG]   [MMM-SecondBrain] [MMM-SecondBrain] Publishing 1 item(s) to display.
Jul 17 11:40:43 server node[1651759]: [2026-07-17 05:40:43.826] [LOG]   [MMM-SecondBrain] [MMM-SecondBrain] Publishing 1 item(s) to display.
Jul 17 11:40:56 server node[1651759]: [2026-07-17 05:40:56.041] [LOG]   [MMM-SecondBrain] [MMM-SecondBrain] Publishing 1 item(s) to display.
Jul 17 11:41:43 server node[1651759]: [2026-07-17 05:41:43.578] [LOG]   [MMM-SecondBrain] [MMM-SecondBrain] Publishing 1 item(s) to display.
Jul 17 11:42:05 server node[1651759]: [2026-07-17 05:42:05.669] [LOG]   [MMM-SecondBrain] [MMM-SecondBrain] Publishing 1 item(s) to display.
Jul 17 11:42:43 server node[1651759]: [2026-07-17 05:42:43.554] [LOG]   [MMM-SecondBrain] [MMM-SecondBrain] Publishing 1 item(s) to display.
Jul 17 11:42:53 server node[1651759]: [2026-07-17 05:42:53.922] [LOG]   [MMM-SecondBrain] [MMM-SecondBrain] Publishing 1 item(s) to display.
Jul 17 11:43:44 server node[1651759]: [2026-07-17 05:43:44.190] [LOG]   [MMM-SecondBrain] [MMM-SecondBrain] Publishing 1 item(s) to display.
Jul 17 11:43:55 server node[1651759]: [2026-07-17 05:43:55.884] [LOG]   [MMM-SecondBrain] [MMM-SecondBrain] Publishing 1 item(s) to display.
Jul 17 11:44:07 server node[1651759]: [2026-07-17 05:44:07.088] [INFO]  [calendar] Broadcasting 24 events from https://raw.githubusercontent.com/clarencechaan/ufc-cal/ics/UFC.ics.
Jul 17 11:44:12 server node[1651759]: [2026-07-17 05:44:12.263] [INFO]  [calendar] Broadcasting 12 events from https://www.officeholidays.com/ics-fed/usa.
Jul 17 11:44:22 server node[1651759]: [2026-07-17 05:44:22.853] [INFO]  [calendar] Broadcasting 7 events from https://butterflytherapeutics.janeapp.com/REDACTED_PRIVATE_PATH
Jul 17 11:44:24 server node[1651759]: [2026-07-17 05:44:24.984] [INFO]  [calendar] Broadcasting 1386 events from https://cloud.example.com/REDACTED_PRIVATE_PATH
Jul 17 11:44:46 server node[1651759]: [2026-07-17 05:44:46.519] [LOG]   [MMM-SecondBrain] [MMM-SecondBrain] Publishing 1 item(s) to display.
Jul 17 11:44:54 server node[1651759]: [2026-07-17 05:44:54.174] [LOG]   [MMM-SecondBrain] [MMM-SecondBrain] Publishing 1 item(s) to display.
Jul 17 11:45:43 server node[1651759]: [2026-07-17 05:45:43.901] [LOG]   [MMM-SecondBrain] [MMM-SecondBrain] Publishing 1 item(s) to display.
Jul 17 11:45:54 server node[1651759]: [2026-07-17 05:45:54.286] [LOG]   [MMM-SecondBrain] [MMM-SecondBrain] Publishing 1 item(s) to display.
Jul 17 11:46:43 server node[1651759]: [2026-07-17 05:46:43.403] [LOG]   [MMM-SecondBrain] [MMM-SecondBrain] Publishing 1 item(s) to display.
Jul 17 11:46:56 server node[1651759]: [2026-07-17 05:46:56.322] [LOG]   [MMM-SecondBrain] [MMM-SecondBrain] Publishing 1 item(s) to display.
Jul 17 11:47:43 server node[1651759]: [2026-07-17 05:47:43.463] [LOG]   [MMM-SecondBrain] [MMM-SecondBrain] Publishing 1 item(s) to display.
Jul 17 11:47:54 server node[1651759]: [2026-07-17 05:47:54.330] [LOG]   [MMM-SecondBrain] [MMM-SecondBrain] Publishing 1 item(s) to display.
Jul 17 11:48:43 server node[1651759]: [2026-07-17 05:48:43.155] [LOG]   [MMM-SecondBrain] [MMM-SecondBrain] Publishing 1 item(s) to display.
Jul 17 11:48:54 server node[1651759]: [2026-07-17 05:48:54.880] [LOG]   [MMM-SecondBrain] [MMM-SecondBrain] Publishing 1 item(s) to display.
Jul 17 11:49:43 server node[1651759]: [2026-07-17 05:49:43.184] [LOG]   [MMM-SecondBrain] [MMM-SecondBrain] Publishing 1 item(s) to display.
Jul 17 11:49:54 server node[1651759]: [2026-07-17 05:49:54.170] [LOG]   [MMM-SecondBrain] [MMM-SecondBrain] Publishing 1 item(s) to display.
Jul 17 11:50:42 server node[1651759]: [2026-07-17 05:50:42.728] [LOG]   [MMM-SecondBrain] [MMM-SecondBrain] Publishing 1 item(s) to display.
Jul 17 11:51:07 server node[1651759]: [2026-07-17 05:51:07.040] [LOG]   [MMM-SecondBrain] [MMM-SecondBrain] Publishing 1 item(s) to display.
Jul 17 11:51:43 server node[1651759]: [2026-07-17 05:51:43.770] [LOG]   [MMM-SecondBrain] [MMM-SecondBrain] Publishing 1 item(s) to display.
Jul 17 11:51:54 server node[1651759]: [2026-07-17 05:51:54.054] [LOG]   [MMM-SecondBrain] [MMM-SecondBrain] Publishing 1 item(s) to display.
Jul 17 11:52:43 server node[1651759]: [2026-07-17 05:52:43.170] [LOG]   [MMM-SecondBrain] [MMM-SecondBrain] Publishing 1 item(s) to display.
Jul 17 11:52:53 server node[1651759]: [2026-07-17 05:52:53.918] [LOG]   [MMM-SecondBrain] [MMM-SecondBrain] Publishing 1 item(s) to display.
Jul 17 11:53:43 server node[1651759]: [2026-07-17 05:53:43.287] [LOG]   [MMM-SecondBrain] [MMM-SecondBrain] Publishing 1 item(s) to display.
Jul 17 11:53:54 server node[1651759]: [2026-07-17 05:53:54.220] [LOG]   [MMM-SecondBrain] [MMM-SecondBrain] Publishing 1 item(s) to display.
Jul 17 11:54:43 server node[1651759]: [2026-07-17 05:54:43.642] [LOG]   [MMM-SecondBrain] [MMM-SecondBrain] Publishing 1 item(s) to display.
Jul 17 11:54:53 server node[1651759]: [2026-07-17 05:54:53.994] [LOG]   [MMM-SecondBrain] [MMM-SecondBrain] Publishing 1 item(s) to display.
Jul 17 11:55:43 server node[1651759]: [2026-07-17 05:55:43.560] [LOG]   [MMM-SecondBrain] [MMM-SecondBrain] Publishing 1 item(s) to display.
Jul 17 11:56:01 server node[1651759]: [2026-07-17 05:56:01.162] [LOG]   [MMM-SecondBrain] [MMM-SecondBrain] Publishing 1 item(s) to display.
Jul 17 11:56:43 server node[1651759]: [2026-07-17 05:56:43.063] [LOG]   [MMM-SecondBrain] [MMM-SecondBrain] Publishing 1 item(s) to display.
Jul 17 11:56:54 server node[1651759]: [2026-07-17 05:56:54.132] [LOG]   [MMM-SecondBrain] [MMM-SecondBrain] Publishing 1 item(s) to display.
Jul 17 11:57:50 server node[1651759]: [2026-07-17 05:57:50.678] [LOG]   [MMM-SecondBrain] [MMM-SecondBrain] Publishing 1 item(s) to display.
Jul 17 11:58:43 server node[1651759]: [2026-07-17 05:58:43.952] [LOG]   [MMM-SecondBrain] [MMM-SecondBrain] Publishing 1 item(s) to display.
Jul 17 11:59:07 server node[1651759]: [2026-07-17 05:59:07.615] [INFO]  [calendar] Broadcasting 24 events from https://raw.githubusercontent.com/clarencechaan/ufc-cal/ics/UFC.ics.
Jul 17 11:59:07 server node[1651759]: [2026-07-17 05:59:07.662] [ERROR] [lib] [MMM-SecondBrain] Gmail IMAP account personal.json failed: read ECONNRESET
Jul 17 11:59:07 server node[1651759]: [2026-07-17 05:59:07.663] [LOG]   [MMM-SecondBrain] [MMM-SecondBrain] Publishing 1 item(s) to display.
Jul 17 11:59:13 server node[1651759]: [2026-07-17 05:59:13.168] [INFO]  [calendar] Broadcasting 12 events from https://www.officeholidays.com/ics-fed/usa.
Jul 17 11:59:24 server node[1651759]: [2026-07-17 05:59:24.614] [INFO]  [calendar] Broadcasting 7 events from https://butterflytherapeutics.janeapp.com/REDACTED_PRIVATE_PATH
Jul 17 11:59:26 server node[1651759]: [2026-07-17 05:59:26.496] [INFO]  [calendar] Broadcasting 1386 events from https://cloud.example.com/REDACTED_PRIVATE_PATH
Jul 17 11:59:43 server node[1651759]: [2026-07-17 05:59:43.148] [LOG]   [MMM-SecondBrain] [MMM-SecondBrain] Publishing 1 item(s) to display.
Jul 17 11:59:54 server node[1651759]: [2026-07-17 05:59:54.876] [LOG]   [MMM-SecondBrain] [MMM-SecondBrain] Publishing 1 item(s) to display.
Jul 17 12:00:43 server node[1651759]: [2026-07-17 06:00:43.448] [LOG]   [MMM-SecondBrain] [MMM-SecondBrain] Publishing 1 item(s) to display.
Jul 17 12:00:54 server node[1651759]: [2026-07-17 06:00:54.180] [LOG]   [MMM-SecondBrain] [MMM-SecondBrain] Publishing 1 item(s) to display.
Jul 17 12:01:43 server node[1651759]: [2026-07-17 06:01:43.788] [LOG]   [MMM-SecondBrain] [MMM-SecondBrain] Publishing 1 item(s) to display.
Jul 17 12:01:54 server node[1651759]: [2026-07-17 06:01:54.288] [LOG]   [MMM-SecondBrain] [MMM-SecondBrain] Publishing 1 item(s) to display.
Jul 17 12:02:44 server node[1651759]: [2026-07-17 06:02:44.591] [LOG]   [MMM-SecondBrain] [MMM-SecondBrain] Publishing 1 item(s) to display.
Jul 17 12:02:54 server node[1651759]: [2026-07-17 06:02:54.726] [LOG]   [MMM-SecondBrain] [MMM-SecondBrain] Publishing 1 item(s) to display.
Jul 17 12:03:50 server node[1651759]: [2026-07-17 06:03:50.808] [LOG]   [MMM-SecondBrain] [MMM-SecondBrain] Publishing 1 item(s) to display.
Jul 17 12:04:43 server node[1651759]: [2026-07-17 06:04:43.832] [LOG]   [MMM-SecondBrain] [MMM-SecondBrain] Publishing 1 item(s) to display.
Jul 17 12:04:54 server node[1651759]: [2026-07-17 06:04:54.516] [LOG]   [MMM-SecondBrain] [MMM-SecondBrain] Publishing 1 item(s) to display.
Jul 17 12:05:43 server node[1651759]: [2026-07-17 06:05:43.596] [LOG]   [MMM-SecondBrain] [MMM-SecondBrain] Publishing 1 item(s) to display.
Jul 17 12:05:54 server node[1651759]: [2026-07-17 06:05:54.040] [LOG]   [MMM-SecondBrain] [MMM-SecondBrain] Publishing 1 item(s) to display.
Jul 17 12:06:43 server node[1651759]: [2026-07-17 06:06:43.723] [LOG]   [MMM-SecondBrain] [MMM-SecondBrain] Publishing 1 item(s) to display.
Jul 17 12:06:53 server node[1651759]: [2026-07-17 06:06:53.892] [LOG]   [MMM-SecondBrain] [MMM-SecondBrain] Publishing 1 item(s) to display.
Jul 17 12:07:43 server node[1651759]: [2026-07-17 06:07:43.238] [LOG]   [MMM-SecondBrain] [MMM-SecondBrain] Publishing 1 item(s) to display.
Jul 17 12:07:54 server node[1651759]: [2026-07-17 06:07:54.458] [LOG]   [MMM-SecondBrain] [MMM-SecondBrain] Publishing 1 item(s) to display.
Jul 17 12:08:43 server node[1651759]: [2026-07-17 06:08:43.433] [LOG]   [MMM-SecondBrain] [MMM-SecondBrain] Publishing 1 item(s) to display.
Jul 17 12:08:53 server node[1651759]: [2026-07-17 06:08:53.964] [LOG]   [MMM-SecondBrain] [MMM-SecondBrain] Publishing 1 item(s) to display.
Jul 17 12:09:44 server node[1651759]: [2026-07-17 06:09:44.084] [LOG]   [MMM-SecondBrain] [MMM-SecondBrain] Publishing 1 item(s) to display.
Jul 17 12:09:54 server node[1651759]: [2026-07-17 06:09:54.952] [LOG]   [MMM-SecondBrain] [MMM-SecondBrain] Publishing 1 item(s) to display.
Jul 17 12:10:43 server node[1651759]: [2026-07-17 06:10:43.291] [LOG]   [MMM-SecondBrain] [MMM-SecondBrain] Publishing 1 item(s) to display.
Jul 17 12:10:54 server node[1651759]: [2026-07-17 06:10:54.636] [LOG]   [MMM-SecondBrain] [MMM-SecondBrain] Publishing 1 item(s) to display.
Jul 17 12:11:43 server node[1651759]: [2026-07-17 06:11:43.284] [LOG]   [MMM-SecondBrain] [MMM-SecondBrain] Publishing 1 item(s) to display.
Jul 17 12:11:54 server node[1651759]: [2026-07-17 06:11:54.607] [LOG]   [MMM-SecondBrain] [MMM-SecondBrain] Publishing 1 item(s) to display.
Jul 17 12:12:43 server node[1651759]: [2026-07-17 06:12:43.046] [LOG]   [MMM-SecondBrain] [MMM-SecondBrain] Publishing 1 item(s) to display.
Jul 17 12:12:58 server node[1651759]: [2026-07-17 06:12:58.176] [LOG]   [MMM-SecondBrain] [MMM-SecondBrain] Publishing 1 item(s) to display.
Jul 17 12:13:42 server node[1651759]: [2026-07-17 06:13:42.904] [LOG]   [MMM-SecondBrain] [MMM-SecondBrain] Publishing 1 item(s) to display.
Jul 17 12:13:54 server node[1651759]: [2026-07-17 06:13:54.216] [LOG]   [MMM-SecondBrain] [MMM-SecondBrain] Publishing 1 item(s) to display.
Jul 17 12:14:08 server node[1651759]: [2026-07-17 06:14:08.339] [INFO]  [calendar] Broadcasting 24 events from https://raw.githubusercontent.com/clarencechaan/ufc-cal/ics/UFC.ics.
Jul 17 12:14:13 server node[1651759]: [2026-07-17 06:14:13.905] [INFO]  [calendar] Broadcasting 12 events from https://www.officeholidays.com/ics-fed/usa.
Jul 17 12:14:26 server node[1651759]: [2026-07-17 06:14:26.326] [INFO]  [calendar] Broadcasting 7 events from https://butterflytherapeutics.janeapp.com/REDACTED_PRIVATE_PATH
Jul 17 12:14:27 server node[1651759]: [2026-07-17 06:14:27.860] [INFO]  [calendar] Broadcasting 1386 events from https://cloud.example.com/REDACTED_PRIVATE_PATH
Jul 17 12:14:43 server node[1651759]: [2026-07-17 06:14:43.252] [LOG]   [MMM-SecondBrain] [MMM-SecondBrain] Publishing 1 item(s) to display.
Jul 17 12:15:11 server node[1651759]: [2026-07-17 06:15:11.024] [LOG]   [MMM-SecondBrain] [MMM-SecondBrain] Publishing 1 item(s) to display.
Jul 17 12:15:44 server node[1651759]: [2026-07-17 06:15:44.640] [LOG]   [MMM-SecondBrain] [MMM-SecondBrain] Publishing 1 item(s) to display.
Jul 17 12:15:54 server node[1651759]: [2026-07-17 06:15:54.225] [LOG]   [MMM-SecondBrain] [MMM-SecondBrain] Publishing 1 item(s) to display.
Jul 17 12:16:43 server node[1651759]: [2026-07-17 06:16:43.536] [LOG]   [MMM-SecondBrain] [MMM-SecondBrain] Publishing 1 item(s) to display.
Jul 17 12:16:54 server node[1651759]: [2026-07-17 06:16:54.032] [LOG]   [MMM-SecondBrain] [MMM-SecondBrain] Publishing 1 item(s) to display.
Jul 17 12:17:43 server node[1651759]: [2026-07-17 06:17:43.499] [LOG]   [MMM-SecondBrain] [MMM-SecondBrain] Publishing 1 item(s) to display.
Jul 17 12:17:56 server node[1651759]: [2026-07-17 06:17:56.122] [LOG]   [MMM-SecondBrain] [MMM-SecondBrain] Publishing 1 item(s) to display.
Jul 17 12:18:44 server node[1651759]: [2026-07-17 06:18:44.151] [LOG]   [MMM-SecondBrain] [MMM-SecondBrain] Publishing 1 item(s) to display.
Jul 17 12:18:54 server node[1651759]: [2026-07-17 06:18:54.235] [LOG]   [MMM-SecondBrain] [MMM-SecondBrain] Publishing 1 item(s) to display.
Jul 17 12:19:43 server node[1651759]: [2026-07-17 06:19:43.260] [LOG]   [MMM-SecondBrain] [MMM-SecondBrain] Publishing 1 item(s) to display.
Jul 17 12:19:53 server node[1651759]: [2026-07-17 06:19:53.969] [LOG]   [MMM-SecondBrain] [MMM-SecondBrain] Publishing 1 item(s) to display.
Jul 17 12:20:43 server node[1651759]: [2026-07-17 06:20:43.056] [LOG]   [MMM-SecondBrain] [MMM-SecondBrain] Publishing 1 item(s) to display.
Jul 17 12:20:53 server node[1651759]: [2026-07-17 06:20:53.992] [LOG]   [MMM-SecondBrain] [MMM-SecondBrain] Publishing 1 item(s) to display.
Jul 17 12:21:42 server node[1651759]: [2026-07-17 06:21:42.996] [LOG]   [MMM-SecondBrain] [MMM-SecondBrain] Publishing 1 item(s) to display.
Jul 17 12:21:53 server node[1651759]: [2026-07-17 06:21:53.952] [LOG]   [MMM-SecondBrain] [MMM-SecondBrain] Publishing 1 item(s) to display.
Jul 17 12:22:43 server node[1651759]: [2026-07-17 06:22:43.125] [LOG]   [MMM-SecondBrain] [MMM-SecondBrain] Publishing 1 item(s) to display.
Jul 17 12:22:55 server node[1651759]: [2026-07-17 06:22:55.760] [LOG]   [MMM-SecondBrain] [MMM-SecondBrain] Publishing 1 item(s) to display.
Jul 17 12:23:43 server node[1651759]: [2026-07-17 06:23:43.296] [LOG]   [MMM-SecondBrain] [MMM-SecondBrain] Publishing 1 item(s) to display.
Jul 17 12:23:53 server node[1651759]: [2026-07-17 06:23:53.964] [LOG]   [MMM-SecondBrain] [MMM-SecondBrain] Publishing 1 item(s) to display.
Jul 17 12:24:44 server node[1651759]: [2026-07-17 06:24:44.038] [LOG]   [MMM-SecondBrain] [MMM-SecondBrain] Publishing 1 item(s) to display.
Jul 17 12:24:54 server node[1651759]: [2026-07-17 06:24:54.699] [LOG]   [MMM-SecondBrain] [MMM-SecondBrain] Publishing 1 item(s) to display.
Jul 17 12:25:45 server node[1651759]: [2026-07-17 06:25:45.498] [LOG]   [MMM-SecondBrain] [MMM-SecondBrain] Publishing 1 item(s) to display.
Jul 17 12:25:55 server node[1651759]: [2026-07-17 06:25:55.639] [LOG]   [MMM-SecondBrain] [MMM-SecondBrain] Publishing 1 item(s) to display.
Jul 17 12:26:43 server node[1651759]: [2026-07-17 06:26:43.656] [LOG]   [MMM-SecondBrain] [MMM-SecondBrain] Publishing 1 item(s) to display.
Jul 17 12:26:54 server node[1651759]: [2026-07-17 06:26:54.877] [LOG]   [MMM-SecondBrain] [MMM-SecondBrain] Publishing 1 item(s) to display.
Jul 17 12:27:43 server node[1651759]: [2026-07-17 06:27:43.026] [LOG]   [MMM-SecondBrain] [MMM-SecondBrain] Publishing 1 item(s) to display.
Jul 17 12:27:54 server node[1651759]: [2026-07-17 06:27:54.009] [LOG]   [MMM-SecondBrain] [MMM-SecondBrain] Publishing 1 item(s) to display.
Jul 17 12:28:43 server node[1651759]: [2026-07-17 06:28:43.036] [LOG]   [MMM-SecondBrain] [MMM-SecondBrain] Publishing 1 item(s) to display.
Jul 17 12:28:54 server node[1651759]: [2026-07-17 06:28:54.028] [LOG]   [MMM-SecondBrain] [MMM-SecondBrain] Publishing 1 item(s) to display.
Jul 17 12:29:09 server node[1651759]: [2026-07-17 06:29:09.737] [INFO]  [calendar] Broadcasting 24 events from https://raw.githubusercontent.com/clarencechaan/ufc-cal/ics/UFC.ics.
Jul 17 12:29:14 server node[1651759]: [2026-07-17 06:29:14.616] [INFO]  [calendar] Broadcasting 12 events from https://www.officeholidays.com/ics-fed/usa.
Jul 17 12:29:28 server node[1651759]: [2026-07-17 06:29:28.029] [INFO]  [calendar] Broadcasting 7 events from https://butterflytherapeutics.janeapp.com/REDACTED_PRIVATE_PATH
Jul 17 12:29:29 server node[1651759]: [2026-07-17 06:29:29.292] [INFO]  [calendar] Broadcasting 1386 events from https://cloud.example.com/REDACTED_PRIVATE_PATH
Jul 17 12:29:43 server node[1651759]: [2026-07-17 06:29:43.088] [LOG]   [MMM-SecondBrain] [MMM-SecondBrain] Publishing 1 item(s) to display.
Jul 17 12:29:53 server node[1651759]: [2026-07-17 06:29:53.906] [LOG]   [MMM-SecondBrain] [MMM-SecondBrain] Publishing 1 item(s) to display.
Jul 17 12:30:43 server node[1651759]: [2026-07-17 06:30:43.327] [LOG]   [MMM-SecondBrain] [MMM-SecondBrain] Publishing 1 item(s) to display.
Jul 17 12:30:54 server node[1651759]: [2026-07-17 06:30:54.287] [LOG]   [MMM-SecondBrain] [MMM-SecondBrain] Publishing 1 item(s) to display.
Jul 17 12:31:43 server node[1651759]: [2026-07-17 06:31:43.862] [LOG]   [MMM-SecondBrain] [MMM-SecondBrain] Publishing 1 item(s) to display.
Jul 17 12:31:53 server node[1651759]: [2026-07-17 06:31:53.882] [LOG]   [MMM-SecondBrain] [MMM-SecondBrain] Publishing 1 item(s) to display.
Jul 17 12:32:43 server node[1651759]: [2026-07-17 06:32:43.104] [LOG]   [MMM-SecondBrain] [MMM-SecondBrain] Publishing 1 item(s) to display.
Jul 17 12:32:54 server node[1651759]: [2026-07-17 06:32:54.148] [LOG]   [MMM-SecondBrain] [MMM-SecondBrain] Publishing 1 item(s) to display.
Jul 17 12:33:43 server node[1651759]: [2026-07-17 06:33:43.360] [LOG]   [MMM-SecondBrain] [MMM-SecondBrain] Publishing 1 item(s) to display.
Jul 17 12:33:54 server node[1651759]: [2026-07-17 06:33:54.912] [LOG]   [MMM-SecondBrain] [MMM-SecondBrain] Publishing 1 item(s) to display.
Jul 17 12:34:43 server node[1651759]: [2026-07-17 06:34:43.008] [LOG]   [MMM-SecondBrain] [MMM-SecondBrain] Publishing 1 item(s) to display.
Jul 17 12:34:55 server node[1651759]: [2026-07-17 06:34:55.284] [LOG]   [MMM-SecondBrain] [MMM-SecondBrain] Publishing 1 item(s) to display.
Jul 17 12:35:43 server node[1651759]: [2026-07-17 06:35:43.072] [LOG]   [MMM-SecondBrain] [MMM-SecondBrain] Publishing 1 item(s) to display.
Jul 17 12:35:54 server node[1651759]: [2026-07-17 06:35:54.645] [LOG]   [MMM-SecondBrain] [MMM-SecondBrain] Publishing 1 item(s) to display.
Jul 17 12:36:43 server node[1651759]: [2026-07-17 06:36:43.364] [LOG]   [MMM-SecondBrain] [MMM-SecondBrain] Publishing 1 item(s) to display.
Jul 17 12:37:08 server node[1651759]: [2026-07-17 06:37:08.436] [LOG]   [MMM-SecondBrain] [MMM-SecondBrain] Publishing 1 item(s) to display.
Jul 17 12:37:43 server node[1651759]: [2026-07-17 06:37:43.288] [LOG]   [MMM-SecondBrain] [MMM-SecondBrain] Publishing 1 item(s) to display.
Jul 17 12:37:54 server node[1651759]: [2026-07-17 06:37:54.038] [LOG]   [MMM-SecondBrain] [MMM-SecondBrain] Publishing 1 item(s) to display.
Jul 17 12:38:56 server node[1651759]: [2026-07-17 06:38:56.904] [ERROR] [lib] [MMM-SecondBrain] Gmail IMAP account personal.json failed: read ECONNRESET
Jul 17 12:38:56 server node[1651759]: [2026-07-17 06:38:56.904] [LOG]   [MMM-SecondBrain] [MMM-SecondBrain] Publishing 1 item(s) to display.
Jul 17 12:39:50 server node[1651759]: [2026-07-17 06:39:50.595] [LOG]   [MMM-SecondBrain] [MMM-SecondBrain] Publishing 1 item(s) to display.
Jul 17 12:40:45 server node[1651759]: [2026-07-17 06:40:45.916] [LOG]   [MMM-SecondBrain] [MMM-SecondBrain] Publishing 1 item(s) to display.
Jul 17 12:41:49 server node[1651759]: [2026-07-17 06:41:49.496] [LOG]   [MMM-SecondBrain] [MMM-SecondBrain] Publishing 1 item(s) to display.
Jul 17 12:42:43 server node[1651759]: [2026-07-17 06:42:43.164] [LOG]   [MMM-SecondBrain] [MMM-SecondBrain] Publishing 1 item(s) to display.
Jul 17 12:42:54 server node[1651759]: [2026-07-17 06:42:54.210] [LOG]   [MMM-SecondBrain] [MMM-SecondBrain] Publishing 1 item(s) to display.
Jul 17 12:43:43 server node[1651759]: [2026-07-17 06:43:43.250] [LOG]   [MMM-SecondBrain] [MMM-SecondBrain] Publishing 1 item(s) to display.
Jul 17 12:43:54 server node[1651759]: [2026-07-17 06:43:54.095] [LOG]   [MMM-SecondBrain] [MMM-SecondBrain] Publishing 1 item(s) to display.
Jul 17 12:44:10 server node[1651759]: [2026-07-17 06:44:10.567] [INFO]  [calendar] Broadcasting 24 events from https://raw.githubusercontent.com/clarencechaan/ufc-cal/ics/UFC.ics.
Jul 17 12:44:26 server node[1651759]: [2026-07-17 06:44:26.510] [INFO]  [calendar] Broadcasting 12 events from https://www.officeholidays.com/ics-fed/usa.
Jul 17 12:44:29 server node[1651759]: [2026-07-17 06:44:29.760] [INFO]  [calendar] Broadcasting 7 events from https://butterflytherapeutics.janeapp.com/REDACTED_PRIVATE_PATH
Jul 17 12:44:30 server node[1651759]: [2026-07-17 06:44:30.491] [INFO]  [calendar] Broadcasting 1386 events from https://cloud.example.com/REDACTED_PRIVATE_PATH
Jul 17 12:44:48 server node[1651759]: [2026-07-17 06:44:48.232] [LOG]   [MMM-SecondBrain] [MMM-SecondBrain] Publishing 1 item(s) to display.
Jul 17 12:46:32 server node[1651759]: [2026-07-17 06:46:32.863] [LOG]   [MMM-SecondBrain] [MMM-SecondBrain] Publishing 1 item(s) to display.
Jul 17 12:46:42 server node[1651759]: [2026-07-17 06:46:42.896] [LOG]   [MMM-SecondBrain] [MMM-SecondBrain] Publishing 1 item(s) to display.
Jul 17 12:46:54 server node[1651759]: [2026-07-17 06:46:54.056] [LOG]   [MMM-SecondBrain] [MMM-SecondBrain] Publishing 1 item(s) to display.
Jul 17 12:47:43 server node[1651759]: [2026-07-17 06:47:43.056] [LOG]   [MMM-SecondBrain] [MMM-SecondBrain] Publishing 1 item(s) to display.
Jul 17 12:47:54 server node[1651759]: [2026-07-17 06:47:54.913] [LOG]   [MMM-SecondBrain] [MMM-SecondBrain] Publishing 1 item(s) to display.
Jul 17 12:48:42 server node[1651759]: [2026-07-17 06:48:42.883] [LOG]   [MMM-SecondBrain] [MMM-SecondBrain] Publishing 1 item(s) to display.
Jul 17 12:48:54 server node[1651759]: [2026-07-17 06:48:54.275] [LOG]   [MMM-SecondBrain] [MMM-SecondBrain] Publishing 1 item(s) to display.
Jul 17 12:49:43 server node[1651759]: [2026-07-17 06:49:43.143] [LOG]   [MMM-SecondBrain] [MMM-SecondBrain] Publishing 1 item(s) to display.
Jul 17 12:49:54 server node[1651759]: [2026-07-17 06:49:54.055] [LOG]   [MMM-SecondBrain] [MMM-SecondBrain] Publishing 1 item(s) to display.
Jul 17 12:50:43 server node[1651759]: [2026-07-17 06:50:43.028] [LOG]   [MMM-SecondBrain] [MMM-SecondBrain] Publishing 1 item(s) to display.
Jul 17 12:50:54 server node[1651759]: [2026-07-17 06:50:54.862] [LOG]   [MMM-SecondBrain] [MMM-SecondBrain] Publishing 1 item(s) to display.
Jul 17 12:51:46 server node[1651759]: [2026-07-17 06:51:46.309] [LOG]   [MMM-SecondBrain] [MMM-SecondBrain] Publishing 1 item(s) to display.
Jul 17 12:51:58 server node[1651759]: [2026-07-17 06:51:58.420] [LOG]   [MMM-SecondBrain] [MMM-SecondBrain] Publishing 1 item(s) to display.
Jul 17 12:52:43 server node[1651759]: [2026-07-17 06:52:43.088] [LOG]   [MMM-SecondBrain] [MMM-SecondBrain] Publishing 1 item(s) to display.
Jul 17 12:52:54 server node[1651759]: [2026-07-17 06:52:54.288] [LOG]   [MMM-SecondBrain] [MMM-SecondBrain] Publishing 1 item(s) to display.
Jul 17 12:53:43 server node[1651759]: [2026-07-17 06:53:43.804] [LOG]   [MMM-SecondBrain] [MMM-SecondBrain] Publishing 1 item(s) to display.
Jul 17 12:53:54 server node[1651759]: [2026-07-17 06:53:54.644] [LOG]   [MMM-SecondBrain] [MMM-SecondBrain] Publishing 1 item(s) to display.
Jul 17 12:54:54 server node[1651759]: [2026-07-17 06:54:54.416] [LOG]   [MMM-SecondBrain] [MMM-SecondBrain] Publishing 1 item(s) to display.
Jul 17 12:55:43 server node[1651759]: [2026-07-17 06:55:43.252] [LOG]   [MMM-SecondBrain] [MMM-SecondBrain] Publishing 1 item(s) to display.
Jul 17 12:55:54 server node[1651759]: [2026-07-17 06:55:54.112] [LOG]   [MMM-SecondBrain] [MMM-SecondBrain] Publishing 1 item(s) to display.
Jul 17 12:56:43 server node[1651759]: [2026-07-17 06:56:43.073] [LOG]   [MMM-SecondBrain] [MMM-SecondBrain] Publishing 1 item(s) to display.
Jul 17 12:57:26 server node[1651759]: [2026-07-17 06:57:26.157] [LOG]   [MMM-SecondBrain] [MMM-SecondBrain] Publishing 1 item(s) to display.
Jul 17 12:57:49 server node[1651759]: [2026-07-17 06:57:49.276] [LOG]   [MMM-SecondBrain] [MMM-SecondBrain] Publishing 1 item(s) to display.
Jul 17 12:58:46 server node[1651759]: [2026-07-17 06:58:46.071] [LOG]   [MMM-SecondBrain] [MMM-SecondBrain] Publishing 1 item(s) to display.
Jul 17 12:58:54 server node[1651759]: [2026-07-17 06:58:54.683] [LOG]   [MMM-SecondBrain] [MMM-SecondBrain] Publishing 1 item(s) to display.
Jul 17 12:59:11 server node[1651759]: [2026-07-17 06:59:11.697] [INFO]  [calendar] Broadcasting 24 events from https://raw.githubusercontent.com/clarencechaan/ufc-cal/ics/UFC.ics.
Jul 17 12:59:27 server node[1651759]: [2026-07-17 06:59:27.249] [INFO]  [calendar] Broadcasting 12 events from https://www.officeholidays.com/ics-fed/usa.
Jul 17 12:59:31 server node[1651759]: [2026-07-17 06:59:31.321] [INFO]  [calendar] Broadcasting 7 events from https://butterflytherapeutics.janeapp.com/REDACTED_PRIVATE_PATH
Jul 17 12:59:31 server node[1651759]: [2026-07-17 06:59:31.948] [INFO]  [calendar] Broadcasting 1386 events from https://cloud.example.com/REDACTED_PRIVATE_PATH
Jul 17 12:59:43 server node[1651759]: [2026-07-17 06:59:43.140] [LOG]   [MMM-SecondBrain] [MMM-SecondBrain] Publishing 1 item(s) to display.
Jul 17 13:00:07 server node[1651759]: [2026-07-17 07:00:07.948] [ERROR] [lib] [MMM-SecondBrain] Gmail IMAP account personal.json failed: read ECONNRESET
Jul 17 13:00:07 server node[1651759]: [2026-07-17 07:00:07.949] [LOG]   [MMM-SecondBrain] [MMM-SecondBrain] Publishing 1 item(s) to display.
Jul 17 13:00:50 server node[1651759]: [2026-07-17 07:00:50.576] [LOG]   [MMM-SecondBrain] [MMM-SecondBrain] Publishing 1 item(s) to display.
Jul 17 13:01:44 server node[1651759]: [2026-07-17 07:01:44.154] [LOG]   [MMM-SecondBrain] [MMM-SecondBrain] Publishing 1 item(s) to display.
Jul 17 13:01:54 server node[1651759]: [2026-07-17 07:01:54.259] [LOG]   [MMM-SecondBrain] [MMM-SecondBrain] Publishing 1 item(s) to display.
Jul 17 13:02:46 server node[1651759]: [2026-07-17 07:02:46.699] [LOG]   [MMM-SecondBrain] [MMM-SecondBrain] Publishing 1 item(s) to display.
Jul 17 13:02:54 server node[1651759]: [2026-07-17 07:02:54.100] [LOG]   [MMM-SecondBrain] [MMM-SecondBrain] Publishing 1 item(s) to display.
Jul 17 13:03:57 server node[1651759]: [2026-07-17 07:03:57.704] [LOG]   [MMM-SecondBrain] [MMM-SecondBrain] Publishing 1 item(s) to display.
Jul 17 13:04:46 server node[1651759]: [2026-07-17 07:04:46.588] [LOG]   [MMM-SecondBrain] [MMM-SecondBrain] Publishing 1 item(s) to display.
Jul 17 13:04:53 server node[1651759]: [2026-07-17 07:04:53.983] [LOG]   [MMM-SecondBrain] [MMM-SecondBrain] Publishing 1 item(s) to display.
Jul 17 13:05:43 server node[1651759]: [2026-07-17 07:05:43.043] [LOG]   [MMM-SecondBrain] [MMM-SecondBrain] Publishing 1 item(s) to display.
Jul 17 13:06:08 server node[1651759]: [2026-07-17 07:06:08.111] [LOG]   [MMM-SecondBrain] [MMM-SecondBrain] Publishing 1 item(s) to display.
Jul 17 13:06:43 server node[1651759]: [2026-07-17 07:06:43.188] [LOG]   [MMM-SecondBrain] [MMM-SecondBrain] Publishing 1 item(s) to display.
Jul 17 13:06:53 server node[1651759]: [2026-07-17 07:06:53.967] [LOG]   [MMM-SecondBrain] [MMM-SecondBrain] Publishing 1 item(s) to display.
Jul 17 13:07:43 server node[1651759]: [2026-07-17 07:07:43.771] [LOG]   [MMM-SecondBrain] [MMM-SecondBrain] Publishing 1 item(s) to display.
Jul 17 13:07:54 server node[1651759]: [2026-07-17 07:07:54.311] [LOG]   [MMM-SecondBrain] [MMM-SecondBrain] Publishing 1 item(s) to display.
Jul 17 13:08:43 server node[1651759]: [2026-07-17 07:08:43.588] [LOG]   [MMM-SecondBrain] [MMM-SecondBrain] Publishing 1 item(s) to display.
Jul 17 13:08:54 server node[1651759]: [2026-07-17 07:08:54.088] [LOG]   [MMM-SecondBrain] [MMM-SecondBrain] Publishing 1 item(s) to display.
Jul 17 13:09:43 server node[1651759]: [2026-07-17 07:09:43.255] [LOG]   [MMM-SecondBrain] [MMM-SecondBrain] Publishing 1 item(s) to display.
Jul 17 13:09:54 server node[1651759]: [2026-07-17 07:09:54.548] [LOG]   [MMM-SecondBrain] [MMM-SecondBrain] Publishing 1 item(s) to display.
Jul 17 13:11:26 server node[1651759]: [2026-07-17 07:11:26.344] [LOG]   [MMM-SecondBrain] [MMM-SecondBrain] Publishing 1 item(s) to display.
Jul 17 13:11:43 server node[1651759]: [2026-07-17 07:11:43.855] [LOG]   [MMM-SecondBrain] [MMM-SecondBrain] Publishing 1 item(s) to display.
Jul 17 13:11:54 server node[1651759]: [2026-07-17 07:11:54.071] [LOG]   [MMM-SecondBrain] [MMM-SecondBrain] Publishing 1 item(s) to display.
Jul 17 13:13:04 server node[1651759]: [2026-07-17 07:13:04.449] [LOG]   [MMM-SecondBrain] [MMM-SecondBrain] Publishing 1 item(s) to display.
Jul 17 13:13:43 server node[1651759]: [2026-07-17 07:13:43.444] [LOG]   [MMM-SecondBrain] [MMM-SecondBrain] Publishing 1 item(s) to display.
Jul 17 13:13:55 server node[1651759]: [2026-07-17 07:13:55.223] [LOG]   [MMM-SecondBrain] [MMM-SecondBrain] Publishing 1 item(s) to display.
Jul 17 13:14:12 server node[1651759]: [2026-07-17 07:14:12.113] [INFO]  [calendar] Broadcasting 24 events from https://raw.githubusercontent.com/clarencechaan/ufc-cal/ics/UFC.ics.
Jul 17 13:14:33 server node[1651759]: [2026-07-17 07:14:33.001] [INFO]  [calendar] Broadcasting 7 events from https://butterflytherapeutics.janeapp.com/REDACTED_PRIVATE_PATH
Jul 17 13:14:33 server node[1651759]: [2026-07-17 07:14:33.522] [INFO]  [calendar] Broadcasting 1386 events from https://cloud.example.com/REDACTED_PRIVATE_PATH
Jul 17 13:14:39 server node[1651759]: [2026-07-17 07:14:39.269] [INFO]  [calendar] Broadcasting 12 events from https://www.officeholidays.com/ics-fed/usa.
Jul 17 13:14:45 server node[1651759]: [2026-07-17 07:14:45.269] [LOG]   [MMM-SecondBrain] [MMM-SecondBrain] Publishing 1 item(s) to display.
Jul 17 13:14:54 server node[1651759]: [2026-07-17 07:14:54.472] [LOG]   [MMM-SecondBrain] [MMM-SecondBrain] Publishing 1 item(s) to display.
Jul 17 13:15:47 server node[1651759]: [2026-07-17 07:15:47.453] [LOG]   [MMM-SecondBrain] [MMM-SecondBrain] Publishing 1 item(s) to display.
Jul 17 13:15:53 server node[1651759]: [2026-07-17 07:15:53.908] [LOG]   [MMM-SecondBrain] [MMM-SecondBrain] Publishing 1 item(s) to display.
Jul 17 13:16:43 server node[1651759]: [2026-07-17 07:16:43.028] [LOG]   [MMM-SecondBrain] [MMM-SecondBrain] Publishing 1 item(s) to display.
Jul 17 13:16:54 server node[1651759]: [2026-07-17 07:16:54.164] [LOG]   [MMM-SecondBrain] [MMM-SecondBrain] Publishing 1 item(s) to display.
Jul 17 13:17:44 server node[1651759]: [2026-07-17 07:17:44.504] [LOG]   [MMM-SecondBrain] [MMM-SecondBrain] Publishing 1 item(s) to display.
Jul 17 13:17:54 server node[1651759]: [2026-07-17 07:17:54.584] [LOG]   [MMM-SecondBrain] [MMM-SecondBrain] Publishing 1 item(s) to display.
Jul 17 13:18:45 server node[1651759]: [2026-07-17 07:18:45.324] [LOG]   [MMM-SecondBrain] [MMM-SecondBrain] Publishing 1 item(s) to display.
Jul 17 13:19:08 server node[1651759]: [2026-07-17 07:19:08.844] [LOG]   [MMM-SecondBrain] [MMM-SecondBrain] Publishing 1 item(s) to display.
Jul 17 13:19:54 server node[1651759]: [2026-07-17 07:19:54.513] [LOG]   [MMM-SecondBrain] [MMM-SecondBrain] Publishing 1 item(s) to display.
Jul 17 13:20:46 server node[1651759]: [2026-07-17 07:20:46.864] [LOG]   [MMM-SecondBrain] [MMM-SecondBrain] Publishing 1 item(s) to display.
Jul 17 13:20:55 server node[1651759]: [2026-07-17 07:20:55.337] [LOG]   [MMM-SecondBrain] [MMM-SecondBrain] Publishing 1 item(s) to display.
Jul 17 13:21:44 server node[1651759]: [2026-07-17 07:21:44.180] [LOG]   [MMM-SecondBrain] [MMM-SecondBrain] Publishing 1 item(s) to display.
Jul 17 13:21:54 server node[1651759]: [2026-07-17 07:21:54.088] [LOG]   [MMM-SecondBrain] [MMM-SecondBrain] Publishing 1 item(s) to display.
Jul 17 13:22:43 server node[1651759]: [2026-07-17 07:22:43.899] [LOG]   [MMM-SecondBrain] [MMM-SecondBrain] Publishing 1 item(s) to display.
Jul 17 13:23:08 server node[1651759]: [2026-07-17 07:23:08.046] [ERROR] [lib] [MMM-SecondBrain] Gmail IMAP account personal.json failed: read ECONNRESET
Jul 17 13:23:08 server node[1651759]: [2026-07-17 07:23:08.047] [LOG]   [MMM-SecondBrain] [MMM-SecondBrain] Publishing 1 item(s) to display.
Jul 17 13:23:43 server node[1651759]: [2026-07-17 07:23:43.053] [LOG]   [MMM-SecondBrain] [MMM-SecondBrain] Publishing 1 item(s) to display.
Jul 17 13:23:54 server node[1651759]: [2026-07-17 07:23:54.848] [LOG]   [MMM-SecondBrain] [MMM-SecondBrain] Publishing 1 item(s) to display.
Jul 17 13:24:50 server node[1651759]: [2026-07-17 07:24:50.417] [LOG]   [MMM-SecondBrain] [MMM-SecondBrain] Publishing 1 item(s) to display.
Jul 17 13:25:54 server node[1651759]: [2026-07-17 07:25:54.436] [LOG]   [MMM-SecondBrain] [MMM-SecondBrain] Publishing 1 item(s) to display.
Jul 17 13:26:43 server node[1651759]: [2026-07-17 07:26:43.128] [LOG]   [MMM-SecondBrain] [MMM-SecondBrain] Publishing 1 item(s) to display.
Jul 17 13:26:54 server node[1651759]: [2026-07-17 07:26:54.452] [LOG]   [MMM-SecondBrain] [MMM-SecondBrain] Publishing 1 item(s) to display.
Jul 17 13:27:42 server node[1651759]: [2026-07-17 07:27:42.837] [LOG]   [MMM-SecondBrain] [MMM-SecondBrain] Publishing 1 item(s) to display.
Jul 17 13:27:56 server node[1651759]: [2026-07-17 07:27:56.912] [LOG]   [MMM-SecondBrain] [MMM-SecondBrain] Publishing 1 item(s) to display.
Jul 17 13:28:43 server node[1651759]: [2026-07-17 07:28:43.625] [LOG]   [MMM-SecondBrain] [MMM-SecondBrain] Publishing 1 item(s) to display.
Jul 17 13:28:54 server node[1651759]: [2026-07-17 07:28:54.042] [LOG]   [MMM-SecondBrain] [MMM-SecondBrain] Publishing 1 item(s) to display.
Jul 17 13:29:12 server node[1651759]: [2026-07-17 07:29:12.629] [INFO]  [calendar] Broadcasting 24 events from https://raw.githubusercontent.com/clarencechaan/ufc-cal/ics/UFC.ics.
Jul 17 13:29:34 server node[1651759]: [2026-07-17 07:29:34.656] [INFO]  [calendar] Broadcasting 7 events from https://butterflytherapeutics.janeapp.com/REDACTED_PRIVATE_PATH
Jul 17 13:29:35 server node[1651759]: [2026-07-17 07:29:35.119] [INFO]  [calendar] Broadcasting 1386 events from https://cloud.example.com/REDACTED_PRIVATE_PATH
Jul 17 13:29:39 server node[1651759]: [2026-07-17 07:29:39.993] [INFO]  [calendar] Broadcasting 12 events from https://www.officeholidays.com/ics-fed/usa.
Jul 17 13:29:43 server node[1651759]: [2026-07-17 07:29:43.468] [LOG]   [MMM-SecondBrain] [MMM-SecondBrain] Publishing 1 item(s) to display.
Jul 17 13:30:05 server node[1651759]: [2026-07-17 07:30:05.177] [LOG]   [MMM-SecondBrain] [MMM-SecondBrain] Publishing 1 item(s) to display.
Jul 17 13:30:56 server node[1651759]: [2026-07-17 07:30:56.782] [ERROR] [lib] [MMM-SecondBrain] Gmail IMAP account personal.json failed: read ECONNRESET
Jul 17 13:30:56 server node[1651759]: [2026-07-17 07:30:56.782] [LOG]   [MMM-SecondBrain] [MMM-SecondBrain] Publishing 1 item(s) to display.
Jul 17 13:31:43 server node[1651759]: [2026-07-17 07:31:43.573] [LOG]   [MMM-SecondBrain] [MMM-SecondBrain] Publishing 1 item(s) to display.
Jul 17 13:31:54 server node[1651759]: [2026-07-17 07:31:54.484] [LOG]   [MMM-SecondBrain] [MMM-SecondBrain] Publishing 1 item(s) to display.
Jul 17 13:32:44 server node[1651759]: [2026-07-17 07:32:44.864] [LOG]   [MMM-SecondBrain] [MMM-SecondBrain] Publishing 1 item(s) to display.
Jul 17 13:33:23 server node[1651759]: [2026-07-17 07:33:23.226] [LOG]   [MMM-SecondBrain] [MMM-SecondBrain] Publishing 1 item(s) to display.
Jul 17 13:33:43 server node[1651759]: [2026-07-17 07:33:43.549] [LOG]   [MMM-SecondBrain] [MMM-SecondBrain] Publishing 1 item(s) to display.
Jul 17 13:33:54 server node[1651759]: [2026-07-17 07:33:54.354] [LOG]   [MMM-SecondBrain] [MMM-SecondBrain] Publishing 1 item(s) to display.
Jul 17 13:34:56 server node[1651759]: [2026-07-17 07:34:56.916] [ERROR] [lib] [MMM-SecondBrain] Gmail IMAP account personal.json failed: read ECONNRESET
Jul 17 13:34:56 server node[1651759]: [2026-07-17 07:34:56.917] [LOG]   [MMM-SecondBrain] [MMM-SecondBrain] Publishing 1 item(s) to display.
Jul 17 13:35:56 server node[1651759]: [2026-07-17 07:35:56.815] [ERROR] [lib] [MMM-SecondBrain] Gmail IMAP account personal.json failed: read ECONNRESET
Jul 17 13:35:56 server node[1651759]: [2026-07-17 07:35:56.815] [LOG]   [MMM-SecondBrain] [MMM-SecondBrain] Publishing 1 item(s) to display.
Jul 17 13:36:43 server node[1651759]: [2026-07-17 07:36:43.087] [LOG]   [MMM-SecondBrain] [MMM-SecondBrain] Publishing 1 item(s) to display.
Jul 17 13:36:54 server node[1651759]: [2026-07-17 07:36:54.079] [LOG]   [MMM-SecondBrain] [MMM-SecondBrain] Publishing 1 item(s) to display.
Jul 17 13:37:43 server node[1651759]: [2026-07-17 07:37:43.092] [LOG]   [MMM-SecondBrain] [MMM-SecondBrain] Publishing 1 item(s) to display.
Jul 17 13:37:54 server node[1651759]: [2026-07-17 07:37:54.504] [LOG]   [MMM-SecondBrain] [MMM-SecondBrain] Publishing 1 item(s) to display.
Jul 17 13:38:57 server node[1651759]: [2026-07-17 07:38:57.047] [ERROR] [lib] [MMM-SecondBrain] Gmail IMAP account personal.json failed: read ECONNRESET
Jul 17 13:38:57 server node[1651759]: [2026-07-17 07:38:57.048] [LOG]   [MMM-SecondBrain] [MMM-SecondBrain] Publishing 1 item(s) to display.
Jul 17 13:39:43 server node[1651759]: [2026-07-17 07:39:43.616] [LOG]   [MMM-SecondBrain] [MMM-SecondBrain] Publishing 1 item(s) to display.
Jul 17 13:39:54 server node[1651759]: [2026-07-17 07:39:54.868] [LOG]   [MMM-SecondBrain] [MMM-SecondBrain] Publishing 1 item(s) to display.
Jul 17 13:40:43 server node[1651759]: [2026-07-17 07:40:43.181] [LOG]   [MMM-SecondBrain] [MMM-SecondBrain] Publishing 1 item(s) to display.
Jul 17 13:40:55 server node[1651759]: [2026-07-17 07:40:55.476] [LOG]   [MMM-SecondBrain] [MMM-SecondBrain] Publishing 1 item(s) to display.
Jul 17 13:41:55 server node[1651759]: [2026-07-17 07:41:55.595] [LOG]   [MMM-SecondBrain] [MMM-SecondBrain] Publishing 1 item(s) to display.
Jul 17 13:42:44 server node[1651759]: [2026-07-17 07:42:44.308] [LOG]   [MMM-SecondBrain] [MMM-SecondBrain] Publishing 1 item(s) to display.
Jul 17 13:42:55 server node[1651759]: [2026-07-17 07:42:55.177] [LOG]   [MMM-SecondBrain] [MMM-SecondBrain] Publishing 1 item(s) to display.
Jul 17 13:43:43 server node[1651759]: [2026-07-17 07:43:43.336] [LOG]   [MMM-SecondBrain] [MMM-SecondBrain] Publishing 1 item(s) to display.
Jul 17 13:43:54 server node[1651759]: [2026-07-17 07:43:54.133] [LOG]   [MMM-SecondBrain] [MMM-SecondBrain] Publishing 1 item(s) to display.
Jul 17 13:44:13 server node[1651759]: [2026-07-17 07:44:13.756] [INFO]  [calendar] Broadcasting 24 events from https://raw.githubusercontent.com/clarencechaan/ufc-cal/ics/UFC.ics.
Jul 17 13:44:36 server node[1651759]: [2026-07-17 07:44:36.374] [INFO]  [calendar] Broadcasting 7 events from https://butterflytherapeutics.janeapp.com/REDACTED_PRIVATE_PATH
Jul 17 13:44:36 server node[1651759]: [2026-07-17 07:44:36.794] [INFO]  [calendar] Broadcasting 1386 events from https://cloud.example.com/REDACTED_PRIVATE_PATH
Jul 17 13:44:52 server node[1651759]: [2026-07-17 07:44:52.008] [INFO]  [calendar] Broadcasting 12 events from https://www.officeholidays.com/ics-fed/usa.
Jul 17 13:44:56 server node[1651759]: [2026-07-17 07:44:56.715] [ERROR] [lib] [MMM-SecondBrain] Gmail IMAP account personal.json failed: read ECONNRESET
Jul 17 13:44:56 server node[1651759]: [2026-07-17 07:44:56.716] [LOG]   [MMM-SecondBrain] [MMM-SecondBrain] Publishing 1 item(s) to display.
Jul 17 13:45:44 server node[1651759]: [2026-07-17 07:45:44.083] [LOG]   [MMM-SecondBrain] [MMM-SecondBrain] Publishing 1 item(s) to display.
Jul 17 13:46:01 server node[1651759]: [2026-07-17 07:46:01.583] [LOG]   [MMM-SecondBrain] [MMM-SecondBrain] Publishing 1 item(s) to display.
Jul 17 13:46:45 server node[1651759]: [2026-07-17 07:46:45.859] [LOG]   [MMM-SecondBrain] [MMM-SecondBrain] Publishing 1 item(s) to display.
Jul 17 13:46:55 server node[1651759]: [2026-07-17 07:46:55.248] [LOG]   [MMM-SecondBrain] [MMM-SecondBrain] Publishing 1 item(s) to display.
Jul 17 13:47:44 server node[1651759]: [2026-07-17 07:47:44.187] [LOG]   [MMM-SecondBrain] [MMM-SecondBrain] Publishing 1 item(s) to display.
Jul 17 13:47:54 server node[1651759]: [2026-07-17 07:47:54.091] [LOG]   [MMM-SecondBrain] [MMM-SecondBrain] Publishing 1 item(s) to display.
Jul 17 13:48:43 server node[1651759]: [2026-07-17 07:48:43.035] [LOG]   [MMM-SecondBrain] [MMM-SecondBrain] Publishing 1 item(s) to display.
Jul 17 13:48:54 server node[1651759]: [2026-07-17 07:48:54.876] [LOG]   [MMM-SecondBrain] [MMM-SecondBrain] Publishing 2 item(s) to display.
Jul 17 13:50:07 server node[1651759]: [2026-07-17 07:50:07.486] [LOG]   [MMM-SecondBrain] [MMM-SecondBrain] Publishing 2 item(s) to display.
Jul 17 13:50:56 server node[1651759]: [2026-07-17 07:50:56.905] [ERROR] [lib] [MMM-SecondBrain] Gmail IMAP account personal.json failed: read ECONNRESET
Jul 17 13:50:56 server node[1651759]: [2026-07-17 07:50:56.905] [LOG]   [MMM-SecondBrain] [MMM-SecondBrain] Publishing 2 item(s) to display.
Jul 17 13:51:45 server node[1651759]: [2026-07-17 07:51:45.030] [LOG]   [MMM-SecondBrain] [MMM-SecondBrain] Publishing 2 item(s) to display.
Jul 17 13:51:55 server node[1651759]: [2026-07-17 07:51:55.694] [LOG]   [MMM-SecondBrain] [MMM-SecondBrain] Publishing 2 item(s) to display.
Jul 17 13:52:43 server node[1651759]: [2026-07-17 07:52:43.026] [LOG]   [MMM-SecondBrain] [MMM-SecondBrain] Publishing 2 item(s) to display.
Jul 17 13:52:55 server node[1651759]: [2026-07-17 07:52:55.143] [LOG]   [MMM-SecondBrain] [MMM-SecondBrain] Publishing 2 item(s) to display.
Jul 17 13:53:43 server node[1651759]: [2026-07-17 07:53:43.483] [LOG]   [MMM-SecondBrain] [MMM-SecondBrain] Publishing 2 item(s) to display.
Jul 17 13:54:00 server node[1651759]: [2026-07-17 07:54:00.364] [LOG]   [MMM-SecondBrain] [MMM-SecondBrain] Publishing 2 item(s) to display.
Jul 17 13:54:44 server node[1651759]: [2026-07-17 07:54:44.291] [LOG]   [MMM-SecondBrain] [MMM-SecondBrain] Publishing 2 item(s) to display.
Jul 17 13:54:55 server node[1651759]: [2026-07-17 07:54:55.052] [LOG]   [MMM-SecondBrain] [MMM-SecondBrain] Publishing 2 item(s) to display.
Jul 17 13:55:43 server node[1651759]: [2026-07-17 07:55:43.919] [LOG]   [MMM-SecondBrain] [MMM-SecondBrain] Publishing 2 item(s) to display.
Jul 17 13:56:07 server node[1651759]: [2026-07-17 07:56:07.946] [ERROR] [lib] [MMM-SecondBrain] Gmail IMAP account personal.json failed: read ECONNRESET
Jul 17 13:56:07 server node[1651759]: [2026-07-17 07:56:07.946] [LOG]   [MMM-SecondBrain] [MMM-SecondBrain] Publishing 2 item(s) to display.
Jul 17 13:56:44 server node[1651759]: [2026-07-17 07:56:44.367] [LOG]   [MMM-SecondBrain] [MMM-SecondBrain] Publishing 2 item(s) to display.
Jul 17 13:56:55 server node[1651759]: [2026-07-17 07:56:55.075] [LOG]   [MMM-SecondBrain] [MMM-SecondBrain] Publishing 2 item(s) to display.
Jul 17 13:57:44 server node[1651759]: [2026-07-17 07:57:44.178] [LOG]   [MMM-SecondBrain] [MMM-SecondBrain] Publishing 2 item(s) to display.
Jul 17 13:57:54 server node[1651759]: [2026-07-17 07:57:54.822] [LOG]   [MMM-SecondBrain] [MMM-SecondBrain] Publishing 2 item(s) to display.
Jul 17 13:58:43 server node[1651759]: [2026-07-17 07:58:43.064] [LOG]   [MMM-SecondBrain] [MMM-SecondBrain] Publishing 2 item(s) to display.
Jul 17 13:58:55 server node[1651759]: [2026-07-17 07:58:55.263] [LOG]   [MMM-SecondBrain] [MMM-SecondBrain] Publishing 2 item(s) to display.
Jul 17 13:59:14 server node[1651759]: [2026-07-17 07:59:14.282] [INFO]  [calendar] Broadcasting 24 events from https://raw.githubusercontent.com/clarencechaan/ufc-cal/ics/UFC.ics.
Jul 17 13:59:38 server node[1651759]: [2026-07-17 07:59:38.056] [INFO]  [calendar] Broadcasting 7 events from https://butterflytherapeutics.janeapp.com/REDACTED_PRIVATE_PATH
Jul 17 13:59:38 server node[1651759]: [2026-07-17 07:59:38.403] [INFO]  [calendar] Broadcasting 1386 events from https://cloud.example.com/REDACTED_PRIVATE_PATH
Jul 17 13:59:52 server node[1651759]: [2026-07-17 07:59:52.614] [INFO]  [calendar] Broadcasting 12 events from https://www.officeholidays.com/ics-fed/usa.
Jul 17 13:59:57 server node[1651759]: [2026-07-17 07:59:57.681] [LOG]   [MMM-SecondBrain] [MMM-SecondBrain] Publishing 2 item(s) to display.
Jul 17 14:00:43 server node[1651759]: [2026-07-17 08:00:43.097] [LOG]   [MMM-SecondBrain] [MMM-SecondBrain] Publishing 2 item(s) to display.
Jul 17 14:00:55 server node[1651759]: [2026-07-17 08:00:55.978] [LOG]   [MMM-SecondBrain] [MMM-SecondBrain] Publishing 2 item(s) to display.
Jul 17 14:01:43 server node[1651759]: [2026-07-17 08:01:43.179] [LOG]   [MMM-SecondBrain] [MMM-SecondBrain] Publishing 2 item(s) to display.
Jul 17 14:01:55 server node[1651759]: [2026-07-17 08:01:55.526] [LOG]   [MMM-SecondBrain] [MMM-SecondBrain] Publishing 2 item(s) to display.
Jul 17 14:02:54 server node[1651759]: [2026-07-17 08:02:54.874] [LOG]   [MMM-SecondBrain] [MMM-SecondBrain] Publishing 2 item(s) to display.
Jul 17 14:03:45 server node[1651759]: [2026-07-17 08:03:45.179] [LOG]   [MMM-SecondBrain] [MMM-SecondBrain] Publishing 2 item(s) to display.
Jul 17 14:04:11 server node[1651759]: [2026-07-17 08:04:11.201] [LOG]   [MMM-SecondBrain] [MMM-SecondBrain] Publishing 2 item(s) to display.
Jul 17 14:04:44 server node[1651759]: [2026-07-17 08:04:44.911] [LOG]   [MMM-SecondBrain] [MMM-SecondBrain] Publishing 2 item(s) to display.
Jul 17 14:05:07 server node[1651759]: [2026-07-17 08:05:07.986] [LOG]   [MMM-SecondBrain] [MMM-SecondBrain] Publishing 2 item(s) to display.
Jul 17 14:05:44 server node[1651759]: [2026-07-17 08:05:44.724] [LOG]   [MMM-SecondBrain] [MMM-SecondBrain] Publishing 2 item(s) to display.
Jul 17 14:05:56 server node[1651759]: [2026-07-17 08:05:56.327] [LOG]   [MMM-SecondBrain] [MMM-SecondBrain] Publishing 2 item(s) to display.
Jul 17 14:06:42 server node[1651759]: [2026-07-17 08:06:42.848] [LOG]   [MMM-SecondBrain] [MMM-SecondBrain] Publishing 2 item(s) to display.
Jul 17 14:06:54 server node[1651759]: [2026-07-17 08:06:54.240] [LOG]   [MMM-SecondBrain] [MMM-SecondBrain] Publishing 2 item(s) to display.
Jul 17 14:07:48 server node[1651759]: [2026-07-17 08:07:48.242] [LOG]   [MMM-SecondBrain] [MMM-SecondBrain] Publishing 2 item(s) to display.
Jul 17 14:07:54 server node[1651759]: [2026-07-17 08:07:54.429] [LOG]   [MMM-SecondBrain] [MMM-SecondBrain] Publishing 2 item(s) to display.
Jul 17 14:08:43 server node[1651759]: [2026-07-17 08:08:43.474] [LOG]   [MMM-SecondBrain] [MMM-SecondBrain] Publishing 2 item(s) to display.
Jul 17 14:08:59 server node[1651759]: [2026-07-17 08:08:59.190] [LOG]   [MMM-SecondBrain] [MMM-SecondBrain] Publishing 2 item(s) to display.
Jul 17 14:09:57 server node[1651759]: [2026-07-17 08:09:57.567] [LOG]   [MMM-SecondBrain] [MMM-SecondBrain] Publishing 2 item(s) to display.
Jul 17 14:10:44 server node[1651759]: [2026-07-17 08:10:44.206] [LOG]   [MMM-SecondBrain] [MMM-SecondBrain] Publishing 2 item(s) to display.
Jul 17 14:10:53 server node[1651759]: [2026-07-17 08:10:53.875] [LOG]   [MMM-SecondBrain] [MMM-SecondBrain] Publishing 2 item(s) to display.
Jul 17 14:11:44 server node[1651759]: [2026-07-17 08:11:44.267] [LOG]   [MMM-SecondBrain] [MMM-SecondBrain] Publishing 2 item(s) to display.
Jul 17 14:12:23 server node[1651759]: [2026-07-17 08:12:23.177] [LOG]   [MMM-SecondBrain] [MMM-SecondBrain] Publishing 2 item(s) to display.
Jul 17 14:12:43 server node[1651759]: [2026-07-17 08:12:43.773] [LOG]   [MMM-SecondBrain] [MMM-SecondBrain] Publishing 2 item(s) to display.
Jul 17 14:12:54 server node[1651759]: [2026-07-17 08:12:54.213] [LOG]   [MMM-SecondBrain] [MMM-SecondBrain] Publishing 2 item(s) to display.
Jul 17 14:13:43 server node[1651759]: [2026-07-17 08:13:43.093] [LOG]   [MMM-SecondBrain] [MMM-SecondBrain] Publishing 2 item(s) to display.
Jul 17 14:14:09 server node[1651759]: [2026-07-17 08:14:09.426] [LOG]   [MMM-SecondBrain] [MMM-SecondBrain] Publishing 2 item(s) to display.
Jul 17 14:14:15 server node[1651759]: [2026-07-17 08:14:15.246] [INFO]  [calendar] Broadcasting 24 events from https://raw.githubusercontent.com/clarencechaan/ufc-cal/ics/UFC.ics.
Jul 17 14:14:39 server node[1651759]: [2026-07-17 08:14:39.619] [INFO]  [calendar] Broadcasting 1386 events from https://cloud.example.com/REDACTED_PRIVATE_PATH
Jul 17 14:14:39 server node[1651759]: [2026-07-17 08:14:39.684] [INFO]  [calendar] Broadcasting 7 events from https://butterflytherapeutics.janeapp.com/REDACTED_PRIVATE_PATH
Jul 17 14:14:43 server node[1651759]: [2026-07-17 08:14:43.290] [LOG]   [MMM-SecondBrain] [MMM-SecondBrain] Publishing 2 item(s) to display.
Jul 17 14:14:53 server node[1651759]: [2026-07-17 08:14:53.437] [INFO]  [calendar] Broadcasting 12 events from https://www.officeholidays.com/ics-fed/usa.
Jul 17 14:14:54 server node[1651759]: [2026-07-17 08:14:54.363] [LOG]   [MMM-SecondBrain] [MMM-SecondBrain] Publishing 2 item(s) to display.
Jul 17 14:15:43 server node[1651759]: [2026-07-17 08:15:43.678] [LOG]   [MMM-SecondBrain] [MMM-SecondBrain] Publishing 2 item(s) to display.
Jul 17 14:15:53 server node[1651759]: [2026-07-17 08:15:53.941] [LOG]   [MMM-SecondBrain] [MMM-SecondBrain] Publishing 2 item(s) to display.
Jul 17 14:16:59 server node[1651759]: [2026-07-17 08:16:59.893] [LOG]   [MMM-SecondBrain] [MMM-SecondBrain] Publishing 2 item(s) to display.
Jul 17 14:17:43 server node[1651759]: [2026-07-17 08:17:43.005] [LOG]   [MMM-SecondBrain] [MMM-SecondBrain] Publishing 2 item(s) to display.
Jul 17 14:17:54 server node[1651759]: [2026-07-17 08:17:54.904] [LOG]   [MMM-SecondBrain] [MMM-SecondBrain] Publishing 2 item(s) to display.
Jul 17 14:18:43 server node[1651759]: [2026-07-17 08:18:43.013] [LOG]   [MMM-SecondBrain] [MMM-SecondBrain] Publishing 2 item(s) to display.
Jul 17 14:18:54 server node[1651759]: [2026-07-17 08:18:54.495] [LOG]   [MMM-SecondBrain] [MMM-SecondBrain] Publishing 2 item(s) to display.
Jul 17 14:19:43 server node[1651759]: [2026-07-17 08:19:43.894] [LOG]   [MMM-SecondBrain] [MMM-SecondBrain] Publishing 2 item(s) to display.
Jul 17 14:20:11 server node[1651759]: [2026-07-17 08:20:11.345] [LOG]   [MMM-SecondBrain] [MMM-SecondBrain] Publishing 2 item(s) to display.
Jul 17 14:20:43 server node[1651759]: [2026-07-17 08:20:43.368] [LOG]   [MMM-SecondBrain] [MMM-SecondBrain] Publishing 2 item(s) to display.
Jul 17 14:20:54 server node[1651759]: [2026-07-17 08:20:54.917] [LOG]   [MMM-SecondBrain] [MMM-SecondBrain] Publishing 2 item(s) to display.
Jul 17 14:21:44 server node[1651759]: [2026-07-17 08:21:44.490] [LOG]   [MMM-SecondBrain] [MMM-SecondBrain] Publishing 2 item(s) to display.
Jul 17 14:21:54 server node[1651759]: [2026-07-17 08:21:54.353] [LOG]   [MMM-SecondBrain] [MMM-SecondBrain] Publishing 2 item(s) to display.
Jul 17 14:23:34 server node[1651759]: [2026-07-17 08:23:34.438] [LOG]   [MMM-SecondBrain] [MMM-SecondBrain] Publishing 2 item(s) to display.
Jul 17 14:23:47 server node[1651759]: [2026-07-17 08:23:47.555] [LOG]   [MMM-SecondBrain] [MMM-SecondBrain] Publishing 2 item(s) to display.
Jul 17 14:23:53 server node[1651759]: [2026-07-17 08:23:53.967] [LOG]   [MMM-SecondBrain] [MMM-SecondBrain] Publishing 2 item(s) to display.
Jul 17 14:24:44 server node[1651759]: [2026-07-17 08:24:44.305] [LOG]   [MMM-SecondBrain] [MMM-SecondBrain] Publishing 2 item(s) to display.
Jul 17 14:24:54 server node[1651759]: [2026-07-17 08:24:54.232] [LOG]   [MMM-SecondBrain] [MMM-SecondBrain] Publishing 2 item(s) to display.
Jul 17 14:25:46 server node[1651759]: [2026-07-17 08:25:46.629] [LOG]   [MMM-SecondBrain] [MMM-SecondBrain] Publishing 2 item(s) to display.
Jul 17 14:25:54 server node[1651759]: [2026-07-17 08:25:54.253] [LOG]   [MMM-SecondBrain] [MMM-SecondBrain] Publishing 2 item(s) to display.
Jul 17 14:26:43 server node[1651759]: [2026-07-17 08:26:43.130] [LOG]   [MMM-SecondBrain] [MMM-SecondBrain] Publishing 2 item(s) to display.
Jul 17 14:26:57 server node[1651759]: [2026-07-17 08:26:57.409] [LOG]   [MMM-SecondBrain] [MMM-SecondBrain] Publishing 2 item(s) to display.
Jul 17 14:27:44 server node[1651759]: [2026-07-17 08:27:44.224] [LOG]   [MMM-SecondBrain] [MMM-SecondBrain] Publishing 2 item(s) to display.
Jul 17 14:27:54 server node[1651759]: [2026-07-17 08:27:54.087] [LOG]   [MMM-SecondBrain] [MMM-SecondBrain] Publishing 2 item(s) to display.
Jul 17 14:28:42 server node[1651759]: [2026-07-17 08:28:42.890] [LOG]   [MMM-SecondBrain] [MMM-SecondBrain] Publishing 2 item(s) to display.
Jul 17 14:28:54 server node[1651759]: [2026-07-17 08:28:54.332] [LOG]   [MMM-SecondBrain] [MMM-SecondBrain] Publishing 2 item(s) to display.
Jul 17 14:29:19 server node[1651759]: [2026-07-17 08:29:19.144] [INFO]  [calendar] Broadcasting 24 events from https://raw.githubusercontent.com/clarencechaan/ufc-cal/ics/UFC.ics.
Jul 17 14:29:40 server node[1651759]: [2026-07-17 08:29:40.829] [INFO]  [calendar] Broadcasting 1386 events from https://cloud.example.com/REDACTED_PRIVATE_PATH
Jul 17 14:29:41 server node[1651759]: [2026-07-17 08:29:41.360] [INFO]  [calendar] Broadcasting 7 events from https://butterflytherapeutics.janeapp.com/REDACTED_PRIVATE_PATH
Jul 17 14:29:42 server node[1651759]: [2026-07-17 08:29:42.982] [LOG]   [MMM-SecondBrain] [MMM-SecondBrain] Publishing 2 item(s) to display.
Jul 17 14:29:56 server node[1651759]: [2026-07-17 08:29:56.211] [INFO]  [calendar] Broadcasting 12 events from https://www.officeholidays.com/ics-fed/usa.
Jul 17 14:30:01 server node[1651759]: [2026-07-17 08:30:01.029] [LOG]   [MMM-SecondBrain] [MMM-SecondBrain] Publishing 2 item(s) to display.
Jul 17 14:30:43 server node[1651759]: [2026-07-17 08:30:43.138] [LOG]   [MMM-SecondBrain] [MMM-SecondBrain] Publishing 2 item(s) to display.
Jul 17 14:31:08 server node[1651759]: [2026-07-17 08:31:08.397] [LOG]   [MMM-SecondBrain] [MMM-SecondBrain] Publishing 2 item(s) to display.
Jul 17 14:31:45 server node[1651759]: [2026-07-17 08:31:45.084] [LOG]   [MMM-SecondBrain] [MMM-SecondBrain] Publishing 2 item(s) to display.
Jul 17 14:31:54 server node[1651759]: [2026-07-17 08:31:54.909] [LOG]   [MMM-SecondBrain] [MMM-SecondBrain] Publishing 2 item(s) to display.
Jul 17 14:32:44 server node[1651759]: [2026-07-17 08:32:44.264] [LOG]   [MMM-SecondBrain] [MMM-SecondBrain] Publishing 2 item(s) to display.
Jul 17 14:32:55 server node[1651759]: [2026-07-17 08:32:55.048] [LOG]   [MMM-SecondBrain] [MMM-SecondBrain] Publishing 2 item(s) to display.
Jul 17 14:33:44 server node[1651759]: [2026-07-17 08:33:44.028] [LOG]   [MMM-SecondBrain] [MMM-SecondBrain] Publishing 2 item(s) to display.
Jul 17 14:34:08 server node[1651759]: [2026-07-17 08:34:08.878] [LOG]   [MMM-SecondBrain] [MMM-SecondBrain] Publishing 2 item(s) to display.
Jul 17 14:34:43 server node[1651759]: [2026-07-17 08:34:43.745] [LOG]   [MMM-SecondBrain] [MMM-SecondBrain] Publishing 2 item(s) to display.
Jul 17 14:34:54 server node[1651759]: [2026-07-17 08:34:54.090] [LOG]   [MMM-SecondBrain] [MMM-SecondBrain] Publishing 2 item(s) to display.
Jul 17 14:35:43 server node[1651759]: [2026-07-17 08:35:43.253] [LOG]   [MMM-SecondBrain] [MMM-SecondBrain] Publishing 2 item(s) to display.
Jul 17 14:36:05 server node[1651759]: [2026-07-17 08:36:05.740] [LOG]   [MMM-SecondBrain] [MMM-SecondBrain] Publishing 2 item(s) to display.
Jul 17 14:36:43 server node[1651759]: [2026-07-17 08:36:43.292] [LOG]   [MMM-SecondBrain] [MMM-SecondBrain] Publishing 2 item(s) to display.
Jul 17 14:36:50 server systemd[1]: Stopping magicmirror.service - MagicMirror wall dashboard...
Jul 17 14:36:50 server node[1651759]: [2026-07-17 08:36:50.776] [LOG]   [app] [SIGTERM] Received. Shutting down server...
Jul 17 14:36:50 server node[1651759]: [2026-07-17 08:36:50.776] [LOG]   [node_helper] Stopping module helper: calendar
Jul 17 14:36:50 server node[1651759]: [2026-07-17 08:36:50.776] [LOG]   [node_helper] Stopping module helper: MMM-CalendarExt3
Jul 17 14:36:50 server node[1651759]: [2026-07-17 08:36:50.776] [LOG]   [node_helper] Stopping module helper: weather
Jul 17 14:36:50 server node[1651759]: [2026-07-17 08:36:50.776] [LOG]   [node_helper] Stopping module helper: MMM-CalendarExt3Agenda
Jul 17 14:36:50 server node[1651759]: [2026-07-17 08:36:50.777] [LOG]   [app] Node_helpers stopped ...
Jul 17 14:36:50 server systemd[1]: magicmirror.service: Deactivated successfully.
Jul 17 14:36:50 server systemd[1]: Stopped magicmirror.service - MagicMirror wall dashboard.
Jul 17 14:36:50 server systemd[1]: magicmirror.service: Consumed 2min 48.974s CPU time, 147.6M memory peak, 0B memory swap peak.
Jul 17 14:36:50 server systemd[1]: Started magicmirror.service - MagicMirror wall dashboard.
Jul 17 14:36:55 server node[2358710]: [2026-07-17 08:36:55.535] [LOG]   [app] Starting MagicMirror: v2.37.0
Jul 17 14:36:55 server node[2358710]: [2026-07-17 08:36:55.539] [LOG]   [utils] Loading config ...
Jul 17 14:36:55 server node[2358710]: [2026-07-17 08:36:55.563] [INFO]  [utils] Checking config file /opt/MagicMirror/config/config.js ...
Jul 17 14:36:55 server node[2358710]: [2026-07-17 08:36:55.631] [INFO]  [utils] Your configuration file doesn't contain syntax errors :)
Jul 17 14:36:55 server node[2358710]: [2026-07-17 08:36:55.631] [INFO]  [utils] Checking modules structure configuration ...
Jul 17 14:36:55 server node[2358710]: [2026-07-17 08:36:55.631] [INFO]  [utils] Your modules structure configuration doesn't contain errors :)
Jul 17 14:36:55 server node[2358710]: [2026-07-17 08:36:55.632] [LOG]   [app] Loading module helpers ...
Jul 17 14:36:56 server node[2358710]: [2026-07-17 08:36:56.172] [LOG]   [node_helper] Initializing new module helper ...
Jul 17 14:36:56 server node[2358710]: [2026-07-17 08:36:56.173] [LOG]   [node_helper] Module helper loaded: calendar
Jul 17 14:36:56 server node[2358710]: [2026-07-17 08:36:56.230] [LOG]   [node_helper] Initializing new module helper ...
Jul 17 14:36:56 server node[2358710]: [2026-07-17 08:36:56.231] [LOG]   [node_helper] Module helper loaded: MMM-CalendarExt3
Jul 17 14:36:56 server node[2358710]: [2026-07-17 08:36:56.231] [LOG]   [app] No helper found for module: clock.
Jul 17 14:36:56 server node[2358710]: [2026-07-17 08:36:56.232] [LOG]   [node_helper] Initializing new module helper ...
Jul 17 14:36:56 server node[2358710]: [2026-07-17 08:36:56.232] [LOG]   [node_helper] Module helper loaded: weather
Jul 17 14:37:01 server node[2358710]: [2026-07-17 08:37:01.167] [LOG]   [node_helper] Initializing new module helper ...
Jul 17 14:37:01 server node[2358710]: [2026-07-17 08:37:01.168] [LOG]   [node_helper] Module helper loaded: MMM-SecondBrain
Jul 17 14:37:01 server node[2358710]: [2026-07-17 08:37:01.221] [LOG]   [node_helper] Initializing new module helper ...
Jul 17 14:37:01 server node[2358710]: [2026-07-17 08:37:01.222] [LOG]   [node_helper] Module helper loaded: MMM-CalendarExt3Agenda
Jul 17 14:37:01 server node[2358710]: [2026-07-17 08:37:01.222] [LOG]   [app] No helper found for module: MMM-SolarTheme.
Jul 17 14:37:01 server node[2358710]: [2026-07-17 08:37:01.222] [LOG]   [app] No helper found for module: MMM-CalendarLiveHeader.
Jul 17 14:37:01 server node[2358710]: [2026-07-17 08:37:01.223] [LOG]   [app] All module helpers loaded.
Jul 17 14:37:01 server node[2358710]: [2026-07-17 08:37:01.235] [LOG]   [server] Starting server on port 43761 ...
Jul 17 14:37:01 server node[2358710]: [2026-07-17 08:37:01.247] [LOG]   [app] Server started ...
Jul 17 14:37:01 server node[2358710]: [2026-07-17 08:37:01.247] [LOG]   [node_helper] Connecting socket for: calendar
Jul 17 14:37:01 server node[2358710]: [2026-07-17 08:37:01.248] [LOG]   [calendar] Starting node helper for: calendar
Jul 17 14:37:01 server node[2358710]: [2026-07-17 08:37:01.248] [LOG]   [node_helper] Connecting socket for: MMM-CalendarExt3
Jul 17 14:37:01 server node[2358710]: [2026-07-17 08:37:01.250] [LOG]   [node_helper] Connecting socket for: weather
Jul 17 14:37:01 server node[2358710]: [2026-07-17 08:37:01.251] [LOG]   [weather] Starting node helper for: weather
Jul 17 14:37:01 server node[2358710]: [2026-07-17 08:37:01.251] [LOG]   [node_helper] Connecting socket for: MMM-SecondBrain
Jul 17 14:37:01 server node[2358710]: [2026-07-17 08:37:01.252] [LOG]   [node_helper] Connecting socket for: MMM-CalendarExt3Agenda
Jul 17 14:37:01 server node[2358710]: [2026-07-17 08:37:01.253] [LOG]   [app] Sockets connected & modules started ...
Jul 17 14:37:01 server node[2358710]: [2026-07-17 08:37:01.253] [INFO]  [serveronly]
Jul 17 14:37:01 server node[2358710]: >>>   Ready to go! Please point your browser to: http://127.0.0.1:43761   <<<
Jul 17 14:37:01 server node[2358787]: [2026-07-17 08:37:01.332] [INFO]  [systeminformation]
Jul 17 14:37:01 server node[2358787]: ####  System Information  ####
Jul 17 14:37:01 server node[2358787]: - MM:       version: v2.37.0; git: 4b4a595; branch: HEAD
Jul 17 14:37:01 server node[2358787]: - SYSTEM:   manufacturer: ASUS; model: All Series; virtual: false
Jul 17 14:37:01 server node[2358787]: - OS:       platform: linux; distro: Ubuntu; release: 24.04.4 LTS; arch: x64; kernel: 6.8.0-134-generic
Jul 17 14:37:01 server node[2358787]: - VERSIONS: electron: undefined; used node: 22.23.1; installed node: 22.23.1; npm: 10.9.8; pm2:
Jul 17 14:37:01 server node[2358787]: - ENV:      XDG_SESSION_TYPE: undefined; MM_CONFIG_FILE: undefined
Jul 17 14:37:01 server node[2358787]:             WAYLAND_DISPLAY:  undefined; DISPLAY: undefined; ELECTRON_ENABLE_GPU: undefined
Jul 17 14:37:01 server node[2358787]: - RAM:      total: 15867.98 MB; free: 10922.52 MB; used: 4945.46 MB
Jul 17 14:37:01 server node[2358787]: - OTHERS:   uptime: 1985 minutes; timeZone: America/Denver
Jul 17 14:37:07 server node[2358710]: [2026-07-17 08:37:07.985] [LOG]   [weather] Received INIT_WEATHER for instance module_4_weather
Jul 17 14:37:07 server node[2358710]: [2026-07-17 08:37:07.985] [LOG]   [weather] Attempting to initialize provider openmeteo for instance module_4_weather
Jul 17 14:37:07 server node[2358710]: [2026-07-17 08:37:07.985] [LOG]   [weather] Loading provider from: /opt/MagicMirror/defaultmodules/weather/providers/openmeteo.js
Jul 17 14:37:07 server node[2358710]: [2026-07-17 08:37:07.996] [LOG]   [calendar] Create new calendarfetcher for url: https://cloud.example.com/REDACTED_PRIVATE_PATH - Interval: 900000
Jul 17 14:37:07 server node[2358710]: [2026-07-17 08:37:07.998] [LOG]   [calendar] Create new calendarfetcher for url: https://www.officeholidays.com/ics-fed/usa - Interval: 900000
Jul 17 14:37:07 server node[2358710]: [2026-07-17 08:37:07.999] [LOG]   [calendar] Create new calendarfetcher for url: https://raw.githubusercontent.com/clarencechaan/ufc-cal/ics/UFC.ics - Interval: 900000
Jul 17 14:37:08 server node[2358710]: [2026-07-17 08:37:08.000] [LOG]   [calendar] Create new calendarfetcher for url: https://butterflytherapeutics.janeapp.com/REDACTED_PRIVATE_PATH - Interval: 900000
Jul 17 14:37:08 server node[2358710]: [2026-07-17 08:37:08.003] [LOG]   [weather] Received INIT_WEATHER for instance module_3_weather
Jul 17 14:37:08 server node[2358710]: [2026-07-17 08:37:08.003] [LOG]   [weather] Attempting to initialize provider openmeteo for instance module_3_weather
Jul 17 14:37:08 server node[2358710]: [2026-07-17 08:37:08.003] [LOG]   [weather] Loading provider from: /opt/MagicMirror/defaultmodules/weather/providers/openmeteo.js
Jul 17 14:37:09 server node[2358710]: [2026-07-17 08:37:09.096] [INFO]  [calendar] Broadcasting 24 events from https://raw.githubusercontent.com/clarencechaan/ufc-cal/ics/UFC.ics.
Jul 17 14:37:09 server node[2358710]: [2026-07-17 08:37:09.105] [INFO]  [calendar] Broadcasting 12 events from https://www.officeholidays.com/ics-fed/usa.
Jul 17 14:37:09 server node[2358710]: [2026-07-17 08:37:09.869] [INFO]  [calendar] Broadcasting 7 events from https://butterflytherapeutics.janeapp.com/REDACTED_PRIVATE_PATH
Jul 17 14:37:10 server node[2358710]: [2026-07-17 08:37:10.135] [LOG]   [weather] Weather provider openmeteo initialized for instance module_4_weather
Jul 17 14:37:10 server node[2358710]: [2026-07-17 08:37:10.559] [INFO]  [calendar] Broadcasting 1386 events from https://cloud.example.com/REDACTED_PRIVATE_PATH
Jul 17 14:37:10 server node[2358710]: [2026-07-17 08:37:10.576] [LOG]   [weather] Weather provider openmeteo initialized for instance module_3_weather
Jul 17 14:37:14 server node[2358710]: [2026-07-17 08:37:14.643] [LOG]   [MMM-SecondBrain] [MMM-SecondBrain] Publishing 2 item(s) to display.
Jul 17 14:38:49 server node[2358710]: [2026-07-17 08:38:49.995] [INFO]  [lib] [MMM-SecondBrain] Loaded 49 Nextcloud phone entries.
Jul 17 14:38:50 server node[2358710]: [2026-07-17 08:38:50.301] [LOG]   [MMM-SecondBrain] [MMM-SecondBrain] Publishing 3 item(s) to display.
Jul 17 14:39:27 server node[2358710]: [2026-07-17 08:39:27.626] [ERROR] [lib] [MMM-SecondBrain] Gmail IMAP account personal.json failed: read ECONNRESET
Jul 17 14:39:27 server node[2358710]: [2026-07-17 08:39:27.626] [LOG]   [MMM-SecondBrain] [MMM-SecondBrain] Publishing 2 item(s) to display.
Jul 17 14:40:14 server node[2358710]: [2026-07-17 08:40:14.866] [LOG]   [MMM-SecondBrain] [MMM-SecondBrain] Publishing 3 item(s) to display.
Jul 17 14:41:27 server node[2358710]: [2026-07-17 08:41:27.944] [ERROR] [lib] [MMM-SecondBrain] Gmail IMAP account personal.json failed: read ECONNRESET
Jul 17 14:41:27 server node[2358710]: [2026-07-17 08:41:27.944] [LOG]   [MMM-SecondBrain] [MMM-SecondBrain] Publishing 2 item(s) to display.
Jul 17 14:42:14 server node[2358710]: [2026-07-17 08:42:14.301] [LOG]   [MMM-SecondBrain] [MMM-SecondBrain] Publishing 3 item(s) to display.
Jul 17 14:43:14 server node[2358710]: [2026-07-17 08:43:14.184] [LOG]   [MMM-SecondBrain] [MMM-SecondBrain] Publishing 3 item(s) to display.
Jul 17 14:44:14 server node[2358710]: [2026-07-17 08:44:14.405] [LOG]   [MMM-SecondBrain] [MMM-SecondBrain] Publishing 3 item(s) to display.
Jul 17 14:45:14 server node[2358710]: [2026-07-17 08:45:14.173] [LOG]   [MMM-SecondBrain] [MMM-SecondBrain] Publishing 3 item(s) to display.
Jul 17 14:46:14 server node[2358710]: [2026-07-17 08:46:14.531] [LOG]   [MMM-SecondBrain] [MMM-SecondBrain] Publishing 3 item(s) to display.
Jul 17 14:47:14 server node[2358710]: [2026-07-17 08:47:14.308] [LOG]   [MMM-SecondBrain] [MMM-SecondBrain] Publishing 3 item(s) to display.
Jul 17 14:48:14 server node[2358710]: [2026-07-17 08:48:14.052] [LOG]   [MMM-SecondBrain] [MMM-SecondBrain] Publishing 3 item(s) to display.
Jul 17 14:49:26 server node[2358710]: [2026-07-17 08:49:26.056] [LOG]   [MMM-SecondBrain] [MMM-SecondBrain] Publishing 3 item(s) to display.
Jul 17 14:50:14 server node[2358710]: [2026-07-17 08:50:14.556] [LOG]   [MMM-SecondBrain] [MMM-SecondBrain] Publishing 3 item(s) to display.
Jul 17 14:51:27 server node[2358710]: [2026-07-17 08:51:27.665] [LOG]   [MMM-SecondBrain] [MMM-SecondBrain] Publishing 3 item(s) to display.
Jul 17 14:52:09 server node[2358710]: [2026-07-17 08:52:09.494] [INFO]  [calendar] Broadcasting 24 events from https://raw.githubusercontent.com/clarencechaan/ufc-cal/ics/UFC.ics.
Jul 17 14:52:09 server node[2358710]: [2026-07-17 08:52:09.542] [INFO]  [calendar] Broadcasting 12 events from https://www.officeholidays.com/ics-fed/usa.
Jul 17 14:52:11 server node[2358710]: [2026-07-17 08:52:11.553] [INFO]  [calendar] Broadcasting 7 events from https://butterflytherapeutics.janeapp.com/REDACTED_PRIVATE_PATH
Jul 17 14:52:12 server node[2358710]: [2026-07-17 08:52:12.043] [INFO]  [calendar] Broadcasting 1386 events from https://cloud.example.com/REDACTED_PRIVATE_PATH
Jul 17 14:52:14 server node[2358710]: [2026-07-17 08:52:14.090] [LOG]   [MMM-SecondBrain] [MMM-SecondBrain] Publishing 3 item(s) to display.
Jul 17 14:53:13 server node[2358710]: [2026-07-17 08:53:13.581] [LOG]   [MMM-SecondBrain] [MMM-SecondBrain] Publishing 3 item(s) to display.
Jul 17 14:54:26 server node[2358710]: [2026-07-17 08:54:26.686] [INFO]  [lib] [MMM-SecondBrain] Loaded 49 Nextcloud phone entries.
Jul 17 14:54:26 server node[2358710]: [2026-07-17 08:54:26.991] [LOG]   [MMM-SecondBrain] [MMM-SecondBrain] Publishing 3 item(s) to display.
Jul 17 14:55:13 server node[2358710]: [2026-07-17 08:55:13.592] [LOG]   [MMM-SecondBrain] [MMM-SecondBrain] Publishing 3 item(s) to display.
Jul 17 14:56:15 server node[2358710]: [2026-07-17 08:56:15.536] [LOG]   [MMM-SecondBrain] [MMM-SecondBrain] Publishing 3 item(s) to display.
Jul 17 14:58:08 server node[2358710]: [2026-07-17 08:58:08.948] [LOG]   [MMM-SecondBrain] [MMM-SecondBrain] Publishing 3 item(s) to display.
Jul 17 14:59:27 server node[2358710]: [2026-07-17 08:59:27.753] [ERROR] [lib] [MMM-SecondBrain] Gmail IMAP account personal.json failed: read ECONNRESET
Jul 17 14:59:27 server node[2358710]: [2026-07-17 08:59:27.754] [LOG]   [MMM-SecondBrain] [MMM-SecondBrain] Publishing 2 item(s) to display.
Jul 17 15:00:13 server node[2358710]: [2026-07-17 09:00:13.930] [LOG]   [MMM-SecondBrain] [MMM-SecondBrain] Publishing 3 item(s) to display.
Jul 17 15:01:15 server node[2358710]: [2026-07-17 09:01:15.215] [LOG]   [MMM-SecondBrain] [MMM-SecondBrain] Publishing 3 item(s) to display.
Jul 17 15:02:14 server node[2358710]: [2026-07-17 09:02:14.534] [LOG]   [MMM-SecondBrain] [MMM-SecondBrain] Publishing 3 item(s) to display.
Jul 17 15:03:17 server node[2358710]: [2026-07-17 09:03:17.702] [LOG]   [MMM-SecondBrain] [MMM-SecondBrain] Publishing 3 item(s) to display.
Jul 17 15:04:28 server node[2358710]: [2026-07-17 09:04:28.914] [LOG]   [MMM-SecondBrain] [MMM-SecondBrain] Publishing 3 item(s) to display.
Jul 17 15:05:39 server node[2358710]: [2026-07-17 09:05:39.043] [LOG]   [MMM-SecondBrain] [MMM-SecondBrain] Publishing 3 item(s) to display.
Jul 17 15:06:14 server node[2358710]: [2026-07-17 09:06:14.383] [LOG]   [MMM-SecondBrain] [MMM-SecondBrain] Publishing 3 item(s) to display.
Jul 17 15:07:10 server node[2358710]: [2026-07-17 09:07:10.006] [INFO]  [calendar] Broadcasting 24 events from https://raw.githubusercontent.com/clarencechaan/ufc-cal/ics/UFC.ics.
Jul 17 15:07:10 server node[2358710]: [2026-07-17 09:07:10.241] [INFO]  [calendar] Broadcasting 12 events from https://www.officeholidays.com/ics-fed/usa.
Jul 17 15:07:13 server node[2358710]: [2026-07-17 09:07:13.201] [INFO]  [calendar] Broadcasting 7 events from https://butterflytherapeutics.janeapp.com/REDACTED_PRIVATE_PATH
Jul 17 15:07:13 server node[2358710]: [2026-07-17 09:07:13.588] [INFO]  [calendar] Broadcasting 1386 events from https://cloud.example.com/REDACTED_PRIVATE_PATH
Jul 17 15:07:15 server node[2358710]: [2026-07-17 09:07:15.376] [LOG]   [MMM-SecondBrain] [MMM-SecondBrain] Publishing 3 item(s) to display.
Jul 17 15:08:14 server node[2358710]: [2026-07-17 09:08:14.041] [LOG]   [MMM-SecondBrain] [MMM-SecondBrain] Publishing 3 item(s) to display.
Jul 17 15:09:38 server node[2358710]: [2026-07-17 09:09:38.169] [INFO]  [lib] [MMM-SecondBrain] Loaded 49 Nextcloud phone entries.
Jul 17 15:09:38 server node[2358710]: [2026-07-17 09:09:38.692] [LOG]   [MMM-SecondBrain] [MMM-SecondBrain] Publishing 3 item(s) to display.
Jul 17 15:10:13 server node[2358710]: [2026-07-17 09:10:13.589] [LOG]   [MMM-SecondBrain] [MMM-SecondBrain] Publishing 3 item(s) to display.
Jul 17 15:11:23 server node[2358710]: [2026-07-17 09:11:23.439] [LOG]   [MMM-SecondBrain] [MMM-SecondBrain] Publishing 3 item(s) to display.
Jul 17 15:12:14 server node[2358710]: [2026-07-17 09:12:14.099] [LOG]   [MMM-SecondBrain] [MMM-SecondBrain] Publishing 3 item(s) to display.
Jul 17 15:13:27 server node[2358710]: [2026-07-17 09:13:27.175] [LOG]   [MMM-SecondBrain] [MMM-SecondBrain] Publishing 3 item(s) to display.
Jul 17 15:14:14 server node[2358710]: [2026-07-17 09:14:14.908] [LOG]   [MMM-SecondBrain] [MMM-SecondBrain] Publishing 3 item(s) to display.
Jul 17 15:15:14 server node[2358710]: [2026-07-17 09:15:14.455] [LOG]   [MMM-SecondBrain] [MMM-SecondBrain] Publishing 3 item(s) to display.
Jul 17 15:16:14 server node[2358710]: [2026-07-17 09:16:14.066] [LOG]   [MMM-SecondBrain] [MMM-SecondBrain] Publishing 3 item(s) to display.
Jul 17 15:17:23 server node[2358710]: [2026-07-17 09:17:23.507] [ERROR] [lib] [MMM-SecondBrain] Gmail IMAP account personal.json failed: Unexpected close
Jul 17 15:17:23 server node[2358710]: [2026-07-17 09:17:23.507] [LOG]   [MMM-SecondBrain] [MMM-SecondBrain] Publishing 2 item(s) to display.
Jul 17 15:18:14 server node[2358710]: [2026-07-17 09:18:14.090] [LOG]   [MMM-SecondBrain] [MMM-SecondBrain] Publishing 3 item(s) to display.
Jul 17 15:19:13 server node[2358710]: [2026-07-17 09:19:13.606] [LOG]   [MMM-SecondBrain] [MMM-SecondBrain] Publishing 3 item(s) to display.
Jul 17 15:20:14 server node[2358710]: [2026-07-17 09:20:14.331] [LOG]   [MMM-SecondBrain] [MMM-SecondBrain] Publishing 3 item(s) to display.
Jul 17 15:21:25 server node[2358710]: [2026-07-17 09:21:25.903] [LOG]   [MMM-SecondBrain] [MMM-SecondBrain] Publishing 3 item(s) to display.
Jul 17 15:22:10 server node[2358710]: [2026-07-17 09:22:10.807] [INFO]  [calendar] Broadcasting 24 events from https://raw.githubusercontent.com/clarencechaan/ufc-cal/ics/UFC.ics.
Jul 17 15:22:10 server node[2358710]: [2026-07-17 09:22:10.939] [INFO]  [calendar] Broadcasting 12 events from https://www.officeholidays.com/ics-fed/usa.
Jul 17 15:22:14 server node[2358710]: [2026-07-17 09:22:14.877] [INFO]  [calendar] Broadcasting 7 events from https://butterflytherapeutics.janeapp.com/REDACTED_PRIVATE_PATH
Jul 17 15:22:15 server node[2358710]: [2026-07-17 09:22:15.228] [INFO]  [calendar] Broadcasting 1386 events from https://cloud.example.com/REDACTED_PRIVATE_PATH
Jul 17 15:22:31 server node[2358710]: [2026-07-17 09:22:31.744] [LOG]   [MMM-SecondBrain] [MMM-SecondBrain] Publishing 3 item(s) to display.
Jul 17 15:23:13 server node[2358710]: [2026-07-17 09:23:13.478] [LOG]   [MMM-SecondBrain] [MMM-SecondBrain] Publishing 3 item(s) to display.
Jul 17 15:24:14 server node[2358710]: [2026-07-17 09:24:14.274] [LOG]   [MMM-SecondBrain] [MMM-SecondBrain] Publishing 3 item(s) to display.
Jul 17 15:25:19 server node[2358710]: [2026-07-17 09:25:19.951] [INFO]  [lib] [MMM-SecondBrain] Loaded 49 Nextcloud phone entries.
Jul 17 15:25:34 server node[2358710]: [2026-07-17 09:25:34.409] [LOG]   [MMM-SecondBrain] [MMM-SecondBrain] Publishing 3 item(s) to display.
Jul 17 15:26:16 server node[2358710]: [2026-07-17 09:26:16.319] [LOG]   [MMM-SecondBrain] [MMM-SecondBrain] Publishing 3 item(s) to display.
Jul 17 15:27:13 server node[2358710]: [2026-07-17 09:27:13.770] [LOG]   [MMM-SecondBrain] [MMM-SecondBrain] Publishing 3 item(s) to display.
Jul 17 15:28:30 server node[2358710]: [2026-07-17 09:28:30.056] [LOG]   [MMM-SecondBrain] [MMM-SecondBrain] Publishing 3 item(s) to display.
Jul 17 15:29:13 server node[2358710]: [2026-07-17 09:29:13.721] [LOG]   [MMM-SecondBrain] [MMM-SecondBrain] Publishing 3 item(s) to display.
Jul 17 15:30:14 server node[2358710]: [2026-07-17 09:30:14.860] [LOG]   [MMM-SecondBrain] [MMM-SecondBrain] Publishing 3 item(s) to display.
Jul 17 15:31:14 server node[2358710]: [2026-07-17 09:31:14.193] [LOG]   [MMM-SecondBrain] [MMM-SecondBrain] Publishing 3 item(s) to display.
Jul 17 15:32:13 server node[2358710]: [2026-07-17 09:32:13.718] [LOG]   [MMM-SecondBrain] [MMM-SecondBrain] Publishing 3 item(s) to display.
Jul 17 15:33:28 server node[2358710]: [2026-07-17 09:33:28.323] [LOG]   [MMM-SecondBrain] [MMM-SecondBrain] Publishing 3 item(s) to display.
Jul 17 15:34:13 server node[2358710]: [2026-07-17 09:34:13.501] [LOG]   [MMM-SecondBrain] [MMM-SecondBrain] Publishing 3 item(s) to display.
Jul 17 15:35:14 server node[2358710]: [2026-07-17 09:35:14.662] [LOG]   [MMM-SecondBrain] [MMM-SecondBrain] Publishing 3 item(s) to display.
Jul 17 15:36:14 server node[2358710]: [2026-07-17 09:36:14.939] [LOG]   [MMM-SecondBrain] [MMM-SecondBrain] Publishing 4 item(s) to display.
Jul 17 15:37:11 server node[2358710]: [2026-07-17 09:37:11.459] [INFO]  [calendar] Broadcasting 24 events from https://raw.githubusercontent.com/clarencechaan/ufc-cal/ics/UFC.ics.
Jul 17 15:37:11 server node[2358710]: [2026-07-17 09:37:11.739] [INFO]  [calendar] Broadcasting 12 events from https://www.officeholidays.com/ics-fed/usa.
Jul 17 15:37:16 server node[2358710]: [2026-07-17 09:37:16.481] [INFO]  [calendar] Broadcasting 1386 events from https://cloud.example.com/REDACTED_PRIVATE_PATH
Jul 17 15:37:16 server node[2358710]: [2026-07-17 09:37:16.579] [INFO]  [calendar] Broadcasting 7 events from https://butterflytherapeutics.janeapp.com/REDACTED_PRIVATE_PATH
Jul 17 15:37:18 server node[2358710]: [2026-07-17 09:37:18.030] [LOG]   [MMM-SecondBrain] [MMM-SecondBrain] Publishing 4 item(s) to display.
Jul 17 15:38:21 server node[2358710]: [2026-07-17 09:38:21.847] [LOG]   [MMM-SecondBrain] [MMM-SecondBrain] Publishing 4 item(s) to display.
Jul 17 15:39:27 server node[2358710]: [2026-07-17 09:39:27.748] [ERROR] [lib] [MMM-SecondBrain] Gmail IMAP account personal.json failed: read ECONNRESET
Jul 17 15:39:27 server node[2358710]: [2026-07-17 09:39:27.749] [LOG]   [MMM-SecondBrain] [MMM-SecondBrain] Publishing 2 item(s) to display.
Jul 17 15:40:33 server node[2358710]: [2026-07-17 09:40:33.076] [ERROR] [lib] [MMM-SecondBrain] Nextcloud contacts failed: CardDAV REPORT returned HTTP 500
Jul 17 15:40:33 server node[2358710]: [2026-07-17 09:40:33.416] [LOG]   [MMM-SecondBrain] [MMM-SecondBrain] Publishing 4 item(s) to display.
Jul 17 15:41:22 server node[2358710]: [2026-07-17 09:41:22.779] [INFO]  [lib] [MMM-SecondBrain] Loaded 49 Nextcloud phone entries.
Jul 17 15:41:58 server node[2358710]: [2026-07-17 09:41:58.412] [LOG]   [MMM-SecondBrain] [MMM-SecondBrain] Publishing 4 item(s) to display.
Jul 17 15:42:16 server node[2358710]: [2026-07-17 09:42:16.086] [LOG]   [MMM-SecondBrain] [MMM-SecondBrain] Publishing 4 item(s) to display.
Jul 17 15:43:19 server node[2358710]: [2026-07-17 09:43:19.445] [LOG]   [MMM-SecondBrain] [MMM-SecondBrain] Publishing 4 item(s) to display.
Jul 17 15:44:14 server node[2358710]: [2026-07-17 09:44:14.650] [LOG]   [MMM-SecondBrain] [MMM-SecondBrain] Publishing 4 item(s) to display.
Jul 17 15:45:14 server node[2358710]: [2026-07-17 09:45:14.767] [LOG]   [MMM-SecondBrain] [MMM-SecondBrain] Publishing 4 item(s) to display.
Jul 17 15:46:15 server node[2358710]: [2026-07-17 09:46:15.229] [LOG]   [MMM-SecondBrain] [MMM-SecondBrain] Publishing 4 item(s) to display.
Jul 17 15:47:26 server node[2358710]: [2026-07-17 09:47:26.491] [LOG]   [MMM-SecondBrain] [MMM-SecondBrain] Publishing 4 item(s) to display.
Jul 17 15:48:14 server node[2358710]: [2026-07-17 09:48:14.897] [LOG]   [MMM-SecondBrain] [MMM-SecondBrain] Publishing 4 item(s) to display.
Jul 17 15:49:14 server node[2358710]: [2026-07-17 09:49:14.743] [LOG]   [MMM-SecondBrain] [MMM-SecondBrain] Publishing 4 item(s) to display.
Jul 17 15:50:14 server node[2358710]: [2026-07-17 09:50:14.644] [LOG]   [MMM-SecondBrain] [MMM-SecondBrain] Publishing 4 item(s) to display.
Jul 17 15:51:17 server node[2358710]: [2026-07-17 09:51:17.608] [LOG]   [MMM-SecondBrain] [MMM-SecondBrain] Publishing 4 item(s) to display.
Jul 17 15:52:12 server node[2358710]: [2026-07-17 09:52:12.126] [INFO]  [calendar] Broadcasting 24 events from https://raw.githubusercontent.com/clarencechaan/ufc-cal/ics/UFC.ics.
Jul 17 15:52:12 server node[2358710]: [2026-07-17 09:52:12.466] [INFO]  [calendar] Broadcasting 12 events from https://www.officeholidays.com/ics-fed/usa.
Jul 17 15:52:15 server node[2358710]: [2026-07-17 09:52:15.073] [LOG]   [MMM-SecondBrain] [MMM-SecondBrain] Publishing 4 item(s) to display.
Jul 17 15:52:18 server node[2358710]: [2026-07-17 09:52:18.264] [INFO]  [calendar] Broadcasting 7 events from https://butterflytherapeutics.janeapp.com/REDACTED_PRIVATE_PATH
Jul 17 15:52:35 server node[2358710]: [2026-07-17 09:52:35.471] [WARN]  [http_fetcher] https://cloud.example.com/REDACTED_PRIVATE_PATH - Network error: fetch failed Retry #1 in 15s.
Jul 17 15:52:35 server node[2358710]: [2026-07-17 09:52:35.472] [ERROR] [calendar] Calendar Error. Could not fetch calendar:  https://cloud.example.com/REDACTED_PRIVATE_PATH Network error: fetch failed
Jul 17 15:52:52 server node[2358710]: [2026-07-17 09:52:52.387] [INFO]  [calendar] Broadcasting 1386 events from https://cloud.example.com/REDACTED_PRIVATE_PATH
Jul 17 15:53:15 server node[2358710]: [2026-07-17 09:53:15.314] [LOG]   [MMM-SecondBrain] [MMM-SecondBrain] Publishing 4 item(s) to display.
Jul 17 15:54:15 server node[2358710]: [2026-07-17 09:54:15.379] [LOG]   [MMM-SecondBrain] [MMM-SecondBrain] Publishing 4 item(s) to display.
Jul 17 15:55:16 server node[2358710]: [2026-07-17 09:55:16.352] [LOG]   [MMM-SecondBrain] [MMM-SecondBrain] Publishing 4 item(s) to display.
Jul 17 15:56:15 server node[2358710]: [2026-07-17 09:56:15.359] [LOG]   [MMM-SecondBrain] [MMM-SecondBrain] Publishing 4 item(s) to display.
Jul 17 15:57:17 server node[2358710]: [2026-07-17 09:57:17.657] [ERROR] [lib] [MMM-SecondBrain] Nextcloud contacts failed: CardDAV REPORT returned HTTP 500
Jul 17 15:57:17 server node[2358710]: [2026-07-17 09:57:17.950] [LOG]   [MMM-SecondBrain] [MMM-SecondBrain] Publishing 4 item(s) to display.
Jul 17 15:58:19 server node[2358710]: [2026-07-17 09:58:19.877] [INFO]  [lib] [MMM-SecondBrain] Loaded 49 Nextcloud phone entries.
Jul 17 15:58:20 server node[2358710]: [2026-07-17 09:58:20.174] [LOG]   [MMM-SecondBrain] [MMM-SecondBrain] Publishing 4 item(s) to display.
Jul 17 15:59:28 server node[2358710]: [2026-07-17 09:59:28.551] [LOG]   [MMM-SecondBrain] [MMM-SecondBrain] Publishing 4 item(s) to display.
Jul 17 16:00:14 server node[2358710]: [2026-07-17 10:00:14.582] [LOG]   [MMM-SecondBrain] [MMM-SecondBrain] Publishing 4 item(s) to display.
Jul 17 16:01:20 server node[2358710]: [2026-07-17 10:01:20.382] [LOG]   [MMM-SecondBrain] [MMM-SecondBrain] Publishing 4 item(s) to display.
Jul 17 16:02:19 server node[2358710]: [2026-07-17 10:02:19.110] [LOG]   [MMM-SecondBrain] [MMM-SecondBrain] Publishing 4 item(s) to display.
Jul 17 16:03:15 server node[2358710]: [2026-07-17 10:03:15.315] [LOG]   [MMM-SecondBrain] [MMM-SecondBrain] Publishing 4 item(s) to display.
Jul 17 16:04:14 server node[2358710]: [2026-07-17 10:04:14.784] [LOG]   [MMM-SecondBrain] [MMM-SecondBrain] Publishing 4 item(s) to display.
Jul 17 16:05:30 server node[2358710]: [2026-07-17 10:05:30.527] [LOG]   [MMM-SecondBrain] [MMM-SecondBrain] Publishing 4 item(s) to display.
Jul 17 16:06:14 server node[2358710]: [2026-07-17 10:06:14.724] [LOG]   [MMM-SecondBrain] [MMM-SecondBrain] Publishing 4 item(s) to display.
Jul 17 16:07:12 server node[2358710]: [2026-07-17 10:07:12.603] [INFO]  [calendar] Broadcasting 24 events from https://raw.githubusercontent.com/clarencechaan/ufc-cal/ics/UFC.ics.
Jul 17 16:07:13 server node[2358710]: [2026-07-17 10:07:13.176] [INFO]  [calendar] Broadcasting 12 events from https://www.officeholidays.com/ics-fed/usa.
Jul 17 16:07:15 server node[2358710]: [2026-07-17 10:07:15.728] [LOG]   [MMM-SecondBrain] [MMM-SecondBrain] Publishing 4 item(s) to display.
Jul 17 16:07:19 server node[2358710]: [2026-07-17 10:07:19.942] [INFO]  [calendar] Broadcasting 7 events from https://butterflytherapeutics.janeapp.com/REDACTED_PRIVATE_PATH
Jul 17 16:07:53 server node[2358710]: [2026-07-17 10:07:53.658] [INFO]  [calendar] Broadcasting 1386 events from https://cloud.example.com/REDACTED_PRIVATE_PATH
Jul 17 16:08:14 server node[2358710]: [2026-07-17 10:08:14.872] [LOG]   [MMM-SecondBrain] [MMM-SecondBrain] Publishing 4 item(s) to display.
Jul 17 16:09:27 server node[2358710]: [2026-07-17 10:09:27.688] [ERROR] [lib] [MMM-SecondBrain] Gmail IMAP account personal.json failed: read ECONNRESET
Jul 17 16:09:27 server node[2358710]: [2026-07-17 10:09:27.689] [LOG]   [MMM-SecondBrain] [MMM-SecondBrain] Publishing 2 item(s) to display.
Jul 17 16:10:14 server node[2358710]: [2026-07-17 10:10:14.784] [LOG]   [MMM-SecondBrain] [MMM-SecondBrain] Publishing 4 item(s) to display.
Jul 17 16:11:14 server node[2358710]: [2026-07-17 10:11:14.897] [LOG]   [MMM-SecondBrain] [MMM-SecondBrain] Publishing 4 item(s) to display.
Jul 17 16:12:22 server node[2358710]: [2026-07-17 10:12:22.249] [LOG]   [MMM-SecondBrain] [MMM-SecondBrain] Publishing 4 item(s) to display.
Jul 17 16:13:14 server node[2358710]: [2026-07-17 10:13:14.834] [LOG]   [MMM-SecondBrain] [MMM-SecondBrain] Publishing 4 item(s) to display.
Jul 17 16:14:31 server node[2358710]: [2026-07-17 10:14:31.927] [INFO]  [lib] [MMM-SecondBrain] Loaded 49 Nextcloud phone entries.
Jul 17 16:14:32 server node[2358710]: [2026-07-17 10:14:32.370] [LOG]   [MMM-SecondBrain] [MMM-SecondBrain] Publishing 4 item(s) to display.
Jul 17 16:15:16 server node[2358710]: [2026-07-17 10:15:16.786] [LOG]   [MMM-SecondBrain] [MMM-SecondBrain] Publishing 4 item(s) to display.
Jul 17 16:16:14 server node[2358710]: [2026-07-17 10:16:14.824] [LOG]   [MMM-SecondBrain] [MMM-SecondBrain] Publishing 4 item(s) to display.
Jul 17 16:17:18 server node[2358710]: [2026-07-17 10:17:18.823] [LOG]   [MMM-SecondBrain] [MMM-SecondBrain] Publishing 4 item(s) to display.
Jul 17 16:18:22 server node[2358710]: [2026-07-17 10:18:22.893] [LOG]   [MMM-SecondBrain] [MMM-SecondBrain] Publishing 4 item(s) to display.
Jul 17 16:19:14 server node[2358710]: [2026-07-17 10:19:14.671] [LOG]   [MMM-SecondBrain] [MMM-SecondBrain] Publishing 4 item(s) to display.
Jul 17 16:20:29 server node[2358710]: [2026-07-17 10:20:29.230] [LOG]   [MMM-SecondBrain] [MMM-SecondBrain] Publishing 4 item(s) to display.
Jul 17 16:21:14 server node[2358710]: [2026-07-17 10:21:14.761] [LOG]   [MMM-SecondBrain] [MMM-SecondBrain] Publishing 4 item(s) to display.
Jul 17 16:22:13 server node[2358710]: [2026-07-17 10:22:13.123] [INFO]  [calendar] Broadcasting 24 events from https://raw.githubusercontent.com/clarencechaan/ufc-cal/ics/UFC.ics.
Jul 17 16:22:13 server node[2358710]: [2026-07-17 10:22:13.566] [INFO]  [calendar] Broadcasting 12 events from https://www.officeholidays.com/ics-fed/usa.
Jul 17 16:22:15 server node[2358710]: [2026-07-17 10:22:15.212] [LOG]   [MMM-SecondBrain] [MMM-SecondBrain] Publishing 4 item(s) to display.
Jul 17 16:22:21 server node[2358710]: [2026-07-17 10:22:21.444] [INFO]  [calendar] Broadcasting 7 events from https://butterflytherapeutics.janeapp.com/REDACTED_PRIVATE_PATH
Jul 17 16:23:07 server node[2358710]: [2026-07-17 10:23:07.920] [INFO]  [calendar] Broadcasting 1386 events from https://cloud.example.com/REDACTED_PRIVATE_PATH
Jul 17 16:23:14 server node[2358710]: [2026-07-17 10:23:14.966] [LOG]   [MMM-SecondBrain] [MMM-SecondBrain] Publishing 4 item(s) to display.
Jul 17 16:24:23 server node[2358710]: [2026-07-17 10:24:23.705] [LOG]   [MMM-SecondBrain] [MMM-SecondBrain] Publishing 4 item(s) to display.
Jul 17 16:25:15 server node[2358710]: [2026-07-17 10:25:15.815] [LOG]   [MMM-SecondBrain] [MMM-SecondBrain] Publishing 4 item(s) to display.
Jul 17 16:26:15 server node[2358710]: [2026-07-17 10:26:15.131] [LOG]   [MMM-SecondBrain] [MMM-SecondBrain] Publishing 4 item(s) to display.
Jul 17 16:27:25 server node[2358710]: [2026-07-17 10:27:25.585] [LOG]   [MMM-SecondBrain] [MMM-SecondBrain] Publishing 4 item(s) to display.
Jul 17 16:28:27 server node[2358710]: [2026-07-17 10:28:27.912] [ERROR] [lib] [MMM-SecondBrain] Gmail IMAP account personal.json failed: read ECONNRESET
Jul 17 16:28:27 server node[2358710]: [2026-07-17 10:28:27.913] [LOG]   [MMM-SecondBrain] [MMM-SecondBrain] Publishing 2 item(s) to display.
Jul 17 16:29:14 server node[2358710]: [2026-07-17 10:29:14.856] [LOG]   [MMM-SecondBrain] [MMM-SecondBrain] Publishing 4 item(s) to display.
Jul 17 16:30:20 server node[2358710]: [2026-07-17 10:30:20.703] [INFO]  [lib] [MMM-SecondBrain] Loaded 49 Nextcloud phone entries.
Jul 17 16:30:21 server node[2358710]: [2026-07-17 10:30:21.026] [LOG]   [MMM-SecondBrain] [MMM-SecondBrain] Publishing 4 item(s) to display.
Jul 17 16:31:14 server node[2358710]: [2026-07-17 10:31:14.992] [LOG]   [MMM-SecondBrain] [MMM-SecondBrain] Publishing 4 item(s) to display.
Jul 17 16:32:17 server node[2358710]: [2026-07-17 10:32:17.619] [LOG]   [MMM-SecondBrain] [MMM-SecondBrain] Publishing 4 item(s) to display.
Jul 17 16:33:14 server node[2358710]: [2026-07-17 10:33:14.669] [LOG]   [MMM-SecondBrain] [MMM-SecondBrain] Publishing 4 item(s) to display.
Jul 17 16:34:17 server node[2358710]: [2026-07-17 10:34:17.924] [LOG]   [MMM-SecondBrain] [MMM-SecondBrain] Publishing 4 item(s) to display.
Jul 17 16:35:16 server node[2358710]: [2026-07-17 10:35:16.836] [LOG]   [MMM-SecondBrain] [MMM-SecondBrain] Publishing 4 item(s) to display.
Jul 17 16:36:15 server node[2358710]: [2026-07-17 10:36:15.753] [LOG]   [MMM-SecondBrain] [MMM-SecondBrain] Publishing 4 item(s) to display.
Jul 17 16:37:13 server node[2358710]: [2026-07-17 10:37:13.827] [INFO]  [calendar] Broadcasting 24 events from https://raw.githubusercontent.com/clarencechaan/ufc-cal/ics/UFC.ics.
Jul 17 16:37:14 server node[2358710]: [2026-07-17 10:37:14.230] [INFO]  [calendar] Broadcasting 12 events from https://www.officeholidays.com/ics-fed/usa.
Jul 17 16:37:16 server node[2358710]: [2026-07-17 10:37:16.463] [LOG]   [MMM-SecondBrain] [MMM-SecondBrain] Publishing 4 item(s) to display.
Jul 17 16:37:23 server node[2358710]: [2026-07-17 10:37:23.248] [INFO]  [calendar] Broadcasting 7 events from https://butterflytherapeutics.janeapp.com/REDACTED_PRIVATE_PATH
Jul 17 16:37:56 server node[2358710]: [2026-07-17 10:37:56.089] [INFO]  [calendar] Broadcasting 1386 events from https://cloud.example.com/REDACTED_PRIVATE_PATH
Jul 17 16:38:15 server node[2358710]: [2026-07-17 10:38:15.148] [LOG]   [MMM-SecondBrain] [MMM-SecondBrain] Publishing 4 item(s) to display.
Jul 17 16:39:16 server node[2358710]: [2026-07-17 10:39:16.276] [LOG]   [MMM-SecondBrain] [MMM-SecondBrain] Publishing 4 item(s) to display.
Jul 17 16:40:15 server node[2358710]: [2026-07-17 10:40:15.397] [LOG]   [MMM-SecondBrain] [MMM-SecondBrain] Publishing 4 item(s) to display.
Jul 17 16:41:15 server node[2358710]: [2026-07-17 10:41:15.764] [LOG]   [MMM-SecondBrain] [MMM-SecondBrain] Publishing 4 item(s) to display.
Jul 17 16:42:30 server node[2358710]: [2026-07-17 10:42:30.763] [LOG]   [MMM-SecondBrain] [MMM-SecondBrain] Publishing 4 item(s) to display.
Jul 17 16:43:15 server node[2358710]: [2026-07-17 10:43:15.741] [LOG]   [MMM-SecondBrain] [MMM-SecondBrain] Publishing 4 item(s) to display.
Jul 17 16:44:16 server node[2358710]: [2026-07-17 10:44:16.533] [LOG]   [MMM-SecondBrain] [MMM-SecondBrain] Publishing 4 item(s) to display.
Jul 17 16:45:18 server node[2358710]: [2026-07-17 10:45:18.819] [LOG]   [MMM-SecondBrain] [MMM-SecondBrain] Publishing 4 item(s) to display.
Jul 17 16:46:20 server node[2358710]: [2026-07-17 10:46:20.353] [INFO]  [lib] [MMM-SecondBrain] Loaded 49 Nextcloud phone entries.
Jul 17 16:46:20 server node[2358710]: [2026-07-17 10:46:20.649] [LOG]   [MMM-SecondBrain] [MMM-SecondBrain] Publishing 4 item(s) to display.
Jul 17 16:47:28 server node[2358710]: [2026-07-17 10:47:28.925] [LOG]   [MMM-SecondBrain] [MMM-SecondBrain] Publishing 4 item(s) to display.
Jul 17 16:48:16 server node[2358710]: [2026-07-17 10:48:16.437] [LOG]   [MMM-SecondBrain] [MMM-SecondBrain] Publishing 4 item(s) to display.
Jul 17 16:49:22 server node[2358710]: [2026-07-17 10:49:22.672] [LOG]   [MMM-SecondBrain] [MMM-SecondBrain] Publishing 4 item(s) to display.
Jul 17 16:50:16 server node[2358710]: [2026-07-17 10:50:16.488] [LOG]   [MMM-SecondBrain] [MMM-SecondBrain] Publishing 4 item(s) to display.
Jul 17 16:51:22 server node[2358710]: [2026-07-17 10:51:22.469] [LOG]   [MMM-SecondBrain] [MMM-SecondBrain] Publishing 4 item(s) to display.
Jul 17 16:52:14 server node[2358710]: [2026-07-17 10:52:14.466] [INFO]  [calendar] Broadcasting 24 events from https://raw.githubusercontent.com/clarencechaan/ufc-cal/ics/UFC.ics.
Jul 17 16:52:14 server node[2358710]: [2026-07-17 10:52:14.930] [INFO]  [calendar] Broadcasting 12 events from https://www.officeholidays.com/ics-fed/usa.
Jul 17 16:52:15 server node[2358710]: [2026-07-17 10:52:15.091] [LOG]   [MMM-SecondBrain] [MMM-SecondBrain] Publishing 4 item(s) to display.
Jul 17 16:52:24 server node[2358710]: [2026-07-17 10:52:24.922] [INFO]  [calendar] Broadcasting 7 events from https://butterflytherapeutics.janeapp.com/REDACTED_PRIVATE_PATH
Jul 17 16:52:57 server node[2358710]: [2026-07-17 10:52:57.402] [INFO]  [calendar] Broadcasting 1386 events from https://cloud.example.com/REDACTED_PRIVATE_PATH
Jul 17 16:53:15 server node[2358710]: [2026-07-17 10:53:15.220] [LOG]   [MMM-SecondBrain] [MMM-SecondBrain] Publishing 4 item(s) to display.
Jul 17 16:54:15 server node[2358710]: [2026-07-17 10:54:15.635] [LOG]   [MMM-SecondBrain] [MMM-SecondBrain] Publishing 4 item(s) to display.
Jul 17 16:55:43 server node[2358710]: [2026-07-17 10:55:43.548] [LOG]   [MMM-SecondBrain] [MMM-SecondBrain] Publishing 4 item(s) to display.
Jul 17 16:56:17 server node[2358710]: [2026-07-17 10:56:17.305] [LOG]   [MMM-SecondBrain] [MMM-SecondBrain] Publishing 4 item(s) to display.
Jul 17 16:57:17 server node[2358710]: [2026-07-17 10:57:17.751] [LOG]   [MMM-SecondBrain] [MMM-SecondBrain] Publishing 4 item(s) to display.
Jul 17 16:58:27 server node[2358710]: [2026-07-17 10:58:27.575] [LOG]   [MMM-SecondBrain] [MMM-SecondBrain] Publishing 4 item(s) to display.
Jul 17 16:59:15 server node[2358710]: [2026-07-17 10:59:15.640] [LOG]   [MMM-SecondBrain] [MMM-SecondBrain] Publishing 4 item(s) to display.
Jul 17 17:00:22 server node[2358710]: [2026-07-17 11:00:22.798] [LOG]   [MMM-SecondBrain] [MMM-SecondBrain] Publishing 4 item(s) to display.
Jul 17 17:01:15 server node[2358710]: [2026-07-17 11:01:15.455] [LOG]   [MMM-SecondBrain] [MMM-SecondBrain] Publishing 4 item(s) to display.
Jul 17 17:02:21 server node[2358710]: [2026-07-17 11:02:21.768] [INFO]  [lib] [MMM-SecondBrain] Loaded 49 Nextcloud phone entries.
Jul 17 17:02:22 server node[2358710]: [2026-07-17 11:02:22.071] [LOG]   [MMM-SecondBrain] [MMM-SecondBrain] Publishing 4 item(s) to display.
Jul 17 17:03:20 server node[2358710]: [2026-07-17 11:03:20.132] [LOG]   [MMM-SecondBrain] [MMM-SecondBrain] Publishing 4 item(s) to display.
Jul 17 17:04:29 server node[2358710]: [2026-07-17 11:04:29.057] [LOG]   [MMM-SecondBrain] [MMM-SecondBrain] Publishing 4 item(s) to display.
Jul 17 17:05:14 server node[2358710]: [2026-07-17 11:05:14.364] [LOG]   [MMM-SecondBrain] [MMM-SecondBrain] Publishing 4 item(s) to display.
Jul 17 17:06:14 server node[2358710]: [2026-07-17 11:06:14.172] [LOG]   [MMM-SecondBrain] [MMM-SecondBrain] Publishing 4 item(s) to display.
Jul 17 17:07:14 server node[2358710]: [2026-07-17 11:07:14.970] [INFO]  [calendar] Broadcasting 24 events from https://raw.githubusercontent.com/clarencechaan/ufc-cal/ics/UFC.ics.
Jul 17 17:07:15 server node[2358710]: [2026-07-17 11:07:15.638] [INFO]  [calendar] Broadcasting 12 events from https://www.officeholidays.com/ics-fed/usa.
Jul 17 17:07:18 server node[2358710]: [2026-07-17 11:07:18.108] [LOG]   [MMM-SecondBrain] [MMM-SecondBrain] Publishing 4 item(s) to display.
Jul 17 17:07:26 server node[2358710]: [2026-07-17 11:07:26.618] [INFO]  [calendar] Broadcasting 6 events from https://butterflytherapeutics.janeapp.com/REDACTED_PRIVATE_PATH
Jul 17 17:07:58 server node[2358710]: [2026-07-17 11:07:58.605] [INFO]  [calendar] Broadcasting 1386 events from https://cloud.example.com/REDACTED_PRIVATE_PATH
Jul 17 17:08:13 server node[2358710]: [2026-07-17 11:08:13.908] [LOG]   [MMM-SecondBrain] [MMM-SecondBrain] Publishing 4 item(s) to display.
Jul 17 17:09:14 server node[2358710]: [2026-07-17 11:09:14.056] [LOG]   [MMM-SecondBrain] [MMM-SecondBrain] Publishing 4 item(s) to display.
Jul 17 17:10:27 server node[2358710]: [2026-07-17 11:10:27.880] [LOG]   [MMM-SecondBrain] [MMM-SecondBrain] Publishing 4 item(s) to display.
Jul 17 17:11:13 server node[2358710]: [2026-07-17 11:11:13.772] [LOG]   [MMM-SecondBrain] [MMM-SecondBrain] Publishing 4 item(s) to display.
Jul 17 17:12:13 server node[2358710]: [2026-07-17 11:12:13.813] [LOG]   [MMM-SecondBrain] [MMM-SecondBrain] Publishing 4 item(s) to display.
Jul 17 17:13:14 server node[2358710]: [2026-07-17 11:13:14.056] [LOG]   [MMM-SecondBrain] [MMM-SecondBrain] Publishing 4 item(s) to display.
Jul 17 17:14:14 server node[2358710]: [2026-07-17 11:14:14.580] [LOG]   [MMM-SecondBrain] [MMM-SecondBrain] Publishing 4 item(s) to display.
Jul 17 17:15:13 server node[2358710]: [2026-07-17 11:15:13.856] [LOG]   [MMM-SecondBrain] [MMM-SecondBrain] Publishing 4 item(s) to display.
Jul 17 17:16:13 server node[2358710]: [2026-07-17 11:16:13.868] [LOG]   [MMM-SecondBrain] [MMM-SecondBrain] Publishing 4 item(s) to display.
Jul 17 17:17:14 server node[2358710]: [2026-07-17 11:17:14.336] [LOG]   [MMM-SecondBrain] [MMM-SecondBrain] Publishing 4 item(s) to display.
Jul 17 17:18:27 server node[2358710]: [2026-07-17 11:18:27.975] [ERROR] [lib] [MMM-SecondBrain] Gmail IMAP account personal.json failed: read ECONNRESET
Jul 17 17:18:27 server node[2358710]: [2026-07-17 11:18:27.975] [LOG]   [MMM-SecondBrain] [MMM-SecondBrain] Publishing 3 item(s) to display.
Jul 17 17:19:18 server node[2358710]: [2026-07-17 11:19:18.586] [INFO]  [lib] [MMM-SecondBrain] Loaded 49 Nextcloud phone entries.
Jul 17 17:19:18 server node[2358710]: [2026-07-17 11:19:18.758] [LOG]   [MMM-SecondBrain] [MMM-SecondBrain] Publishing 4 item(s) to display.
Jul 17 17:20:27 server node[2358710]: [2026-07-17 11:20:27.573] [LOG]   [MMM-SecondBrain] [MMM-SecondBrain] Publishing 4 item(s) to display.
Jul 17 17:21:28 server node[2358710]: [2026-07-17 11:21:28.758] [LOG]   [MMM-SecondBrain] [MMM-SecondBrain] Publishing 4 item(s) to display.
Jul 17 17:22:14 server node[2358710]: [2026-07-17 11:22:14.306] [LOG]   [MMM-SecondBrain] [MMM-SecondBrain] Publishing 4 item(s) to display.
Jul 17 17:22:15 server node[2358710]: [2026-07-17 11:22:15.472] [INFO]  [calendar] Broadcasting 24 events from https://raw.githubusercontent.com/clarencechaan/ufc-cal/ics/UFC.ics.
Jul 17 17:22:23 server node[2358710]: [2026-07-17 11:22:23.465] [INFO]  [calendar] Broadcasting 12 events from https://www.officeholidays.com/ics-fed/usa.
Jul 17 17:22:28 server node[2358710]: [2026-07-17 11:22:28.255] [INFO]  [calendar] Broadcasting 7 events from https://butterflytherapeutics.janeapp.com/REDACTED_PRIVATE_PATH
Jul 17 17:23:06 server node[2358710]: [2026-07-17 11:23:06.806] [INFO]  [calendar] Broadcasting 1386 events from https://cloud.example.com/REDACTED_PRIVATE_PATH
Jul 17 17:23:14 server node[2358710]: [2026-07-17 11:23:14.748] [LOG]   [MMM-SecondBrain] [MMM-SecondBrain] Publishing 4 item(s) to display.
Jul 17 17:24:16 server node[2358710]: [2026-07-17 11:24:16.403] [LOG]   [MMM-SecondBrain] [MMM-SecondBrain] Publishing 4 item(s) to display.
Jul 17 17:25:17 server node[2358710]: [2026-07-17 11:25:17.124] [LOG]   [MMM-SecondBrain] [MMM-SecondBrain] Publishing 4 item(s) to display.
Jul 17 17:26:15 server node[2358710]: [2026-07-17 11:26:15.560] [LOG]   [MMM-SecondBrain] [MMM-SecondBrain] Publishing 4 item(s) to display.
Jul 17 17:27:15 server node[2358710]: [2026-07-17 11:27:15.830] [LOG]   [MMM-SecondBrain] [MMM-SecondBrain] Publishing 4 item(s) to display.
Jul 17 17:28:19 server node[2358710]: [2026-07-17 11:28:19.055] [LOG]   [MMM-SecondBrain] [MMM-SecondBrain] Publishing 4 item(s) to display.
Jul 17 17:29:27 server node[2358710]: [2026-07-17 11:29:27.688] [ERROR] [lib] [MMM-SecondBrain] Gmail IMAP account personal.json failed: read ECONNRESET
Jul 17 17:29:27 server node[2358710]: [2026-07-17 11:29:27.689] [LOG]   [MMM-SecondBrain] [MMM-SecondBrain] Publishing 3 item(s) to display.
Jul 17 17:30:16 server node[2358710]: [2026-07-17 11:30:16.403] [LOG]   [MMM-SecondBrain] [MMM-SecondBrain] Publishing 4 item(s) to display.
Jul 17 17:31:16 server node[2358710]: [2026-07-17 11:31:16.479] [LOG]   [MMM-SecondBrain] [MMM-SecondBrain] Publishing 4 item(s) to display.
Jul 17 17:32:16 server node[2358710]: [2026-07-17 11:32:16.839] [LOG]   [MMM-SecondBrain] [MMM-SecondBrain] Publishing 4 item(s) to display.
Jul 17 17:33:15 server node[2358710]: [2026-07-17 11:33:15.656] [LOG]   [MMM-SecondBrain] [MMM-SecondBrain] Publishing 4 item(s) to display.
Jul 17 17:34:25 server node[2358710]: [2026-07-17 11:34:25.833] [INFO]  [lib] [MMM-SecondBrain] Loaded 49 Nextcloud phone entries.
Jul 17 17:34:26 server node[2358710]: [2026-07-17 11:34:26.169] [LOG]   [MMM-SecondBrain] [MMM-SecondBrain] Publishing 4 item(s) to display.
Jul 17 17:35:31 server node[2358710]: [2026-07-17 11:35:31.500] [LOG]   [MMM-SecondBrain] [MMM-SecondBrain] Publishing 4 item(s) to display.
Jul 17 17:36:16 server node[2358710]: [2026-07-17 11:36:16.686] [LOG]   [MMM-SecondBrain] [MMM-SecondBrain] Publishing 4 item(s) to display.
Jul 17 17:37:15 server node[2358710]: [2026-07-17 11:37:15.475] [LOG]   [MMM-SecondBrain] [MMM-SecondBrain] Publishing 4 item(s) to display.
Jul 17 17:37:15 server node[2358710]: [2026-07-17 11:37:15.984] [INFO]  [calendar] Broadcasting 24 events from https://raw.githubusercontent.com/clarencechaan/ufc-cal/ics/UFC.ics.
Jul 17 17:37:24 server node[2358710]: [2026-07-17 11:37:24.009] [INFO]  [calendar] Broadcasting 12 events from https://www.officeholidays.com/ics-fed/usa.
Jul 17 17:37:29 server node[2358710]: [2026-07-17 11:37:29.763] [INFO]  [calendar] Broadcasting 6 events from https://butterflytherapeutics.janeapp.com/REDACTED_PRIVATE_PATH
Jul 17 17:38:07 server node[2358710]: [2026-07-17 11:38:07.930] [INFO]  [calendar] Broadcasting 1386 events from https://cloud.example.com/REDACTED_PRIVATE_PATH
Jul 17 17:38:15 server node[2358710]: [2026-07-17 11:38:15.636] [LOG]   [MMM-SecondBrain] [MMM-SecondBrain] Publishing 4 item(s) to display.
Jul 17 17:39:19 server node[2358710]: [2026-07-17 11:39:19.746] [LOG]   [MMM-SecondBrain] [MMM-SecondBrain] Publishing 4 item(s) to display.
Jul 17 17:40:30 server node[2358710]: [2026-07-17 11:40:30.285] [LOG]   [MMM-SecondBrain] [MMM-SecondBrain] Publishing 4 item(s) to display.
Jul 17 17:41:23 server node[2358710]: [2026-07-17 11:41:23.868] [LOG]   [MMM-SecondBrain] [MMM-SecondBrain] Publishing 4 item(s) to display.
Jul 17 17:42:27 server node[2358710]: [2026-07-17 11:42:27.980] [ERROR] [lib] [MMM-SecondBrain] Gmail IMAP account personal.json failed: read ECONNRESET
Jul 17 17:42:28 server node[2358710]: [2026-07-17 11:42:27.981] [LOG]   [MMM-SecondBrain] [MMM-SecondBrain] Publishing 3 item(s) to display.
Jul 17 17:43:16 server node[2358710]: [2026-07-17 11:43:16.179] [LOG]   [MMM-SecondBrain] [MMM-SecondBrain] Publishing 4 item(s) to display.
Jul 17 17:44:19 server node[2358710]: [2026-07-17 11:44:19.481] [LOG]   [MMM-SecondBrain] [MMM-SecondBrain] Publishing 4 item(s) to display.
Jul 17 17:45:20 server node[2358710]: [2026-07-17 11:45:20.203] [LOG]   [MMM-SecondBrain] [MMM-SecondBrain] Publishing 4 item(s) to display.
Jul 17 17:46:36 server node[2358710]: [2026-07-17 11:46:36.011] [LOG]   [MMM-SecondBrain] [MMM-SecondBrain] Publishing 4 item(s) to display.
Jul 17 17:47:15 server node[2358710]: [2026-07-17 11:47:15.571] [LOG]   [MMM-SecondBrain] [MMM-SecondBrain] Publishing 4 item(s) to display.
Jul 17 17:48:22 server node[2358710]: [2026-07-17 11:48:22.873] [LOG]   [MMM-SecondBrain] [MMM-SecondBrain] Publishing 4 item(s) to display.
Jul 17 17:49:27 server node[2358710]: [2026-07-17 11:49:27.817] [ERROR] [lib] [MMM-SecondBrain] Gmail IMAP account personal.json failed: read ECONNRESET
Jul 17 17:49:27 server node[2358710]: [2026-07-17 11:49:27.818] [LOG]   [MMM-SecondBrain] [MMM-SecondBrain] Publishing 3 item(s) to display.
Jul 17 17:49:32 server systemd[1]: Stopping magicmirror.service - MagicMirror wall dashboard...
Jul 17 17:49:32 server node[2358710]: [2026-07-17 11:49:32.047] [LOG]   [app] [SIGTERM] Received. Shutting down server...
Jul 17 17:49:32 server node[2358710]: [2026-07-17 11:49:32.048] [LOG]   [node_helper] Stopping module helper: calendar
Jul 17 17:49:32 server node[2358710]: [2026-07-17 11:49:32.048] [LOG]   [node_helper] Stopping module helper: MMM-CalendarExt3
Jul 17 17:49:32 server node[2358710]: [2026-07-17 11:49:32.048] [LOG]   [node_helper] Stopping module helper: weather
Jul 17 17:49:32 server node[2358710]: [2026-07-17 11:49:32.048] [LOG]   [node_helper] Stopping module helper: MMM-CalendarExt3Agenda
Jul 17 17:49:32 server node[2358710]: [2026-07-17 11:49:32.048] [LOG]   [app] Node_helpers stopped ...
Jul 17 17:49:32 server systemd[1]: magicmirror.service: Deactivated successfully.
Jul 17 17:49:32 server systemd[1]: Stopped magicmirror.service - MagicMirror wall dashboard.
Jul 17 17:49:32 server systemd[1]: magicmirror.service: Consumed 41.970s CPU time.
Jul 17 17:49:32 server systemd[1]: Started magicmirror.service - MagicMirror wall dashboard.
Jul 17 17:49:33 server node[2595261]: [2026-07-17 11:49:33.169] [LOG]   [app] Starting MagicMirror: v2.37.0
Jul 17 17:49:33 server node[2595261]: [2026-07-17 11:49:33.174] [LOG]   [utils] Loading config ...
Jul 17 17:49:33 server node[2595261]: [2026-07-17 11:49:33.176] [INFO]  [utils] Checking config file /opt/MagicMirror/config/config.js ...
Jul 17 17:49:33 server node[2595261]: [2026-07-17 11:49:33.217] [INFO]  [utils] Your configuration file doesn't contain syntax errors :)
Jul 17 17:49:33 server node[2595261]: [2026-07-17 11:49:33.217] [INFO]  [utils] Checking modules structure configuration ...
Jul 17 17:49:33 server node[2595261]: [2026-07-17 11:49:33.218] [INFO]  [utils] Your modules structure configuration doesn't contain errors :)
Jul 17 17:49:33 server node[2595261]: [2026-07-17 11:49:33.219] [LOG]   [app] Loading module helpers ...
Jul 17 17:49:33 server node[2595261]: [2026-07-17 11:49:33.302] [LOG]   [node_helper] Initializing new module helper ...
Jul 17 17:49:33 server node[2595261]: [2026-07-17 11:49:33.302] [LOG]   [node_helper] Module helper loaded: calendar
Jul 17 17:49:33 server node[2595261]: [2026-07-17 11:49:33.303] [LOG]   [node_helper] Initializing new module helper ...
Jul 17 17:49:33 server node[2595261]: [2026-07-17 11:49:33.303] [LOG]   [node_helper] Module helper loaded: MMM-CalendarExt3
Jul 17 17:49:33 server node[2595261]: [2026-07-17 11:49:33.303] [LOG]   [app] No helper found for module: clock.
Jul 17 17:49:33 server node[2595261]: [2026-07-17 11:49:33.303] [LOG]   [node_helper] Initializing new module helper ...
Jul 17 17:49:33 server node[2595261]: [2026-07-17 11:49:33.304] [LOG]   [node_helper] Module helper loaded: weather
Jul 17 17:49:33 server node[2595261]: [2026-07-17 11:49:33.518] [LOG]   [node_helper] Initializing new module helper ...
Jul 17 17:49:33 server node[2595261]: [2026-07-17 11:49:33.518] [LOG]   [node_helper] Module helper loaded: MMM-SecondBrain
Jul 17 17:49:33 server node[2595261]: [2026-07-17 11:49:33.556] [LOG]   [node_helper] Initializing new module helper ...
Jul 17 17:49:33 server node[2595261]: [2026-07-17 11:49:33.556] [LOG]   [node_helper] Module helper loaded: MMM-CalendarExt3Agenda
Jul 17 17:49:33 server node[2595261]: [2026-07-17 11:49:33.556] [LOG]   [app] No helper found for module: MMM-SolarTheme.
Jul 17 17:49:33 server node[2595261]: [2026-07-17 11:49:33.556] [LOG]   [app] No helper found for module: MMM-CalendarLiveHeader.
Jul 17 17:49:33 server node[2595261]: [2026-07-17 11:49:33.557] [LOG]   [app] All module helpers loaded.
Jul 17 17:49:33 server node[2595261]: [2026-07-17 11:49:33.559] [LOG]   [server] Starting server on port 43761 ...
Jul 17 17:49:33 server node[2595261]: [2026-07-17 11:49:33.567] [LOG]   [app] Server started ...
Jul 17 17:49:33 server node[2595261]: [2026-07-17 11:49:33.567] [LOG]   [node_helper] Connecting socket for: calendar
Jul 17 17:49:33 server node[2595261]: [2026-07-17 11:49:33.567] [LOG]   [calendar] Starting node helper for: calendar
Jul 17 17:49:33 server node[2595261]: [2026-07-17 11:49:33.567] [LOG]   [node_helper] Connecting socket for: MMM-CalendarExt3
Jul 17 17:49:33 server node[2595261]: [2026-07-17 11:49:33.568] [LOG]   [node_helper] Connecting socket for: weather
Jul 17 17:49:33 server node[2595261]: [2026-07-17 11:49:33.568] [LOG]   [weather] Starting node helper for: weather
Jul 17 17:49:33 server node[2595261]: [2026-07-17 11:49:33.568] [LOG]   [node_helper] Connecting socket for: MMM-SecondBrain
Jul 17 17:49:33 server node[2595261]: [2026-07-17 11:49:33.568] [LOG]   [node_helper] Connecting socket for: MMM-CalendarExt3Agenda
Jul 17 17:49:33 server node[2595261]: [2026-07-17 11:49:33.569] [LOG]   [app] Sockets connected & modules started ...
Jul 17 17:49:33 server node[2595261]: [2026-07-17 11:49:33.569] [INFO]  [serveronly]
Jul 17 17:49:33 server node[2595261]: >>>   Ready to go! Please point your browser to: http://127.0.0.1:43761   <<<
Jul 17 17:49:34 server node[2595341]: [2026-07-17 11:49:34.367] [INFO]  [systeminformation]
Jul 17 17:49:34 server node[2595341]: ####  System Information  ####
Jul 17 17:49:34 server node[2595341]: - MM:       version: v2.37.0; git: 4b4a595; branch: HEAD
Jul 17 17:49:34 server node[2595341]: - SYSTEM:   manufacturer: ASUS; model: All Series; virtual: false
Jul 17 17:49:34 server node[2595341]: - OS:       platform: linux; distro: Ubuntu; release: 24.04.4 LTS; arch: x64; kernel: 6.8.0-134-generic
Jul 17 17:49:34 server node[2595341]: - VERSIONS: electron: undefined; used node: 22.23.1; installed node: 22.23.1; npm: 10.9.8; pm2:
Jul 17 17:49:34 server node[2595341]: - ENV:      XDG_SESSION_TYPE: undefined; MM_CONFIG_FILE: undefined
Jul 17 17:49:34 server node[2595341]:             WAYLAND_DISPLAY:  undefined; DISPLAY: undefined; ELECTRON_ENABLE_GPU: undefined
Jul 17 17:49:34 server node[2595341]: - RAM:      total: 15867.98 MB; free: 10889.24 MB; used: 4978.73 MB
Jul 17 17:49:34 server node[2595341]: - OTHERS:   uptime: 2178 minutes; timeZone: America/Denver
Jul 17 17:49:38 server node[2595261]: [2026-07-17 11:49:38.169] [LOG]   [weather] Received INIT_WEATHER for instance module_4_weather
Jul 17 17:49:38 server node[2595261]: [2026-07-17 11:49:38.169] [LOG]   [weather] Attempting to initialize provider openmeteo for instance module_4_weather
Jul 17 17:49:38 server node[2595261]: [2026-07-17 11:49:38.169] [LOG]   [weather] Loading provider from: /opt/MagicMirror/defaultmodules/weather/providers/openmeteo.js
Jul 17 17:49:38 server node[2595261]: [2026-07-17 11:49:38.195] [LOG]   [calendar] Create new calendarfetcher for url: https://cloud.example.com/REDACTED_PRIVATE_PATH - Interval: 900000
Jul 17 17:49:38 server node[2595261]: [2026-07-17 11:49:38.197] [LOG]   [calendar] Create new calendarfetcher for url: https://www.officeholidays.com/ics-fed/usa - Interval: 900000
Jul 17 17:49:38 server node[2595261]: [2026-07-17 11:49:38.199] [LOG]   [calendar] Create new calendarfetcher for url: https://raw.githubusercontent.com/clarencechaan/ufc-cal/ics/UFC.ics - Interval: 900000
Jul 17 17:49:38 server node[2595261]: [2026-07-17 11:49:38.201] [LOG]   [calendar] Create new calendarfetcher for url: https://butterflytherapeutics.janeapp.com/REDACTED_PRIVATE_PATH - Interval: 900000
Jul 17 17:49:38 server node[2595261]: [2026-07-17 11:49:38.204] [LOG]   [weather] Received INIT_WEATHER for instance module_3_weather
Jul 17 17:49:38 server node[2595261]: [2026-07-17 11:49:38.204] [LOG]   [weather] Attempting to initialize provider openmeteo for instance module_3_weather
Jul 17 17:49:38 server node[2595261]: [2026-07-17 11:49:38.204] [LOG]   [weather] Loading provider from: /opt/MagicMirror/defaultmodules/weather/providers/openmeteo.js
Jul 17 17:49:40 server node[2595261]: [2026-07-17 11:49:40.309] [INFO]  [calendar] Broadcasting 7 events from https://butterflytherapeutics.janeapp.com/REDACTED_PRIVATE_PATH
Jul 17 17:49:48 server node[2595261]: [2026-07-17 11:49:48.195] [LOG]   [weather] Weather provider openmeteo initialized for instance module_4_weather
Jul 17 17:49:48 server node[2595261]: [2026-07-17 11:49:48.206] [LOG]   [weather] Weather provider openmeteo initialized for instance module_3_weather
Jul 17 17:49:50 server node[2595261]: [2026-07-17 11:49:50.472] [INFO]  [calendar] Broadcasting 12 events from https://www.officeholidays.com/ics-fed/usa.
Jul 17 17:49:50 server node[2595261]: [2026-07-17 11:49:50.597] [INFO]  [calendar] Broadcasting 24 events from https://raw.githubusercontent.com/clarencechaan/ufc-cal/ics/UFC.ics.
Jul 17 17:49:51 server node[2595261]: [2026-07-17 11:49:51.783] [INFO]  [calendar] Broadcasting 1386 events from https://cloud.example.com/REDACTED_PRIVATE_PATH
Jul 17 17:50:05 server node[2595261]: [2026-07-17 11:50:05.075] [INFO]  [lib] [MMM-SecondBrain] Loaded 49 Nextcloud phone entries.
Jul 17 17:50:05 server node[2595261]: [2026-07-17 11:50:05.597] [LOG]   [MMM-SecondBrain] [MMM-SecondBrain] Publishing 4 item(s) to display.
Jul 17 17:50:45 server node[2595261]: [2026-07-17 11:50:45.863] [LOG]   [MMM-SecondBrain] [MMM-SecondBrain] Publishing 4 item(s) to display.
Jul 17 17:50:48 server systemd[1]: Stopping magicmirror.service - MagicMirror wall dashboard...
Jul 17 17:50:48 server node[2595261]: [2026-07-17 11:50:48.789] [LOG]   [app] [SIGTERM] Received. Shutting down server...
Jul 17 17:50:48 server node[2595261]: [2026-07-17 11:50:48.789] [LOG]   [node_helper] Stopping module helper: calendar
Jul 17 17:50:48 server node[2595261]: [2026-07-17 11:50:48.790] [LOG]   [node_helper] Stopping module helper: MMM-CalendarExt3
Jul 17 17:50:48 server node[2595261]: [2026-07-17 11:50:48.790] [LOG]   [node_helper] Stopping module helper: weather
Jul 17 17:50:48 server node[2595261]: [2026-07-17 11:50:48.790] [LOG]   [node_helper] Stopping module helper: MMM-CalendarExt3Agenda
Jul 17 17:50:48 server node[2595261]: [2026-07-17 11:50:48.790] [LOG]   [app] Node_helpers stopped ...
Jul 17 17:50:48 server systemd[1]: magicmirror.service: Deactivated successfully.
Jul 17 17:50:48 server systemd[1]: Stopped magicmirror.service - MagicMirror wall dashboard.
Jul 17 17:50:48 server systemd[1]: magicmirror.service: Consumed 3.748s CPU time.
Jul 17 17:50:48 server systemd[1]: Started magicmirror.service - MagicMirror wall dashboard.
Jul 17 17:50:49 server node[2597709]: [2026-07-17 11:50:49.090] [LOG]   [app] Starting MagicMirror: v2.37.0
Jul 17 17:50:49 server node[2597709]: [2026-07-17 11:50:49.094] [LOG]   [utils] Loading config ...
Jul 17 17:50:49 server node[2597709]: [2026-07-17 11:50:49.096] [INFO]  [utils] Checking config file /opt/MagicMirror/config/config.js ...
Jul 17 17:50:49 server node[2597709]: [2026-07-17 11:50:49.137] [INFO]  [utils] Your configuration file doesn't contain syntax errors :)
Jul 17 17:50:49 server node[2597709]: [2026-07-17 11:50:49.138] [INFO]  [utils] Checking modules structure configuration ...
Jul 17 17:50:49 server node[2597709]: [2026-07-17 11:50:49.138] [INFO]  [utils] Your modules structure configuration doesn't contain errors :)
Jul 17 17:50:49 server node[2597709]: [2026-07-17 11:50:49.139] [LOG]   [app] Loading module helpers ...
Jul 17 17:50:49 server node[2597709]: [2026-07-17 11:50:49.200] [LOG]   [node_helper] Initializing new module helper ...
Jul 17 17:50:49 server node[2597709]: [2026-07-17 11:50:49.201] [LOG]   [node_helper] Module helper loaded: calendar
Jul 17 17:50:49 server node[2597709]: [2026-07-17 11:50:49.202] [LOG]   [node_helper] Initializing new module helper ...
Jul 17 17:50:49 server node[2597709]: [2026-07-17 11:50:49.202] [LOG]   [node_helper] Module helper loaded: MMM-CalendarExt3
Jul 17 17:50:49 server node[2597709]: [2026-07-17 11:50:49.202] [LOG]   [app] No helper found for module: clock.
Jul 17 17:50:49 server node[2597709]: [2026-07-17 11:50:49.203] [LOG]   [node_helper] Initializing new module helper ...
Jul 17 17:50:49 server node[2597709]: [2026-07-17 11:50:49.203] [LOG]   [node_helper] Module helper loaded: weather
Jul 17 17:50:49 server node[2597709]: [2026-07-17 11:50:49.320] [LOG]   [node_helper] Initializing new module helper ...
Jul 17 17:50:49 server node[2597709]: [2026-07-17 11:50:49.321] [LOG]   [node_helper] Module helper loaded: MMM-SecondBrain
Jul 17 17:50:49 server node[2597709]: [2026-07-17 11:50:49.321] [LOG]   [node_helper] Initializing new module helper ...
Jul 17 17:50:49 server node[2597709]: [2026-07-17 11:50:49.321] [LOG]   [node_helper] Module helper loaded: MMM-CalendarExt3Agenda
Jul 17 17:50:49 server node[2597709]: [2026-07-17 11:50:49.321] [LOG]   [app] No helper found for module: MMM-SolarTheme.
Jul 17 17:50:49 server node[2597709]: [2026-07-17 11:50:49.321] [LOG]   [app] No helper found for module: MMM-CalendarLiveHeader.
Jul 17 17:50:49 server node[2597709]: [2026-07-17 11:50:49.321] [LOG]   [app] All module helpers loaded.
Jul 17 17:50:49 server node[2597709]: [2026-07-17 11:50:49.324] [LOG]   [server] Starting server on port 43761 ...
Jul 17 17:50:49 server node[2597709]: [2026-07-17 11:50:49.332] [LOG]   [app] Server started ...
Jul 17 17:50:49 server node[2597709]: [2026-07-17 11:50:49.332] [LOG]   [node_helper] Connecting socket for: calendar
Jul 17 17:50:49 server node[2597709]: [2026-07-17 11:50:49.332] [LOG]   [calendar] Starting node helper for: calendar
Jul 17 17:50:49 server node[2597709]: [2026-07-17 11:50:49.332] [LOG]   [node_helper] Connecting socket for: MMM-CalendarExt3
Jul 17 17:50:49 server node[2597709]: [2026-07-17 11:50:49.333] [LOG]   [node_helper] Connecting socket for: weather
Jul 17 17:50:49 server node[2597709]: [2026-07-17 11:50:49.333] [LOG]   [weather] Starting node helper for: weather
Jul 17 17:50:49 server node[2597709]: [2026-07-17 11:50:49.333] [LOG]   [node_helper] Connecting socket for: MMM-SecondBrain
Jul 17 17:50:49 server node[2597709]: [2026-07-17 11:50:49.333] [LOG]   [node_helper] Connecting socket for: MMM-CalendarExt3Agenda
Jul 17 17:50:49 server node[2597709]: [2026-07-17 11:50:49.334] [LOG]   [app] Sockets connected & modules started ...
Jul 17 17:50:49 server node[2597709]: [2026-07-17 11:50:49.334] [INFO]  [serveronly]
Jul 17 17:50:49 server node[2597709]: >>>   Ready to go! Please point your browser to: http://127.0.0.1:43761   <<<
Jul 17 17:50:49 server node[2597720]: [2026-07-17 11:50:49.579] [INFO]  [systeminformation]
Jul 17 17:50:49 server node[2597720]: ####  System Information  ####
Jul 17 17:50:49 server node[2597720]: - MM:       version: v2.37.0; git: 4b4a595; branch: HEAD
Jul 17 17:50:49 server node[2597720]: - SYSTEM:   manufacturer: ASUS; model: All Series; virtual: false
Jul 17 17:50:49 server node[2597720]: - OS:       platform: linux; distro: Ubuntu; release: 24.04.4 LTS; arch: x64; kernel: 6.8.0-134-generic
Jul 17 17:50:49 server node[2597720]: - VERSIONS: electron: undefined; used node: 22.23.1; installed node: 22.23.1; npm: 10.9.8; pm2:
Jul 17 17:50:49 server node[2597720]: - ENV:      XDG_SESSION_TYPE: undefined; MM_CONFIG_FILE: undefined
Jul 17 17:50:49 server node[2597720]:             WAYLAND_DISPLAY:  undefined; DISPLAY: undefined; ELECTRON_ENABLE_GPU: undefined
Jul 17 17:50:49 server node[2597720]: - RAM:      total: 15867.98 MB; free: 10969.37 MB; used: 4898.61 MB
Jul 17 17:50:49 server node[2597720]: - OTHERS:   uptime: 2179 minutes; timeZone: America/Denver
Jul 17 17:50:53 server node[2597709]: [2026-07-17 11:50:53.516] [LOG]   [weather] Received INIT_WEATHER for instance module_4_weather
Jul 17 17:50:53 server node[2597709]: [2026-07-17 11:50:53.517] [LOG]   [weather] Attempting to initialize provider openmeteo for instance module_4_weather
Jul 17 17:50:53 server node[2597709]: [2026-07-17 11:50:53.517] [LOG]   [weather] Loading provider from: /opt/MagicMirror/defaultmodules/weather/providers/openmeteo.js
Jul 17 17:50:53 server node[2597709]: [2026-07-17 11:50:53.533] [LOG]   [calendar] Create new calendarfetcher for url: https://cloud.example.com/REDACTED_PRIVATE_PATH - Interval: 900000
Jul 17 17:50:53 server node[2597709]: [2026-07-17 11:50:53.537] [LOG]   [calendar] Create new calendarfetcher for url: https://www.officeholidays.com/ics-fed/usa - Interval: 900000
Jul 17 17:50:53 server node[2597709]: [2026-07-17 11:50:53.539] [LOG]   [calendar] Create new calendarfetcher for url: https://raw.githubusercontent.com/clarencechaan/ufc-cal/ics/UFC.ics - Interval: 900000
Jul 17 17:50:53 server node[2597709]: [2026-07-17 11:50:53.540] [LOG]   [calendar] Create new calendarfetcher for url: https://butterflytherapeutics.janeapp.com/REDACTED_PRIVATE_PATH - Interval: 900000
Jul 17 17:50:53 server node[2597709]: [2026-07-17 11:50:53.543] [LOG]   [weather] Received INIT_WEATHER for instance module_3_weather
Jul 17 17:50:53 server node[2597709]: [2026-07-17 11:50:53.544] [LOG]   [weather] Attempting to initialize provider openmeteo for instance module_3_weather
Jul 17 17:50:53 server node[2597709]: [2026-07-17 11:50:53.544] [LOG]   [weather] Loading provider from: /opt/MagicMirror/defaultmodules/weather/providers/openmeteo.js
Jul 17 17:50:54 server node[2597709]: [2026-07-17 11:50:54.108] [INFO]  [calendar] Broadcasting 12 events from https://www.officeholidays.com/ics-fed/usa.
Jul 17 17:50:54 server node[2597709]: [2026-07-17 11:50:54.209] [INFO]  [calendar] Broadcasting 24 events from https://raw.githubusercontent.com/clarencechaan/ufc-cal/ics/UFC.ics.
Jul 17 17:50:55 server node[2597709]: [2026-07-17 11:50:55.235] [INFO]  [calendar] Broadcasting 6 events from https://butterflytherapeutics.janeapp.com/REDACTED_PRIVATE_PATH
Jul 17 17:50:55 server node[2597709]: [2026-07-17 11:50:55.624] [INFO]  [calendar] Broadcasting 1386 events from https://cloud.example.com/REDACTED_PRIVATE_PATH
Jul 17 17:50:55 server node[2597709]: [2026-07-17 11:50:55.637] [LOG]   [weather] Weather provider openmeteo initialized for instance module_3_weather
Jul 17 17:50:55 server node[2597709]: [2026-07-17 11:50:55.641] [LOG]   [weather] Weather provider openmeteo initialized for instance module_4_weather
Jul 17 17:51:06 server node[2597709]: [2026-07-17 11:51:06.647] [INFO]  [lib] [MMM-SecondBrain] Loaded 49 Nextcloud phone entries.
Jul 17 17:51:06 server node[2597709]: [2026-07-17 11:51:06.977] [LOG]   [MMM-SecondBrain] [MMM-SecondBrain] Publishing 4 item(s) to display.
Jul 17 17:52:01 server node[2597709]: [2026-07-17 11:52:01.110] [LOG]   [MMM-SecondBrain] [MMM-SecondBrain] Publishing 4 item(s) to display.
Jul 17 17:52:17 server node[2597709]: [2026-07-17 11:52:17.511] [LOG]   [MMM-SecondBrain] [MMM-SecondBrain] Publishing 4 item(s) to display.
Jul 17 17:53:01 server node[2597709]: [2026-07-17 11:53:01.412] [LOG]   [MMM-SecondBrain] [MMM-SecondBrain] Publishing 4 item(s) to display.
Jul 17 17:53:11 server node[2597709]: [2026-07-17 11:53:11.183] [LOG]   [MMM-SecondBrain] [MMM-SecondBrain] Publishing 4 item(s) to display.
Jul 17 17:54:01 server node[2597709]: [2026-07-17 11:54:01.680] [LOG]   [MMM-SecondBrain] [MMM-SecondBrain] Publishing 4 item(s) to display.
Jul 17 17:54:11 server node[2597709]: [2026-07-17 11:54:11.364] [LOG]   [MMM-SecondBrain] [MMM-SecondBrain] Publishing 4 item(s) to display.
Jul 17 17:55:05 server node[2597709]: [2026-07-17 11:55:05.032] [LOG]   [MMM-SecondBrain] [MMM-SecondBrain] Publishing 4 item(s) to display.
Jul 17 17:56:01 server node[2597709]: [2026-07-17 11:56:01.463] [LOG]   [MMM-SecondBrain] [MMM-SecondBrain] Publishing 4 item(s) to display.
