Jul 17 09:06:10 server node[1651759]: [2026-07-17 03:06:10.488] [LOG]   [MMM-SecondBrain] [MMM-SecondBrain] Publishing 1 item(s) to display.
Jul 17 09:06:48 server node[1651759]: [2026-07-17 03:06:48.246] [LOG]   [MMM-SecondBrain] [MMM-SecondBrain] Publishing 1 item(s) to display.
Jul 17 09:07:42 server node[1651759]: [2026-07-17 03:07:42.586] [LOG]   [MMM-SecondBrain] [MMM-SecondBrain] Publishing 1 item(s) to display.
Jul 17 09:07:52 server node[1651759]: [2026-07-17 03:07:52.943] [LOG]   [MMM-SecondBrain] [MMM-SecondBrain] Publishing 1 item(s) to display.
Jul 17 09:08:44 server node[1651759]: [2026-07-17 03:08:44.471] [LOG]   [MMM-SecondBrain] [MMM-SecondBrain] Publishing 1 item(s) to display.
Jul 17 09:08:53 server node[1651759]: [2026-07-17 03:08:53.024] [LOG]   [MMM-SecondBrain] [MMM-SecondBrain] Publishing 1 item(s) to display.
Jul 17 09:09:42 server node[1651759]: [2026-07-17 03:09:42.811] [LOG]   [MMM-SecondBrain] [MMM-SecondBrain] Publishing 1 item(s) to display.
Jul 17 09:09:53 server node[1651759]: [2026-07-17 03:09:53.445] [LOG]   [MMM-SecondBrain] [MMM-SecondBrain] Publishing 1 item(s) to display.
Jul 17 09:10:43 server node[1651759]: [2026-07-17 03:10:43.342] [LOG]   [MMM-SecondBrain] [MMM-SecondBrain] Publishing 1 item(s) to display.
Jul 17 09:10:54 server node[1651759]: [2026-07-17 03:10:54.683] [LOG]   [MMM-SecondBrain] [MMM-SecondBrain] Publishing 1 item(s) to display.
Jul 17 09:11:42 server node[1651759]: [2026-07-17 03:11:42.660] [LOG]   [MMM-SecondBrain] [MMM-SecondBrain] Publishing 1 item(s) to display.
Jul 17 09:11:52 server node[1651759]: [2026-07-17 03:11:52.923] [LOG]   [MMM-SecondBrain] [MMM-SecondBrain] Publishing 1 item(s) to display.
Jul 17 09:12:42 server node[1651759]: [2026-07-17 03:12:42.884] [LOG]   [MMM-SecondBrain] [MMM-SecondBrain] Publishing 1 item(s) to display.
Jul 17 09:12:53 server node[1651759]: [2026-07-17 03:12:53.037] [LOG]   [MMM-SecondBrain] [MMM-SecondBrain] Publishing 1 item(s) to display.
Jul 17 09:13:42 server node[1651759]: [2026-07-17 03:13:42.667] [LOG]   [MMM-SecondBrain] [MMM-SecondBrain] Publishing 1 item(s) to display.
Jul 17 09:13:53 server node[1651759]: [2026-07-17 03:13:53.603] [LOG]   [MMM-SecondBrain] [MMM-SecondBrain] Publishing 1 item(s) to display.
Jul 17 09:14:42 server node[1651759]: [2026-07-17 03:14:42.178] [LOG]   [MMM-SecondBrain] [MMM-SecondBrain] Publishing 1 item(s) to display.
Jul 17 09:14:53 server node[1651759]: [2026-07-17 03:14:53.143] [LOG]   [MMM-SecondBrain] [MMM-SecondBrain] Publishing 1 item(s) to display.
Jul 17 09:15:43 server node[1651759]: [2026-07-17 03:15:43.430] [LOG]   [MMM-SecondBrain] [MMM-SecondBrain] Publishing 1 item(s) to display.
Jul 17 09:15:52 server node[1651759]: [2026-07-17 03:15:52.978] [LOG]   [MMM-SecondBrain] [MMM-SecondBrain] Publishing 1 item(s) to display.
Jul 17 09:16:57 server node[1651759]: [2026-07-17 03:16:57.099] [ERROR] [lib] [MMM-SecondBrain] Gmail IMAP account personal.json failed: read ECONNRESET
Jul 17 09:16:57 server node[1651759]: [2026-07-17 03:16:57.100] [LOG]   [MMM-SecondBrain] [MMM-SecondBrain] Publishing 1 item(s) to display.
Jul 17 09:17:43 server node[1651759]: [2026-07-17 03:17:43.422] [LOG]   [MMM-SecondBrain] [MMM-SecondBrain] Publishing 1 item(s) to display.
Jul 17 09:17:53 server node[1651759]: [2026-07-17 03:17:53.492] [LOG]   [MMM-SecondBrain] [MMM-SecondBrain] Publishing 1 item(s) to display.
Jul 17 09:18:42 server node[1651759]: [2026-07-17 03:18:42.404] [LOG]   [MMM-SecondBrain] [MMM-SecondBrain] Publishing 1 item(s) to display.
Jul 17 09:18:53 server node[1651759]: [2026-07-17 03:18:53.276] [LOG]   [MMM-SecondBrain] [MMM-SecondBrain] Publishing 1 item(s) to display.
Jul 17 09:19:44 server node[1651759]: [2026-07-17 03:19:44.719] [LOG]   [MMM-SecondBrain] [MMM-SecondBrain] Publishing 1 item(s) to display.
Jul 17 09:19:52 server node[1651759]: [2026-07-17 03:19:52.691] [LOG]   [MMM-SecondBrain] [MMM-SecondBrain] Publishing 1 item(s) to display.
Jul 17 09:20:43 server node[1651759]: [2026-07-17 03:20:43.388] [LOG]   [MMM-SecondBrain] [MMM-SecondBrain] Publishing 1 item(s) to display.
Jul 17 09:20:53 server node[1651759]: [2026-07-17 03:20:53.124] [LOG]   [MMM-SecondBrain] [MMM-SecondBrain] Publishing 1 item(s) to display.
Jul 17 09:21:43 server node[1651759]: [2026-07-17 03:21:43.817] [LOG]   [MMM-SecondBrain] [MMM-SecondBrain] Publishing 1 item(s) to display.
Jul 17 09:21:54 server node[1651759]: [2026-07-17 03:21:54.004] [LOG]   [MMM-SecondBrain] [MMM-SecondBrain] Publishing 1 item(s) to display.
Jul 17 09:22:42 server node[1651759]: [2026-07-17 03:22:42.687] [LOG]   [MMM-SecondBrain] [MMM-SecondBrain] Publishing 1 item(s) to display.
Jul 17 09:22:53 server node[1651759]: [2026-07-17 03:22:53.920] [LOG]   [MMM-SecondBrain] [MMM-SecondBrain] Publishing 1 item(s) to display.
Jul 17 09:23:42 server node[1651759]: [2026-07-17 03:23:42.827] [LOG]   [MMM-SecondBrain] [MMM-SecondBrain] Publishing 1 item(s) to display.
Jul 17 09:23:53 server node[1651759]: [2026-07-17 03:23:53.397] [LOG]   [MMM-SecondBrain] [MMM-SecondBrain] Publishing 1 item(s) to display.
Jul 17 09:24:42 server node[1651759]: [2026-07-17 03:24:42.811] [LOG]   [MMM-SecondBrain] [MMM-SecondBrain] Publishing 1 item(s) to display.
Jul 17 09:24:53 server node[1651759]: [2026-07-17 03:24:53.110] [LOG]   [MMM-SecondBrain] [MMM-SecondBrain] Publishing 1 item(s) to display.
Jul 17 09:25:44 server node[1651759]: [2026-07-17 03:25:44.631] [LOG]   [MMM-SecondBrain] [MMM-SecondBrain] Publishing 1 item(s) to display.
Jul 17 09:25:53 server node[1651759]: [2026-07-17 03:25:53.241] [LOG]   [MMM-SecondBrain] [MMM-SecondBrain] Publishing 1 item(s) to display.
Jul 17 09:26:42 server node[1651759]: [2026-07-17 03:26:42.355] [LOG]   [MMM-SecondBrain] [MMM-SecondBrain] Publishing 1 item(s) to display.
Jul 17 09:26:53 server node[1651759]: [2026-07-17 03:26:53.368] [LOG]   [MMM-SecondBrain] [MMM-SecondBrain] Publishing 1 item(s) to display.
Jul 17 09:27:42 server node[1651759]: [2026-07-17 03:27:42.426] [LOG]   [MMM-SecondBrain] [MMM-SecondBrain] Publishing 1 item(s) to display.
Jul 17 09:27:53 server node[1651759]: [2026-07-17 03:27:53.044] [LOG]   [MMM-SecondBrain] [MMM-SecondBrain] Publishing 1 item(s) to display.
Jul 17 09:28:42 server node[1651759]: [2026-07-17 03:28:42.969] [LOG]   [MMM-SecondBrain] [MMM-SecondBrain] Publishing 1 item(s) to display.
Jul 17 09:28:53 server node[1651759]: [2026-07-17 03:28:53.888] [LOG]   [MMM-SecondBrain] [MMM-SecondBrain] Publishing 1 item(s) to display.
Jul 17 09:29:42 server node[1651759]: [2026-07-17 03:29:42.611] [LOG]   [MMM-SecondBrain] [MMM-SecondBrain] Publishing 1 item(s) to display.
Jul 17 09:29:53 server node[1651759]: [2026-07-17 03:29:53.355] [LOG]   [MMM-SecondBrain] [MMM-SecondBrain] Publishing 1 item(s) to display.
Jul 17 09:30:43 server node[1651759]: [2026-07-17 03:30:43.324] [LOG]   [MMM-SecondBrain] [MMM-SecondBrain] Publishing 1 item(s) to display.
Jul 17 09:30:53 server node[1651759]: [2026-07-17 03:30:53.348] [LOG]   [MMM-SecondBrain] [MMM-SecondBrain] Publishing 1 item(s) to display.
Jul 17 09:31:42 server node[1651759]: [2026-07-17 03:31:42.976] [LOG]   [MMM-SecondBrain] [MMM-SecondBrain] Publishing 1 item(s) to display.
Jul 17 09:31:54 server node[1651759]: [2026-07-17 03:31:54.671] [LOG]   [MMM-SecondBrain] [MMM-SecondBrain] Publishing 1 item(s) to display.
Jul 17 09:32:43 server node[1651759]: [2026-07-17 03:32:43.276] [LOG]   [MMM-SecondBrain] [MMM-SecondBrain] Publishing 1 item(s) to display.
Jul 17 09:33:11 server node[1651759]: [2026-07-17 03:33:11.251] [LOG]   [MMM-SecondBrain] [MMM-SecondBrain] Publishing 1 item(s) to display.
Jul 17 09:33:42 server node[1651759]: [2026-07-17 03:33:42.938] [LOG]   [MMM-SecondBrain] [MMM-SecondBrain] Publishing 1 item(s) to display.
Jul 17 09:33:53 server node[1651759]: [2026-07-17 03:33:53.318] [LOG]   [MMM-SecondBrain] [MMM-SecondBrain] Publishing 1 item(s) to display.
Jul 17 09:34:42 server node[1651759]: [2026-07-17 03:34:42.541] [LOG]   [MMM-SecondBrain] [MMM-SecondBrain] Publishing 1 item(s) to display.
Jul 17 09:34:53 server node[1651759]: [2026-07-17 03:34:53.072] [LOG]   [MMM-SecondBrain] [MMM-SecondBrain] Publishing 1 item(s) to display.
Jul 17 09:35:44 server node[1651759]: [2026-07-17 03:35:44.337] [LOG]   [MMM-SecondBrain] [MMM-SecondBrain] Publishing 1 item(s) to display.
Jul 17 09:36:04 server node[1651759]: [2026-07-17 03:36:04.853] [LOG]   [MMM-SecondBrain] [MMM-SecondBrain] Publishing 1 item(s) to display.
Jul 17 09:36:43 server node[1651759]: [2026-07-17 03:36:43.299] [LOG]   [MMM-SecondBrain] [MMM-SecondBrain] Publishing 1 item(s) to display.
Jul 17 09:36:54 server node[1651759]: [2026-07-17 03:36:54.776] [LOG]   [MMM-SecondBrain] [MMM-SecondBrain] Publishing 1 item(s) to display.
Jul 17 09:37:42 server node[1651759]: [2026-07-17 03:37:42.655] [LOG]   [MMM-SecondBrain] [MMM-SecondBrain] Publishing 1 item(s) to display.
Jul 17 09:38:06 server node[1651759]: [2026-07-17 03:38:06.325] [LOG]   [MMM-SecondBrain] [MMM-SecondBrain] Publishing 1 item(s) to display.
Jul 17 09:38:42 server node[1651759]: [2026-07-17 03:38:42.929] [LOG]   [MMM-SecondBrain] [MMM-SecondBrain] Publishing 1 item(s) to display.
Jul 17 09:38:53 server node[1651759]: [2026-07-17 03:38:53.616] [LOG]   [MMM-SecondBrain] [MMM-SecondBrain] Publishing 1 item(s) to display.
Jul 17 09:39:43 server node[1651759]: [2026-07-17 03:39:43.057] [LOG]   [MMM-SecondBrain] [MMM-SecondBrain] Publishing 1 item(s) to display.
Jul 17 09:39:54 server node[1651759]: [2026-07-17 03:39:54.353] [LOG]   [MMM-SecondBrain] [MMM-SecondBrain] Publishing 1 item(s) to display.
Jul 17 09:40:42 server node[1651759]: [2026-07-17 03:40:42.753] [LOG]   [MMM-SecondBrain] [MMM-SecondBrain] Publishing 1 item(s) to display.
Jul 17 09:40:53 server node[1651759]: [2026-07-17 03:40:53.680] [LOG]   [MMM-SecondBrain] [MMM-SecondBrain] Publishing 1 item(s) to display.
Jul 17 09:41:49 server node[1651759]: [2026-07-17 03:41:49.602] [LOG]   [MMM-SecondBrain] [MMM-SecondBrain] Publishing 1 item(s) to display.
Jul 17 09:42:42 server node[1651759]: [2026-07-17 03:42:42.572] [LOG]   [MMM-SecondBrain] [MMM-SecondBrain] Publishing 1 item(s) to display.
Jul 17 09:42:53 server node[1651759]: [2026-07-17 03:42:53.314] [LOG]   [MMM-SecondBrain] [MMM-SecondBrain] Publishing 1 item(s) to display.
Jul 17 09:43:42 server node[1651759]: [2026-07-17 03:43:42.776] [LOG]   [MMM-SecondBrain] [MMM-SecondBrain] Publishing 1 item(s) to display.
Jul 17 09:43:53 server node[1651759]: [2026-07-17 03:43:53.160] [LOG]   [MMM-SecondBrain] [MMM-SecondBrain] Publishing 1 item(s) to display.
Jul 17 09:44:42 server node[1651759]: [2026-07-17 03:44:42.838] [LOG]   [MMM-SecondBrain] [MMM-SecondBrain] Publishing 1 item(s) to display.
Jul 17 09:44:53 server node[1651759]: [2026-07-17 03:44:53.337] [LOG]   [MMM-SecondBrain] [MMM-SecondBrain] Publishing 1 item(s) to display.
Jul 17 09:45:43 server node[1651759]: [2026-07-17 03:45:43.849] [LOG]   [MMM-SecondBrain] [MMM-SecondBrain] Publishing 1 item(s) to display.
Jul 17 09:45:53 server node[1651759]: [2026-07-17 03:45:53.333] [LOG]   [MMM-SecondBrain] [MMM-SecondBrain] Publishing 1 item(s) to display.
Jul 17 09:46:43 server node[1651759]: [2026-07-17 03:46:43.657] [LOG]   [MMM-SecondBrain] [MMM-SecondBrain] Publishing 1 item(s) to display.
Jul 17 09:46:53 server node[1651759]: [2026-07-17 03:46:53.357] [LOG]   [MMM-SecondBrain] [MMM-SecondBrain] Publishing 1 item(s) to display.
Jul 17 09:47:43 server node[1651759]: [2026-07-17 03:47:43.308] [LOG]   [MMM-SecondBrain] [MMM-SecondBrain] Publishing 1 item(s) to display.
Jul 17 09:48:51 server node[1651759]: [2026-07-17 03:48:51.117] [LOG]   [MMM-SecondBrain] [MMM-SecondBrain] Publishing 1 item(s) to display.
Jul 17 09:49:42 server node[1651759]: [2026-07-17 03:49:42.670] [LOG]   [MMM-SecondBrain] [MMM-SecondBrain] Publishing 1 item(s) to display.
Jul 17 09:50:05 server node[1651759]: [2026-07-17 03:50:05.109] [LOG]   [MMM-SecondBrain] [MMM-SecondBrain] Publishing 1 item(s) to display.
Jul 17 09:50:42 server node[1651759]: [2026-07-17 03:50:42.700] [LOG]   [MMM-SecondBrain] [MMM-SecondBrain] Publishing 1 item(s) to display.
Jul 17 09:50:53 server node[1651759]: [2026-07-17 03:50:53.526] [LOG]   [MMM-SecondBrain] [MMM-SecondBrain] Publishing 1 item(s) to display.
Jul 17 09:51:42 server node[1651759]: [2026-07-17 03:51:42.871] [LOG]   [MMM-SecondBrain] [MMM-SecondBrain] Publishing 1 item(s) to display.
Jul 17 09:51:53 server node[1651759]: [2026-07-17 03:51:53.592] [LOG]   [MMM-SecondBrain] [MMM-SecondBrain] Publishing 1 item(s) to display.
Jul 17 09:52:56 server node[1651759]: [2026-07-17 03:52:56.971] [ERROR] [lib] [MMM-SecondBrain] Gmail IMAP account personal.json failed: read ECONNRESET
Jul 17 09:52:56 server node[1651759]: [2026-07-17 03:52:56.972] [LOG]   [MMM-SecondBrain] [MMM-SecondBrain] Publishing 1 item(s) to display.
Jul 17 09:53:43 server node[1651759]: [2026-07-17 03:53:43.788] [LOG]   [MMM-SecondBrain] [MMM-SecondBrain] Publishing 1 item(s) to display.
Jul 17 09:53:53 server node[1651759]: [2026-07-17 03:53:53.356] [LOG]   [MMM-SecondBrain] [MMM-SecondBrain] Publishing 1 item(s) to display.
Jul 17 09:54:43 server node[1651759]: [2026-07-17 03:54:43.103] [LOG]   [MMM-SecondBrain] [MMM-SecondBrain] Publishing 1 item(s) to display.
Jul 17 09:54:53 server node[1651759]: [2026-07-17 03:54:53.848] [LOG]   [MMM-SecondBrain] [MMM-SecondBrain] Publishing 1 item(s) to display.
Jul 17 09:55:43 server node[1651759]: [2026-07-17 03:55:43.093] [LOG]   [MMM-SecondBrain] [MMM-SecondBrain] Publishing 1 item(s) to display.
Jul 17 09:55:59 server node[1651759]: [2026-07-17 03:55:59.789] [LOG]   [MMM-SecondBrain] [MMM-SecondBrain] Publishing 1 item(s) to display.
Jul 17 09:56:42 server node[1651759]: [2026-07-17 03:56:42.760] [LOG]   [MMM-SecondBrain] [MMM-SecondBrain] Publishing 1 item(s) to display.
Jul 17 09:56:53 server node[1651759]: [2026-07-17 03:56:53.333] [LOG]   [MMM-SecondBrain] [MMM-SecondBrain] Publishing 1 item(s) to display.
Jul 17 09:57:43 server node[1651759]: [2026-07-17 03:57:43.686] [LOG]   [MMM-SecondBrain] [MMM-SecondBrain] Publishing 1 item(s) to display.
Jul 17 09:57:53 server node[1651759]: [2026-07-17 03:57:53.021] [LOG]   [MMM-SecondBrain] [MMM-SecondBrain] Publishing 1 item(s) to display.
Jul 17 09:58:43 server node[1651759]: [2026-07-17 03:58:43.224] [LOG]   [MMM-SecondBrain] [MMM-SecondBrain] Publishing 1 item(s) to display.
Jul 17 09:58:53 server node[1651759]: [2026-07-17 03:58:53.308] [LOG]   [MMM-SecondBrain] [MMM-SecondBrain] Publishing 1 item(s) to display.
Jul 17 09:59:43 server node[1651759]: [2026-07-17 03:59:43.966] [LOG]   [MMM-SecondBrain] [MMM-SecondBrain] Publishing 1 item(s) to display.
Jul 17 09:59:53 server node[1651759]: [2026-07-17 03:59:53.417] [LOG]   [MMM-SecondBrain] [MMM-SecondBrain] Publishing 1 item(s) to display.
Jul 17 10:00:43 server node[1651759]: [2026-07-17 04:00:43.057] [LOG]   [MMM-SecondBrain] [MMM-SecondBrain] Publishing 1 item(s) to display.
Jul 17 10:00:55 server node[1651759]: [2026-07-17 04:00:55.243] [LOG]   [MMM-SecondBrain] [MMM-SecondBrain] Publishing 1 item(s) to display.
Jul 17 10:01:42 server node[1651759]: [2026-07-17 04:01:42.648] [LOG]   [MMM-SecondBrain] [MMM-SecondBrain] Publishing 1 item(s) to display.
Jul 17 10:01:53 server node[1651759]: [2026-07-17 04:01:53.672] [LOG]   [MMM-SecondBrain] [MMM-SecondBrain] Publishing 1 item(s) to display.
Jul 17 10:02:43 server node[1651759]: [2026-07-17 04:02:43.280] [LOG]   [MMM-SecondBrain] [MMM-SecondBrain] Publishing 1 item(s) to display.
Jul 17 10:02:53 server node[1651759]: [2026-07-17 04:02:53.642] [LOG]   [MMM-SecondBrain] [MMM-SecondBrain] Publishing 1 item(s) to display.
Jul 17 10:03:43 server node[1651759]: [2026-07-17 04:03:43.093] [LOG]   [MMM-SecondBrain] [MMM-SecondBrain] Publishing 1 item(s) to display.
Jul 17 10:04:01 server node[1651759]: [2026-07-17 04:04:01.452] [LOG]   [MMM-SecondBrain] [MMM-SecondBrain] Publishing 1 item(s) to display.
Jul 17 10:04:42 server node[1651759]: [2026-07-17 04:04:42.728] [LOG]   [MMM-SecondBrain] [MMM-SecondBrain] Publishing 1 item(s) to display.
Jul 17 10:04:53 server node[1651759]: [2026-07-17 04:04:53.913] [LOG]   [MMM-SecondBrain] [MMM-SecondBrain] Publishing 1 item(s) to display.
Jul 17 10:05:42 server node[1651759]: [2026-07-17 04:05:42.608] [LOG]   [MMM-SecondBrain] [MMM-SecondBrain] Publishing 1 item(s) to display.
Jul 17 10:05:54 server node[1651759]: [2026-07-17 04:05:54.921] [LOG]   [MMM-SecondBrain] [MMM-SecondBrain] Publishing 1 item(s) to display.
Jul 17 10:06:42 server node[1651759]: [2026-07-17 04:06:42.704] [LOG]   [MMM-SecondBrain] [MMM-SecondBrain] Publishing 1 item(s) to display.
Jul 17 10:06:53 server node[1651759]: [2026-07-17 04:06:53.259] [LOG]   [MMM-SecondBrain] [MMM-SecondBrain] Publishing 1 item(s) to display.
Jul 17 10:07:44 server node[1651759]: [2026-07-17 04:07:44.717] [LOG]   [MMM-SecondBrain] [MMM-SecondBrain] Publishing 1 item(s) to display.
Jul 17 10:07:56 server node[1651759]: [2026-07-17 04:07:56.620] [LOG]   [MMM-SecondBrain] [MMM-SecondBrain] Publishing 1 item(s) to display.
Jul 17 10:08:42 server node[1651759]: [2026-07-17 04:08:42.892] [LOG]   [MMM-SecondBrain] [MMM-SecondBrain] Publishing 1 item(s) to display.
Jul 17 10:08:53 server node[1651759]: [2026-07-17 04:08:53.007] [LOG]   [MMM-SecondBrain] [MMM-SecondBrain] Publishing 1 item(s) to display.
Jul 17 10:09:42 server node[1651759]: [2026-07-17 04:09:42.411] [LOG]   [MMM-SecondBrain] [MMM-SecondBrain] Publishing 1 item(s) to display.
Jul 17 10:09:53 server node[1651759]: [2026-07-17 04:09:53.028] [LOG]   [MMM-SecondBrain] [MMM-SecondBrain] Publishing 1 item(s) to display.
Jul 17 10:10:43 server node[1651759]: [2026-07-17 04:10:43.073] [LOG]   [MMM-SecondBrain] [MMM-SecondBrain] Publishing 1 item(s) to display.
Jul 17 10:10:53 server node[1651759]: [2026-07-17 04:10:53.203] [LOG]   [MMM-SecondBrain] [MMM-SecondBrain] Publishing 1 item(s) to display.
Jul 17 10:11:42 server node[1651759]: [2026-07-17 04:11:42.743] [LOG]   [MMM-SecondBrain] [MMM-SecondBrain] Publishing 1 item(s) to display.
Jul 17 10:11:53 server node[1651759]: [2026-07-17 04:11:53.757] [LOG]   [MMM-SecondBrain] [MMM-SecondBrain] Publishing 1 item(s) to display.
Jul 17 10:12:53 server snapd[1168]: storehelpers.go:919: cannot refresh: snap has no updates available: "bare", "chromium", "core22", "core24", "cups", "gnome-46-2404", "gtk-common-themes", "libation", "mesa-2404", "snapd"
Jul 17 10:12:57 server node[1651759]: [2026-07-17 04:12:57.353] [ERROR] [lib] [MMM-SecondBrain] Gmail IMAP account personal.json failed: read ECONNRESET
Jul 17 10:12:57 server node[1651759]: [2026-07-17 04:12:57.353] [LOG]   [MMM-SecondBrain] [MMM-SecondBrain] Publishing 1 item(s) to display.
Jul 17 10:13:42 server node[1651759]: [2026-07-17 04:13:42.609] [LOG]   [MMM-SecondBrain] [MMM-SecondBrain] Publishing 1 item(s) to display.
Jul 17 10:13:54 server node[1651759]: [2026-07-17 04:13:54.042] [LOG]   [MMM-SecondBrain] [MMM-SecondBrain] Publishing 1 item(s) to display.
Jul 17 10:14:42 server node[1651759]: [2026-07-17 04:14:42.857] [LOG]   [MMM-SecondBrain] [MMM-SecondBrain] Publishing 1 item(s) to display.
Jul 17 10:14:53 server node[1651759]: [2026-07-17 04:14:53.326] [LOG]   [MMM-SecondBrain] [MMM-SecondBrain] Publishing 1 item(s) to display.
Jul 17 10:15:43 server node[1651759]: [2026-07-17 04:15:43.116] [LOG]   [MMM-SecondBrain] [MMM-SecondBrain] Publishing 1 item(s) to display.
Jul 17 10:15:53 server node[1651759]: [2026-07-17 04:15:53.140] [LOG]   [MMM-SecondBrain] [MMM-SecondBrain] Publishing 1 item(s) to display.
Jul 17 10:16:42 server node[1651759]: [2026-07-17 04:16:42.649] [LOG]   [MMM-SecondBrain] [MMM-SecondBrain] Publishing 1 item(s) to display.
Jul 17 10:16:53 server node[1651759]: [2026-07-17 04:16:53.353] [LOG]   [MMM-SecondBrain] [MMM-SecondBrain] Publishing 1 item(s) to display.
Jul 17 10:17:43 server node[1651759]: [2026-07-17 04:17:43.734] [LOG]   [MMM-SecondBrain] [MMM-SecondBrain] Publishing 1 item(s) to display.
Jul 17 10:17:55 server node[1651759]: [2026-07-17 04:17:55.269] [LOG]   [MMM-SecondBrain] [MMM-SecondBrain] Publishing 1 item(s) to display.
Jul 17 10:18:42 server node[1651759]: [2026-07-17 04:18:42.814] [LOG]   [MMM-SecondBrain] [MMM-SecondBrain] Publishing 1 item(s) to display.
Jul 17 10:18:53 server node[1651759]: [2026-07-17 04:18:53.209] [LOG]   [MMM-SecondBrain] [MMM-SecondBrain] Publishing 1 item(s) to display.
Jul 17 10:19:42 server node[1651759]: [2026-07-17 04:19:42.689] [LOG]   [MMM-SecondBrain] [MMM-SecondBrain] Publishing 1 item(s) to display.
Jul 17 10:19:59 server node[1651759]: [2026-07-17 04:19:59.428] [LOG]   [MMM-SecondBrain] [MMM-SecondBrain] Publishing 1 item(s) to display.
Jul 17 10:20:42 server node[1651759]: [2026-07-17 04:20:42.758] [LOG]   [MMM-SecondBrain] [MMM-SecondBrain] Publishing 1 item(s) to display.
Jul 17 10:20:53 server node[1651759]: [2026-07-17 04:20:53.177] [LOG]   [MMM-SecondBrain] [MMM-SecondBrain] Publishing 1 item(s) to display.
Jul 17 10:21:43 server node[1651759]: [2026-07-17 04:21:43.193] [LOG]   [MMM-SecondBrain] [MMM-SecondBrain] Publishing 1 item(s) to display.
Jul 17 10:21:53 server node[1651759]: [2026-07-17 04:21:53.006] [LOG]   [MMM-SecondBrain] [MMM-SecondBrain] Publishing 1 item(s) to display.
Jul 17 10:22:43 server node[1651759]: [2026-07-17 04:22:43.749] [LOG]   [MMM-SecondBrain] [MMM-SecondBrain] Publishing 1 item(s) to display.
Jul 17 10:22:54 server node[1651759]: [2026-07-17 04:22:54.243] [LOG]   [MMM-SecondBrain] [MMM-SecondBrain] Publishing 1 item(s) to display.
Jul 17 10:23:57 server node[1651759]: [2026-07-17 04:23:57.065] [ERROR] [lib] [MMM-SecondBrain] Gmail IMAP account personal.json failed: read ECONNRESET
Jul 17 10:23:57 server node[1651759]: [2026-07-17 04:23:57.066] [LOG]   [MMM-SecondBrain] [MMM-SecondBrain] Publishing 1 item(s) to display.
Jul 17 10:24:42 server node[1651759]: [2026-07-17 04:24:42.673] [LOG]   [MMM-SecondBrain] [MMM-SecondBrain] Publishing 1 item(s) to display.
Jul 17 10:24:53 server node[1651759]: [2026-07-17 04:24:53.104] [LOG]   [MMM-SecondBrain] [MMM-SecondBrain] Publishing 1 item(s) to display.
Jul 17 10:25:43 server node[1651759]: [2026-07-17 04:25:43.964] [LOG]   [MMM-SecondBrain] [MMM-SecondBrain] Publishing 1 item(s) to display.
Jul 17 10:25:53 server node[1651759]: [2026-07-17 04:25:53.256] [LOG]   [MMM-SecondBrain] [MMM-SecondBrain] Publishing 1 item(s) to display.
Jul 17 10:26:42 server node[1651759]: [2026-07-17 04:26:42.583] [LOG]   [MMM-SecondBrain] [MMM-SecondBrain] Publishing 1 item(s) to display.
Jul 17 10:26:53 server node[1651759]: [2026-07-17 04:26:53.555] [LOG]   [MMM-SecondBrain] [MMM-SecondBrain] Publishing 1 item(s) to display.
Jul 17 10:27:45 server node[1651759]: [2026-07-17 04:27:45.868] [LOG]   [MMM-SecondBrain] [MMM-SecondBrain] Publishing 1 item(s) to display.
Jul 17 10:27:53 server node[1651759]: [2026-07-17 04:27:53.093] [LOG]   [MMM-SecondBrain] [MMM-SecondBrain] Publishing 1 item(s) to display.
Jul 17 10:28:42 server node[1651759]: [2026-07-17 04:28:42.392] [LOG]   [MMM-SecondBrain] [MMM-SecondBrain] Publishing 1 item(s) to display.
Jul 17 10:28:53 server node[1651759]: [2026-07-17 04:28:53.485] [LOG]   [MMM-SecondBrain] [MMM-SecondBrain] Publishing 1 item(s) to display.
Jul 17 10:29:42 server node[1651759]: [2026-07-17 04:29:42.663] [LOG]   [MMM-SecondBrain] [MMM-SecondBrain] Publishing 1 item(s) to display.
Jul 17 10:29:53 server node[1651759]: [2026-07-17 04:29:53.224] [LOG]   [MMM-SecondBrain] [MMM-SecondBrain] Publishing 1 item(s) to display.
Jul 17 10:30:44 server node[1651759]: [2026-07-17 04:30:44.902] [LOG]   [MMM-SecondBrain] [MMM-SecondBrain] Publishing 1 item(s) to display.
Jul 17 10:30:54 server node[1651759]: [2026-07-17 04:30:54.106] [LOG]   [MMM-SecondBrain] [MMM-SecondBrain] Publishing 1 item(s) to display.
Jul 17 10:31:42 server node[1651759]: [2026-07-17 04:31:42.602] [LOG]   [MMM-SecondBrain] [MMM-SecondBrain] Publishing 1 item(s) to display.
Jul 17 10:31:53 server node[1651759]: [2026-07-17 04:31:53.453] [LOG]   [MMM-SecondBrain] [MMM-SecondBrain] Publishing 1 item(s) to display.
Jul 17 10:32:56 server node[1651759]: [2026-07-17 04:32:56.969] [ERROR] [lib] [MMM-SecondBrain] Gmail IMAP account personal.json failed: read ECONNRESET
Jul 17 10:32:56 server node[1651759]: [2026-07-17 04:32:56.969] [LOG]   [MMM-SecondBrain] [MMM-SecondBrain] Publishing 1 item(s) to display.
Jul 17 10:33:42 server node[1651759]: [2026-07-17 04:33:42.674] [LOG]   [MMM-SecondBrain] [MMM-SecondBrain] Publishing 1 item(s) to display.
Jul 17 10:33:53 server node[1651759]: [2026-07-17 04:33:53.388] [LOG]   [MMM-SecondBrain] [MMM-SecondBrain] Publishing 1 item(s) to display.
Jul 17 10:34:42 server node[1651759]: [2026-07-17 04:34:42.824] [LOG]   [MMM-SecondBrain] [MMM-SecondBrain] Publishing 1 item(s) to display.
Jul 17 10:34:53 server node[1651759]: [2026-07-17 04:34:53.296] [LOG]   [MMM-SecondBrain] [MMM-SecondBrain] Publishing 1 item(s) to display.
Jul 17 10:35:43 server node[1651759]: [2026-07-17 04:35:43.282] [LOG]   [MMM-SecondBrain] [MMM-SecondBrain] Publishing 1 item(s) to display.
Jul 17 10:35:53 server node[1651759]: [2026-07-17 04:35:53.850] [LOG]   [MMM-SecondBrain] [MMM-SecondBrain] Publishing 1 item(s) to display.
Jul 17 10:36:43 server node[1651759]: [2026-07-17 04:36:43.453] [LOG]   [MMM-SecondBrain] [MMM-SecondBrain] Publishing 1 item(s) to display.
Jul 17 10:36:53 server node[1651759]: [2026-07-17 04:36:53.284] [LOG]   [MMM-SecondBrain] [MMM-SecondBrain] Publishing 1 item(s) to display.
Jul 17 10:39:07 server node[1651759]: [2026-07-17 04:39:07.064] [ERROR] [lib] [MMM-SecondBrain] Gmail IMAP account personal.json failed: Failed to establish connection in required time
Jul 17 10:39:07 server node[1651759]: [2026-07-17 04:39:07.065] [LOG]   [MMM-SecondBrain] [MMM-SecondBrain] Publishing 1 item(s) to display.
Jul 17 10:39:43 server node[1651759]: [2026-07-17 04:39:43.158] [LOG]   [MMM-SecondBrain] [MMM-SecondBrain] Publishing 1 item(s) to display.
Jul 17 10:39:53 server node[1651759]: [2026-07-17 04:39:53.786] [LOG]   [MMM-SecondBrain] [MMM-SecondBrain] Publishing 1 item(s) to display.
Jul 17 10:40:42 server node[1651759]: [2026-07-17 04:40:42.695] [LOG]   [MMM-SecondBrain] [MMM-SecondBrain] Publishing 1 item(s) to display.
Jul 17 10:40:53 server node[1651759]: [2026-07-17 04:40:53.220] [LOG]   [MMM-SecondBrain] [MMM-SecondBrain] Publishing 1 item(s) to display.
Jul 17 10:41:43 server node[1651759]: [2026-07-17 04:41:43.409] [LOG]   [MMM-SecondBrain] [MMM-SecondBrain] Publishing 1 item(s) to display.
Jul 17 10:41:53 server node[1651759]: [2026-07-17 04:41:53.765] [LOG]   [MMM-SecondBrain] [MMM-SecondBrain] Publishing 1 item(s) to display.
Jul 17 10:42:42 server node[1651759]: [2026-07-17 04:42:42.621] [LOG]   [MMM-SecondBrain] [MMM-SecondBrain] Publishing 1 item(s) to display.
Jul 17 10:42:53 server node[1651759]: [2026-07-17 04:42:53.660] [LOG]   [MMM-SecondBrain] [MMM-SecondBrain] Publishing 1 item(s) to display.
Jul 17 10:43:42 server node[1651759]: [2026-07-17 04:43:42.702] [LOG]   [MMM-SecondBrain] [MMM-SecondBrain] Publishing 1 item(s) to display.
Jul 17 10:43:54 server node[1651759]: [2026-07-17 04:43:54.274] [LOG]   [MMM-SecondBrain] [MMM-SecondBrain] Publishing 1 item(s) to display.
Jul 17 10:44:42 server node[1651759]: [2026-07-17 04:44:42.757] [LOG]   [MMM-SecondBrain] [MMM-SecondBrain] Publishing 1 item(s) to display.
Jul 17 10:44:53 server node[1651759]: [2026-07-17 04:44:53.757] [LOG]   [MMM-SecondBrain] [MMM-SecondBrain] Publishing 1 item(s) to display.
Jul 17 10:47:35 server node[1651759]: [2026-07-17 04:47:35.756] [LOG]   [MMM-SecondBrain] [MMM-SecondBrain] Publishing 1 item(s) to display.
Jul 17 10:47:42 server node[1651759]: [2026-07-17 04:47:42.891] [LOG]   [MMM-SecondBrain] [MMM-SecondBrain] Publishing 1 item(s) to display.
Jul 17 10:47:53 server node[1651759]: [2026-07-17 04:47:53.855] [LOG]   [MMM-SecondBrain] [MMM-SecondBrain] Publishing 1 item(s) to display.
Jul 17 10:48:43 server node[1651759]: [2026-07-17 04:48:43.337] [LOG]   [MMM-SecondBrain] [MMM-SecondBrain] Publishing 1 item(s) to display.
Jul 17 10:48:53 server node[1651759]: [2026-07-17 04:48:53.864] [LOG]   [MMM-SecondBrain] [MMM-SecondBrain] Publishing 1 item(s) to display.
Jul 17 10:50:11 server node[1651759]: [2026-07-17 04:50:11.847] [LOG]   [MMM-SecondBrain] [MMM-SecondBrain] Publishing 1 item(s) to display.
Jul 17 10:50:43 server node[1651759]: [2026-07-17 04:50:43.058] [LOG]   [MMM-SecondBrain] [MMM-SecondBrain] Publishing 1 item(s) to display.
Jul 17 10:50:53 server node[1651759]: [2026-07-17 04:50:53.490] [LOG]   [MMM-SecondBrain] [MMM-SecondBrain] Publishing 1 item(s) to display.
Jul 17 10:51:44 server node[1651759]: [2026-07-17 04:51:44.024] [LOG]   [MMM-SecondBrain] [MMM-SecondBrain] Publishing 1 item(s) to display.
Jul 17 10:51:53 server node[1651759]: [2026-07-17 04:51:53.640] [LOG]   [MMM-SecondBrain] [MMM-SecondBrain] Publishing 1 item(s) to display.
Jul 17 10:52:44 server node[1651759]: [2026-07-17 04:52:44.170] [LOG]   [MMM-SecondBrain] [MMM-SecondBrain] Publishing 1 item(s) to display.
Jul 17 10:52:53 server node[1651759]: [2026-07-17 04:52:53.854] [LOG]   [MMM-SecondBrain] [MMM-SecondBrain] Publishing 1 item(s) to display.
Jul 17 10:53:43 server node[1651759]: [2026-07-17 04:53:43.542] [LOG]   [MMM-SecondBrain] [MMM-SecondBrain] Publishing 1 item(s) to display.
Jul 17 10:53:54 server node[1651759]: [2026-07-17 04:53:54.530] [LOG]   [MMM-SecondBrain] [MMM-SecondBrain] Publishing 1 item(s) to display.
Jul 17 10:54:43 server node[1651759]: [2026-07-17 04:54:43.755] [LOG]   [MMM-SecondBrain] [MMM-SecondBrain] Publishing 1 item(s) to display.
Jul 17 10:54:54 server node[1651759]: [2026-07-17 04:54:54.079] [LOG]   [MMM-SecondBrain] [MMM-SecondBrain] Publishing 1 item(s) to display.
Jul 17 10:55:43 server node[1651759]: [2026-07-17 04:55:43.562] [LOG]   [MMM-SecondBrain] [MMM-SecondBrain] Publishing 1 item(s) to display.
Jul 17 10:55:54 server node[1651759]: [2026-07-17 04:55:54.822] [LOG]   [MMM-SecondBrain] [MMM-SecondBrain] Publishing 1 item(s) to display.
Jul 17 10:56:43 server node[1651759]: [2026-07-17 04:56:43.503] [LOG]   [MMM-SecondBrain] [MMM-SecondBrain] Publishing 1 item(s) to display.
Jul 17 10:56:55 server node[1651759]: [2026-07-17 04:56:55.402] [LOG]   [MMM-SecondBrain] [MMM-SecondBrain] Publishing 1 item(s) to display.
Jul 17 10:57:43 server node[1651759]: [2026-07-17 04:57:43.533] [LOG]   [MMM-SecondBrain] [MMM-SecondBrain] Publishing 1 item(s) to display.
Jul 17 10:57:53 server node[1651759]: [2026-07-17 04:57:53.826] [LOG]   [MMM-SecondBrain] [MMM-SecondBrain] Publishing 1 item(s) to display.
Jul 17 10:58:43 server node[1651759]: [2026-07-17 04:58:43.372] [LOG]   [MMM-SecondBrain] [MMM-SecondBrain] Publishing 1 item(s) to display.
Jul 17 10:58:53 server node[1651759]: [2026-07-17 04:58:53.763] [LOG]   [MMM-SecondBrain] [MMM-SecondBrain] Publishing 1 item(s) to display.
Jul 17 10:59:49 server node[1651759]: [2026-07-17 04:59:49.149] [LOG]   [MMM-SecondBrain] [MMM-SecondBrain] Publishing 1 item(s) to display.
Jul 17 11:00:44 server node[1651759]: [2026-07-17 05:00:44.602] [LOG]   [MMM-SecondBrain] [MMM-SecondBrain] Publishing 1 item(s) to display.
Jul 17 11:00:54 server node[1651759]: [2026-07-17 05:00:54.995] [LOG]   [MMM-SecondBrain] [MMM-SecondBrain] Publishing 1 item(s) to display.
Jul 17 11:01:43 server node[1651759]: [2026-07-17 05:01:43.038] [LOG]   [MMM-SecondBrain] [MMM-SecondBrain] Publishing 1 item(s) to display.
Jul 17 11:01:54 server node[1651759]: [2026-07-17 05:01:54.335] [LOG]   [MMM-SecondBrain] [MMM-SecondBrain] Publishing 1 item(s) to display.
Jul 17 11:02:43 server node[1651759]: [2026-07-17 05:02:43.069] [LOG]   [MMM-SecondBrain] [MMM-SecondBrain] Publishing 1 item(s) to display.
Jul 17 11:02:54 server node[1651759]: [2026-07-17 05:02:54.721] [LOG]   [MMM-SecondBrain] [MMM-SecondBrain] Publishing 1 item(s) to display.
Jul 17 11:03:43 server node[1651759]: [2026-07-17 05:03:43.963] [LOG]   [MMM-SecondBrain] [MMM-SecondBrain] Publishing 1 item(s) to display.
Jul 17 11:03:55 server node[1651759]: [2026-07-17 05:03:55.846] [LOG]   [MMM-SecondBrain] [MMM-SecondBrain] Publishing 1 item(s) to display.
Jul 17 11:04:43 server node[1651759]: [2026-07-17 05:04:43.185] [LOG]   [MMM-SecondBrain] [MMM-SecondBrain] Publishing 1 item(s) to display.
Jul 17 11:04:54 server node[1651759]: [2026-07-17 05:04:54.101] [LOG]   [MMM-SecondBrain] [MMM-SecondBrain] Publishing 1 item(s) to display.
Jul 17 11:05:43 server node[1651759]: [2026-07-17 05:05:43.251] [LOG]   [MMM-SecondBrain] [MMM-SecondBrain] Publishing 1 item(s) to display.
Jul 17 11:05:53 server node[1651759]: [2026-07-17 05:05:53.791] [LOG]   [MMM-SecondBrain] [MMM-SecondBrain] Publishing 1 item(s) to display.
Jul 17 11:06:57 server node[1651759]: [2026-07-17 05:06:57.037] [ERROR] [lib] [MMM-SecondBrain] Gmail IMAP account personal.json failed: read ECONNRESET
Jul 17 11:06:57 server node[1651759]: [2026-07-17 05:06:57.037] [LOG]   [MMM-SecondBrain] [MMM-SecondBrain] Publishing 1 item(s) to display.
Jul 17 11:07:43 server node[1651759]: [2026-07-17 05:07:43.749] [LOG]   [MMM-SecondBrain] [MMM-SecondBrain] Publishing 1 item(s) to display.
Jul 17 11:07:53 server node[1651759]: [2026-07-17 05:07:53.985] [LOG]   [MMM-SecondBrain] [MMM-SecondBrain] Publishing 1 item(s) to display.
Jul 17 11:08:43 server node[1651759]: [2026-07-17 05:08:43.397] [LOG]   [MMM-SecondBrain] [MMM-SecondBrain] Publishing 1 item(s) to display.
Jul 17 11:08:53 server node[1651759]: [2026-07-17 05:08:53.501] [LOG]   [MMM-SecondBrain] [MMM-SecondBrain] Publishing 1 item(s) to display.
Jul 17 11:09:43 server node[1651759]: [2026-07-17 05:09:43.304] [LOG]   [MMM-SecondBrain] [MMM-SecondBrain] Publishing 1 item(s) to display.
Jul 17 11:09:54 server node[1651759]: [2026-07-17 05:09:54.520] [LOG]   [MMM-SecondBrain] [MMM-SecondBrain] Publishing 1 item(s) to display.
Jul 17 11:10:45 server node[1651759]: [2026-07-17 05:10:45.834] [LOG]   [MMM-SecondBrain] [MMM-SecondBrain] Publishing 1 item(s) to display.
Jul 17 11:10:54 server node[1651759]: [2026-07-17 05:10:54.065] [LOG]   [MMM-SecondBrain] [MMM-SecondBrain] Publishing 1 item(s) to display.
Jul 17 11:11:43 server node[1651759]: [2026-07-17 05:11:43.569] [LOG]   [MMM-SecondBrain] [MMM-SecondBrain] Publishing 1 item(s) to display.
Jul 17 11:11:54 server node[1651759]: [2026-07-17 05:11:54.522] [LOG]   [MMM-SecondBrain] [MMM-SecondBrain] Publishing 1 item(s) to display.
Jul 17 11:12:43 server node[1651759]: [2026-07-17 05:12:43.159] [LOG]   [MMM-SecondBrain] [MMM-SecondBrain] Publishing 1 item(s) to display.
Jul 17 11:12:54 server node[1651759]: [2026-07-17 05:12:54.343] [LOG]   [MMM-SecondBrain] [MMM-SecondBrain] Publishing 1 item(s) to display.
Jul 17 11:13:50 server node[1651759]: [2026-07-17 05:13:50.307] [LOG]   [MMM-SecondBrain] [MMM-SecondBrain] Publishing 1 item(s) to display.
Jul 17 11:14:43 server node[1651759]: [2026-07-17 05:14:43.727] [LOG]   [MMM-SecondBrain] [MMM-SecondBrain] Publishing 1 item(s) to display.
Jul 17 11:15:00 server node[1651759]: [2026-07-17 05:15:00.169] [LOG]   [MMM-SecondBrain] [MMM-SecondBrain] Publishing 1 item(s) to display.
Jul 17 11:15:46 server node[1651759]: [2026-07-17 05:15:46.027] [LOG]   [MMM-SecondBrain] [MMM-SecondBrain] Publishing 1 item(s) to display.
Jul 17 11:15:54 server node[1651759]: [2026-07-17 05:15:54.095] [LOG]   [MMM-SecondBrain] [MMM-SecondBrain] Publishing 1 item(s) to display.
Jul 17 11:16:43 server node[1651759]: [2026-07-17 05:16:43.689] [LOG]   [MMM-SecondBrain] [MMM-SecondBrain] Publishing 1 item(s) to display.
Jul 17 11:16:53 server node[1651759]: [2026-07-17 05:16:53.969] [LOG]   [MMM-SecondBrain] [MMM-SecondBrain] Publishing 1 item(s) to display.
Jul 17 11:17:43 server node[1651759]: [2026-07-17 05:17:43.563] [LOG]   [MMM-SecondBrain] [MMM-SecondBrain] Publishing 1 item(s) to display.
Jul 17 11:17:54 server node[1651759]: [2026-07-17 05:17:54.487] [LOG]   [MMM-SecondBrain] [MMM-SecondBrain] Publishing 1 item(s) to display.
Jul 17 11:18:43 server node[1651759]: [2026-07-17 05:18:43.816] [LOG]   [MMM-SecondBrain] [MMM-SecondBrain] Publishing 1 item(s) to display.
Jul 17 11:18:53 server node[1651759]: [2026-07-17 05:18:53.647] [LOG]   [MMM-SecondBrain] [MMM-SecondBrain] Publishing 1 item(s) to display.
Jul 17 11:19:43 server node[1651759]: [2026-07-17 05:19:43.027] [LOG]   [MMM-SecondBrain] [MMM-SecondBrain] Publishing 1 item(s) to display.
Jul 17 11:19:53 server node[1651759]: [2026-07-17 05:19:53.828] [LOG]   [MMM-SecondBrain] [MMM-SecondBrain] Publishing 1 item(s) to display.
Jul 17 11:20:43 server node[1651759]: [2026-07-17 05:20:43.635] [LOG]   [MMM-SecondBrain] [MMM-SecondBrain] Publishing 1 item(s) to display.
Jul 17 11:20:54 server node[1651759]: [2026-07-17 05:20:54.123] [LOG]   [MMM-SecondBrain] [MMM-SecondBrain] Publishing 1 item(s) to display.
Jul 17 11:21:44 server node[1651759]: [2026-07-17 05:21:44.563] [LOG]   [MMM-SecondBrain] [MMM-SecondBrain] Publishing 1 item(s) to display.
Jul 17 11:21:54 server node[1651759]: [2026-07-17 05:21:54.139] [LOG]   [MMM-SecondBrain] [MMM-SecondBrain] Publishing 1 item(s) to display.
Jul 17 11:22:48 server node[1651759]: [2026-07-17 05:22:48.142] [LOG]   [MMM-SecondBrain] [MMM-SecondBrain] Publishing 1 item(s) to display.
Jul 17 11:23:43 server node[1651759]: [2026-07-17 05:23:43.227] [LOG]   [MMM-SecondBrain] [MMM-SecondBrain] Publishing 1 item(s) to display.
Jul 17 11:23:54 server node[1651759]: [2026-07-17 05:23:54.431] [LOG]   [MMM-SecondBrain] [MMM-SecondBrain] Publishing 1 item(s) to display.
Jul 17 11:24:43 server node[1651759]: [2026-07-17 05:24:43.115] [LOG]   [MMM-SecondBrain] [MMM-SecondBrain] Publishing 1 item(s) to display.
Jul 17 11:24:55 server node[1651759]: [2026-07-17 05:24:55.007] [LOG]   [MMM-SecondBrain] [MMM-SecondBrain] Publishing 1 item(s) to display.
Jul 17 11:25:43 server node[1651759]: [2026-07-17 05:25:43.522] [LOG]   [MMM-SecondBrain] [MMM-SecondBrain] Publishing 1 item(s) to display.
Jul 17 11:25:55 server node[1651759]: [2026-07-17 05:25:55.459] [LOG]   [MMM-SecondBrain] [MMM-SecondBrain] Publishing 1 item(s) to display.
Jul 17 11:26:43 server node[1651759]: [2026-07-17 05:26:43.187] [LOG]   [MMM-SecondBrain] [MMM-SecondBrain] Publishing 1 item(s) to display.
Jul 17 11:26:53 server node[1651759]: [2026-07-17 05:26:53.926] [LOG]   [MMM-SecondBrain] [MMM-SecondBrain] Publishing 1 item(s) to display.
Jul 17 11:27:43 server node[1651759]: [2026-07-17 05:27:43.178] [LOG]   [MMM-SecondBrain] [MMM-SecondBrain] Publishing 1 item(s) to display.
Jul 17 11:27:53 server node[1651759]: [2026-07-17 05:27:53.725] [LOG]   [MMM-SecondBrain] [MMM-SecondBrain] Publishing 1 item(s) to display.
Jul 17 11:28:43 server node[1651759]: [2026-07-17 05:28:43.647] [LOG]   [MMM-SecondBrain] [MMM-SecondBrain] Publishing 1 item(s) to display.
Jul 17 11:28:54 server node[1651759]: [2026-07-17 05:28:54.587] [LOG]   [MMM-SecondBrain] [MMM-SecondBrain] Publishing 1 item(s) to display.
Jul 17 11:29:43 server node[1651759]: [2026-07-17 05:29:43.120] [LOG]   [MMM-SecondBrain] [MMM-SecondBrain] Publishing 1 item(s) to display.
Jul 17 11:29:54 server node[1651759]: [2026-07-17 05:29:54.275] [LOG]   [MMM-SecondBrain] [MMM-SecondBrain] Publishing 1 item(s) to display.
Jul 17 11:30:44 server node[1651759]: [2026-07-17 05:30:44.935] [LOG]   [MMM-SecondBrain] [MMM-SecondBrain] Publishing 1 item(s) to display.
Jul 17 11:30:54 server node[1651759]: [2026-07-17 05:30:54.059] [LOG]   [MMM-SecondBrain] [MMM-SecondBrain] Publishing 1 item(s) to display.
Jul 17 11:31:43 server node[1651759]: [2026-07-17 05:31:43.186] [LOG]   [MMM-SecondBrain] [MMM-SecondBrain] Publishing 1 item(s) to display.
Jul 17 11:31:53 server node[1651759]: [2026-07-17 05:31:53.894] [LOG]   [MMM-SecondBrain] [MMM-SecondBrain] Publishing 1 item(s) to display.
Jul 17 11:32:43 server node[1651759]: [2026-07-17 05:32:43.146] [LOG]   [MMM-SecondBrain] [MMM-SecondBrain] Publishing 1 item(s) to display.
Jul 17 11:32:56 server node[1651759]: [2026-07-17 05:32:56.109] [LOG]   [MMM-SecondBrain] [MMM-SecondBrain] Publishing 1 item(s) to display.
Jul 17 11:33:43 server node[1651759]: [2026-07-17 05:33:43.151] [LOG]   [MMM-SecondBrain] [MMM-SecondBrain] Publishing 1 item(s) to display.
Jul 17 11:33:53 server node[1651759]: [2026-07-17 05:33:53.915] [LOG]   [MMM-SecondBrain] [MMM-SecondBrain] Publishing 1 item(s) to display.
Jul 17 11:34:42 server node[1651759]: [2026-07-17 05:34:42.919] [LOG]   [MMM-SecondBrain] [MMM-SecondBrain] Publishing 1 item(s) to display.
Jul 17 11:34:54 server node[1651759]: [2026-07-17 05:34:54.463] [LOG]   [MMM-SecondBrain] [MMM-SecondBrain] Publishing 1 item(s) to display.
Jul 17 11:35:43 server node[1651759]: [2026-07-17 05:35:43.176] [LOG]   [MMM-SecondBrain] [MMM-SecondBrain] Publishing 1 item(s) to display.
Jul 17 11:35:58 server node[1651759]: [2026-07-17 05:35:58.115] [LOG]   [MMM-SecondBrain] [MMM-SecondBrain] Publishing 1 item(s) to display.
Jul 17 11:36:43 server node[1651759]: [2026-07-17 05:36:43.273] [LOG]   [MMM-SecondBrain] [MMM-SecondBrain] Publishing 1 item(s) to display.
Jul 17 11:36:55 server node[1651759]: [2026-07-17 05:36:55.965] [LOG]   [MMM-SecondBrain] [MMM-SecondBrain] Publishing 1 item(s) to display.
Jul 17 11:37:43 server node[1651759]: [2026-07-17 05:37:43.786] [LOG]   [MMM-SecondBrain] [MMM-SecondBrain] Publishing 1 item(s) to display.
Jul 17 11:37:55 server node[1651759]: [2026-07-17 05:37:55.029] [LOG]   [MMM-SecondBrain] [MMM-SecondBrain] Publishing 1 item(s) to display.
Jul 17 11:38:43 server node[1651759]: [2026-07-17 05:38:43.564] [LOG]   [MMM-SecondBrain] [MMM-SecondBrain] Publishing 1 item(s) to display.
Jul 17 11:38:54 server node[1651759]: [2026-07-17 05:38:54.587] [LOG]   [MMM-SecondBrain] [MMM-SecondBrain] Publishing 1 item(s) to display.
Jul 17 11:39:43 server node[1651759]: [2026-07-17 05:39:43.455] [LOG]   [MMM-SecondBrain] [MMM-SecondBrain] Publishing 1 item(s) to display.
Jul 17 11:39:53 server node[1651759]: [2026-07-17 05:39:53.886] [LOG]   [MMM-SecondBrain] [MMM-SecondBrain] Publishing 1 item(s) to display.
Jul 17 11:40:43 server node[1651759]: [2026-07-17 05:40:43.826] [LOG]   [MMM-SecondBrain] [MMM-SecondBrain] Publishing 1 item(s) to display.
Jul 17 11:40:56 server node[1651759]: [2026-07-17 05:40:56.041] [LOG]   [MMM-SecondBrain] [MMM-SecondBrain] Publishing 1 item(s) to display.
Jul 17 11:41:43 server node[1651759]: [2026-07-17 05:41:43.578] [LOG]   [MMM-SecondBrain] [MMM-SecondBrain] Publishing 1 item(s) to display.
Jul 17 11:42:05 server node[1651759]: [2026-07-17 05:42:05.669] [LOG]   [MMM-SecondBrain] [MMM-SecondBrain] Publishing 1 item(s) to display.
Jul 17 11:42:43 server node[1651759]: [2026-07-17 05:42:43.554] [LOG]   [MMM-SecondBrain] [MMM-SecondBrain] Publishing 1 item(s) to display.
Jul 17 11:42:53 server node[1651759]: [2026-07-17 05:42:53.922] [LOG]   [MMM-SecondBrain] [MMM-SecondBrain] Publishing 1 item(s) to display.
Jul 17 11:43:44 server node[1651759]: [2026-07-17 05:43:44.190] [LOG]   [MMM-SecondBrain] [MMM-SecondBrain] Publishing 1 item(s) to display.
Jul 17 11:43:55 server node[1651759]: [2026-07-17 05:43:55.884] [LOG]   [MMM-SecondBrain] [MMM-SecondBrain] Publishing 1 item(s) to display.
Jul 17 11:44:46 server node[1651759]: [2026-07-17 05:44:46.519] [LOG]   [MMM-SecondBrain] [MMM-SecondBrain] Publishing 1 item(s) to display.
Jul 17 11:44:54 server node[1651759]: [2026-07-17 05:44:54.174] [LOG]   [MMM-SecondBrain] [MMM-SecondBrain] Publishing 1 item(s) to display.
Jul 17 11:45:43 server node[1651759]: [2026-07-17 05:45:43.901] [LOG]   [MMM-SecondBrain] [MMM-SecondBrain] Publishing 1 item(s) to display.
Jul 17 11:45:54 server node[1651759]: [2026-07-17 05:45:54.286] [LOG]   [MMM-SecondBrain] [MMM-SecondBrain] Publishing 1 item(s) to display.
Jul 17 11:46:43 server node[1651759]: [2026-07-17 05:46:43.403] [LOG]   [MMM-SecondBrain] [MMM-SecondBrain] Publishing 1 item(s) to display.
Jul 17 11:46:56 server node[1651759]: [2026-07-17 05:46:56.322] [LOG]   [MMM-SecondBrain] [MMM-SecondBrain] Publishing 1 item(s) to display.
Jul 17 11:47:43 server node[1651759]: [2026-07-17 05:47:43.463] [LOG]   [MMM-SecondBrain] [MMM-SecondBrain] Publishing 1 item(s) to display.
Jul 17 11:47:54 server node[1651759]: [2026-07-17 05:47:54.330] [LOG]   [MMM-SecondBrain] [MMM-SecondBrain] Publishing 1 item(s) to display.
Jul 17 11:48:43 server node[1651759]: [2026-07-17 05:48:43.155] [LOG]   [MMM-SecondBrain] [MMM-SecondBrain] Publishing 1 item(s) to display.
Jul 17 11:48:54 server node[1651759]: [2026-07-17 05:48:54.880] [LOG]   [MMM-SecondBrain] [MMM-SecondBrain] Publishing 1 item(s) to display.
Jul 17 11:49:43 server node[1651759]: [2026-07-17 05:49:43.184] [LOG]   [MMM-SecondBrain] [MMM-SecondBrain] Publishing 1 item(s) to display.
Jul 17 11:49:54 server node[1651759]: [2026-07-17 05:49:54.170] [LOG]   [MMM-SecondBrain] [MMM-SecondBrain] Publishing 1 item(s) to display.
Jul 17 11:50:42 server node[1651759]: [2026-07-17 05:50:42.728] [LOG]   [MMM-SecondBrain] [MMM-SecondBrain] Publishing 1 item(s) to display.
Jul 17 11:51:07 server node[1651759]: [2026-07-17 05:51:07.040] [LOG]   [MMM-SecondBrain] [MMM-SecondBrain] Publishing 1 item(s) to display.
Jul 17 11:51:43 server node[1651759]: [2026-07-17 05:51:43.770] [LOG]   [MMM-SecondBrain] [MMM-SecondBrain] Publishing 1 item(s) to display.
Jul 17 11:51:54 server node[1651759]: [2026-07-17 05:51:54.054] [LOG]   [MMM-SecondBrain] [MMM-SecondBrain] Publishing 1 item(s) to display.
Jul 17 11:52:43 server node[1651759]: [2026-07-17 05:52:43.170] [LOG]   [MMM-SecondBrain] [MMM-SecondBrain] Publishing 1 item(s) to display.
Jul 17 11:52:53 server node[1651759]: [2026-07-17 05:52:53.918] [LOG]   [MMM-SecondBrain] [MMM-SecondBrain] Publishing 1 item(s) to display.
Jul 17 11:53:43 server node[1651759]: [2026-07-17 05:53:43.287] [LOG]   [MMM-SecondBrain] [MMM-SecondBrain] Publishing 1 item(s) to display.
Jul 17 11:53:54 server node[1651759]: [2026-07-17 05:53:54.220] [LOG]   [MMM-SecondBrain] [MMM-SecondBrain] Publishing 1 item(s) to display.
Jul 17 11:54:43 server node[1651759]: [2026-07-17 05:54:43.642] [LOG]   [MMM-SecondBrain] [MMM-SecondBrain] Publishing 1 item(s) to display.
Jul 17 11:54:53 server node[1651759]: [2026-07-17 05:54:53.994] [LOG]   [MMM-SecondBrain] [MMM-SecondBrain] Publishing 1 item(s) to display.
Jul 17 11:55:43 server node[1651759]: [2026-07-17 05:55:43.560] [LOG]   [MMM-SecondBrain] [MMM-SecondBrain] Publishing 1 item(s) to display.
Jul 17 11:56:01 server node[1651759]: [2026-07-17 05:56:01.162] [LOG]   [MMM-SecondBrain] [MMM-SecondBrain] Publishing 1 item(s) to display.
Jul 17 11:56:43 server node[1651759]: [2026-07-17 05:56:43.063] [LOG]   [MMM-SecondBrain] [MMM-SecondBrain] Publishing 1 item(s) to display.
Jul 17 11:56:54 server node[1651759]: [2026-07-17 05:56:54.132] [LOG]   [MMM-SecondBrain] [MMM-SecondBrain] Publishing 1 item(s) to display.
Jul 17 11:57:50 server node[1651759]: [2026-07-17 05:57:50.678] [LOG]   [MMM-SecondBrain] [MMM-SecondBrain] Publishing 1 item(s) to display.
Jul 17 11:58:43 server node[1651759]: [2026-07-17 05:58:43.952] [LOG]   [MMM-SecondBrain] [MMM-SecondBrain] Publishing 1 item(s) to display.
Jul 17 11:59:07 server node[1651759]: [2026-07-17 05:59:07.662] [ERROR] [lib] [MMM-SecondBrain] Gmail IMAP account personal.json failed: read ECONNRESET
Jul 17 11:59:07 server node[1651759]: [2026-07-17 05:59:07.663] [LOG]   [MMM-SecondBrain] [MMM-SecondBrain] Publishing 1 item(s) to display.
Jul 17 11:59:43 server node[1651759]: [2026-07-17 05:59:43.148] [LOG]   [MMM-SecondBrain] [MMM-SecondBrain] Publishing 1 item(s) to display.
Jul 17 11:59:54 server node[1651759]: [2026-07-17 05:59:54.876] [LOG]   [MMM-SecondBrain] [MMM-SecondBrain] Publishing 1 item(s) to display.
Jul 17 12:00:43 server node[1651759]: [2026-07-17 06:00:43.448] [LOG]   [MMM-SecondBrain] [MMM-SecondBrain] Publishing 1 item(s) to display.
Jul 17 12:00:54 server node[1651759]: [2026-07-17 06:00:54.180] [LOG]   [MMM-SecondBrain] [MMM-SecondBrain] Publishing 1 item(s) to display.
Jul 17 12:01:43 server node[1651759]: [2026-07-17 06:01:43.788] [LOG]   [MMM-SecondBrain] [MMM-SecondBrain] Publishing 1 item(s) to display.
Jul 17 12:01:54 server node[1651759]: [2026-07-17 06:01:54.288] [LOG]   [MMM-SecondBrain] [MMM-SecondBrain] Publishing 1 item(s) to display.
Jul 17 12:02:44 server node[1651759]: [2026-07-17 06:02:44.591] [LOG]   [MMM-SecondBrain] [MMM-SecondBrain] Publishing 1 item(s) to display.
Jul 17 12:02:54 server node[1651759]: [2026-07-17 06:02:54.726] [LOG]   [MMM-SecondBrain] [MMM-SecondBrain] Publishing 1 item(s) to display.
Jul 17 12:03:50 server node[1651759]: [2026-07-17 06:03:50.808] [LOG]   [MMM-SecondBrain] [MMM-SecondBrain] Publishing 1 item(s) to display.
Jul 17 12:04:43 server node[1651759]: [2026-07-17 06:04:43.832] [LOG]   [MMM-SecondBrain] [MMM-SecondBrain] Publishing 1 item(s) to display.
Jul 17 12:04:54 server node[1651759]: [2026-07-17 06:04:54.516] [LOG]   [MMM-SecondBrain] [MMM-SecondBrain] Publishing 1 item(s) to display.
Jul 17 12:05:11 server chronyc[2173744]: 200 OK
Jul 17 12:05:11 server chronyc[2173768]: 200 OK
Jul 17 12:05:11 server chronyc[2173770]: 200 OK
Jul 17 12:05:11 server chronyc[2173774]: try: 1, refid: 84A36002, correction: 0.000748072, skew: 0.081
Jul 17 12:05:12 server chronyc[2173776]: Reference ID    : 84A36002 (time-b-b.nist.gov)
Jul 17 12:05:12 server chronyc[2173776]: Stratum         : 2
Jul 17 12:05:12 server chronyc[2173776]: Ref time (UTC)  : Fri Jul 17 11:51:39 2026
Jul 17 12:05:12 server chronyc[2173776]: System time     : 0.000748071 seconds fast of NTP time
Jul 17 12:05:12 server chronyc[2173776]: Last offset     : +0.000423888 seconds
Jul 17 12:05:12 server chronyc[2173776]: RMS offset      : 0.000627549 seconds
Jul 17 12:05:12 server chronyc[2173776]: Frequency       : 11.670 ppm slow
Jul 17 12:05:12 server chronyc[2173776]: Residual freq   : +0.002 ppm
Jul 17 12:05:12 server chronyc[2173776]: Skew            : 0.081 ppm
Jul 17 12:05:12 server chronyc[2173776]: Root delay      : 0.285378933 seconds
Jul 17 12:05:12 server chronyc[2173776]: Root dispersion : 0.002922099 seconds
Jul 17 12:05:12 server chronyc[2173776]: Update interval : 1037.7 seconds
Jul 17 12:05:12 server chronyc[2173776]: Leap status     : Normal
Jul 17 12:05:12 server chronyc[2173779]:   .-- Source mode  '^' = server, '=' = peer, '#' = local clock.
Jul 17 12:05:12 server chronyc[2173779]:  / .- Source state '*' = current best, '+' = combined, '-' = not combined,
Jul 17 12:05:12 server chronyc[2173779]: | /             'x' = may be in error, '~' = too variable, '?' = unusable.
Jul 17 12:05:12 server chronyc[2173779]: ||                                                 .- xxxx [ yyyy ] +/- zzzz
Jul 17 12:05:12 server chronyc[2173779]: ||      Reachability register (octal) -.           |  xxxx = adjusted offset,
Jul 17 12:05:12 server chronyc[2173779]: ||      Log2(Polling interval) --.      |          |  yyyy = measured offset,
Jul 17 12:05:12 server chronyc[2173779]: ||                                \     |          |  zzzz = estimated error.
Jul 17 12:05:12 server chronyc[2173779]: ||                                 |    |           \
Jul 17 12:05:12 server chronyc[2173779]: MS Name/IP address         Stratum Poll Reach LastRx Last sample
Jul 17 12:05:12 server chronyc[2173779]: ===============================================================================
Jul 17 12:05:12 server chronyc[2173779]: ^- time-a-b.nist.gov             1  10   377   785  +3476us[+3476us] +/-  147ms
Jul 17 12:05:12 server chronyc[2173779]: ^- time-b-b.nist.gov             1  10   377   813  -7465us[-7041us] +/-  157ms
Jul 17 12:05:12 server chronyc[2173779]: ^- time-a-wwv.nist.gov           1  10   377   887  -7324us[-6901us] +/-  153ms
Jul 17 12:05:12 server chronyc[2173779]: ^- time-b-wwv.nist.gov           1  10   377   717  -4700us[-4700us] +/-  154ms
Jul 17 12:05:43 server node[1651759]: [2026-07-17 06:05:43.596] [LOG]   [MMM-SecondBrain] [MMM-SecondBrain] Publishing 1 item(s) to display.
Jul 17 12:05:54 server node[1651759]: [2026-07-17 06:05:54.040] [LOG]   [MMM-SecondBrain] [MMM-SecondBrain] Publishing 1 item(s) to display.
Jul 17 12:06:43 server node[1651759]: [2026-07-17 06:06:43.723] [LOG]   [MMM-SecondBrain] [MMM-SecondBrain] Publishing 1 item(s) to display.
Jul 17 12:06:53 server node[1651759]: [2026-07-17 06:06:53.892] [LOG]   [MMM-SecondBrain] [MMM-SecondBrain] Publishing 1 item(s) to display.
Jul 17 12:07:43 server node[1651759]: [2026-07-17 06:07:43.238] [LOG]   [MMM-SecondBrain] [MMM-SecondBrain] Publishing 1 item(s) to display.
Jul 17 12:07:54 server node[1651759]: [2026-07-17 06:07:54.458] [LOG]   [MMM-SecondBrain] [MMM-SecondBrain] Publishing 1 item(s) to display.
Jul 17 12:08:43 server node[1651759]: [2026-07-17 06:08:43.433] [LOG]   [MMM-SecondBrain] [MMM-SecondBrain] Publishing 1 item(s) to display.
Jul 17 12:08:51 server chronyd[1129850]: Selected source 132.163.96.2 (time-b-b.nist.gov)
Jul 17 12:08:53 server node[1651759]: [2026-07-17 06:08:53.964] [LOG]   [MMM-SecondBrain] [MMM-SecondBrain] Publishing 1 item(s) to display.
Jul 17 12:09:44 server node[1651759]: [2026-07-17 06:09:44.084] [LOG]   [MMM-SecondBrain] [MMM-SecondBrain] Publishing 1 item(s) to display.
Jul 17 12:09:54 server node[1651759]: [2026-07-17 06:09:54.952] [LOG]   [MMM-SecondBrain] [MMM-SecondBrain] Publishing 1 item(s) to display.
Jul 17 12:10:43 server node[1651759]: [2026-07-17 06:10:43.291] [LOG]   [MMM-SecondBrain] [MMM-SecondBrain] Publishing 1 item(s) to display.
Jul 17 12:10:54 server node[1651759]: [2026-07-17 06:10:54.636] [LOG]   [MMM-SecondBrain] [MMM-SecondBrain] Publishing 1 item(s) to display.
Jul 17 12:11:43 server node[1651759]: [2026-07-17 06:11:43.284] [LOG]   [MMM-SecondBrain] [MMM-SecondBrain] Publishing 1 item(s) to display.
Jul 17 12:11:54 server node[1651759]: [2026-07-17 06:11:54.607] [LOG]   [MMM-SecondBrain] [MMM-SecondBrain] Publishing 1 item(s) to display.
Jul 17 12:12:43 server node[1651759]: [2026-07-17 06:12:43.046] [LOG]   [MMM-SecondBrain] [MMM-SecondBrain] Publishing 1 item(s) to display.
Jul 17 12:12:58 server node[1651759]: [2026-07-17 06:12:58.176] [LOG]   [MMM-SecondBrain] [MMM-SecondBrain] Publishing 1 item(s) to display.
Jul 17 12:13:42 server node[1651759]: [2026-07-17 06:13:42.904] [LOG]   [MMM-SecondBrain] [MMM-SecondBrain] Publishing 1 item(s) to display.
Jul 17 12:13:54 server node[1651759]: [2026-07-17 06:13:54.216] [LOG]   [MMM-SecondBrain] [MMM-SecondBrain] Publishing 1 item(s) to display.
Jul 17 12:14:43 server node[1651759]: [2026-07-17 06:14:43.252] [LOG]   [MMM-SecondBrain] [MMM-SecondBrain] Publishing 1 item(s) to display.
Jul 17 12:15:11 server node[1651759]: [2026-07-17 06:15:11.024] [LOG]   [MMM-SecondBrain] [MMM-SecondBrain] Publishing 1 item(s) to display.
Jul 17 12:15:44 server node[1651759]: [2026-07-17 06:15:44.640] [LOG]   [MMM-SecondBrain] [MMM-SecondBrain] Publishing 1 item(s) to display.
Jul 17 12:15:54 server node[1651759]: [2026-07-17 06:15:54.225] [LOG]   [MMM-SecondBrain] [MMM-SecondBrain] Publishing 1 item(s) to display.
Jul 17 12:16:43 server node[1651759]: [2026-07-17 06:16:43.536] [LOG]   [MMM-SecondBrain] [MMM-SecondBrain] Publishing 1 item(s) to display.
Jul 17 12:16:54 server node[1651759]: [2026-07-17 06:16:54.032] [LOG]   [MMM-SecondBrain] [MMM-SecondBrain] Publishing 1 item(s) to display.
Jul 17 12:17:43 server node[1651759]: [2026-07-17 06:17:43.499] [LOG]   [MMM-SecondBrain] [MMM-SecondBrain] Publishing 1 item(s) to display.
Jul 17 12:17:56 server node[1651759]: [2026-07-17 06:17:56.122] [LOG]   [MMM-SecondBrain] [MMM-SecondBrain] Publishing 1 item(s) to display.
Jul 17 12:18:44 server node[1651759]: [2026-07-17 06:18:44.151] [LOG]   [MMM-SecondBrain] [MMM-SecondBrain] Publishing 1 item(s) to display.
Jul 17 12:18:54 server node[1651759]: [2026-07-17 06:18:54.235] [LOG]   [MMM-SecondBrain] [MMM-SecondBrain] Publishing 1 item(s) to display.
Jul 17 12:19:43 server node[1651759]: [2026-07-17 06:19:43.260] [LOG]   [MMM-SecondBrain] [MMM-SecondBrain] Publishing 1 item(s) to display.
Jul 17 12:19:53 server node[1651759]: [2026-07-17 06:19:53.969] [LOG]   [MMM-SecondBrain] [MMM-SecondBrain] Publishing 1 item(s) to display.
Jul 17 12:20:43 server node[1651759]: [2026-07-17 06:20:43.056] [LOG]   [MMM-SecondBrain] [MMM-SecondBrain] Publishing 1 item(s) to display.
Jul 17 12:20:53 server node[1651759]: [2026-07-17 06:20:53.992] [LOG]   [MMM-SecondBrain] [MMM-SecondBrain] Publishing 1 item(s) to display.
Jul 17 12:21:42 server node[1651759]: [2026-07-17 06:21:42.996] [LOG]   [MMM-SecondBrain] [MMM-SecondBrain] Publishing 1 item(s) to display.
Jul 17 12:21:53 server node[1651759]: [2026-07-17 06:21:53.952] [LOG]   [MMM-SecondBrain] [MMM-SecondBrain] Publishing 1 item(s) to display.
Jul 17 12:22:43 server node[1651759]: [2026-07-17 06:22:43.125] [LOG]   [MMM-SecondBrain] [MMM-SecondBrain] Publishing 1 item(s) to display.
Jul 17 12:22:55 server node[1651759]: [2026-07-17 06:22:55.760] [LOG]   [MMM-SecondBrain] [MMM-SecondBrain] Publishing 1 item(s) to display.
Jul 17 12:23:43 server node[1651759]: [2026-07-17 06:23:43.296] [LOG]   [MMM-SecondBrain] [MMM-SecondBrain] Publishing 1 item(s) to display.
Jul 17 12:23:53 server node[1651759]: [2026-07-17 06:23:53.964] [LOG]   [MMM-SecondBrain] [MMM-SecondBrain] Publishing 1 item(s) to display.
Jul 17 12:24:44 server node[1651759]: [2026-07-17 06:24:44.038] [LOG]   [MMM-SecondBrain] [MMM-SecondBrain] Publishing 1 item(s) to display.
Jul 17 12:24:54 server node[1651759]: [2026-07-17 06:24:54.699] [LOG]   [MMM-SecondBrain] [MMM-SecondBrain] Publishing 1 item(s) to display.
Jul 17 12:25:45 server node[1651759]: [2026-07-17 06:25:45.498] [LOG]   [MMM-SecondBrain] [MMM-SecondBrain] Publishing 1 item(s) to display.
Jul 17 12:25:55 server node[1651759]: [2026-07-17 06:25:55.639] [LOG]   [MMM-SecondBrain] [MMM-SecondBrain] Publishing 1 item(s) to display.
Jul 17 12:26:43 server node[1651759]: [2026-07-17 06:26:43.656] [LOG]   [MMM-SecondBrain] [MMM-SecondBrain] Publishing 1 item(s) to display.
Jul 17 12:26:54 server node[1651759]: [2026-07-17 06:26:54.877] [LOG]   [MMM-SecondBrain] [MMM-SecondBrain] Publishing 1 item(s) to display.
Jul 17 12:27:43 server node[1651759]: [2026-07-17 06:27:43.026] [LOG]   [MMM-SecondBrain] [MMM-SecondBrain] Publishing 1 item(s) to display.
Jul 17 12:27:54 server node[1651759]: [2026-07-17 06:27:54.009] [LOG]   [MMM-SecondBrain] [MMM-SecondBrain] Publishing 1 item(s) to display.
Jul 17 12:28:43 server node[1651759]: [2026-07-17 06:28:43.036] [LOG]   [MMM-SecondBrain] [MMM-SecondBrain] Publishing 1 item(s) to display.
Jul 17 12:28:54 server node[1651759]: [2026-07-17 06:28:54.028] [LOG]   [MMM-SecondBrain] [MMM-SecondBrain] Publishing 1 item(s) to display.
Jul 17 12:29:43 server node[1651759]: [2026-07-17 06:29:43.088] [LOG]   [MMM-SecondBrain] [MMM-SecondBrain] Publishing 1 item(s) to display.
Jul 17 12:29:53 server node[1651759]: [2026-07-17 06:29:53.906] [LOG]   [MMM-SecondBrain] [MMM-SecondBrain] Publishing 1 item(s) to display.
Jul 17 12:30:43 server node[1651759]: [2026-07-17 06:30:43.327] [LOG]   [MMM-SecondBrain] [MMM-SecondBrain] Publishing 1 item(s) to display.
Jul 17 12:30:54 server node[1651759]: [2026-07-17 06:30:54.287] [LOG]   [MMM-SecondBrain] [MMM-SecondBrain] Publishing 1 item(s) to display.
Jul 17 12:31:43 server node[1651759]: [2026-07-17 06:31:43.862] [LOG]   [MMM-SecondBrain] [MMM-SecondBrain] Publishing 1 item(s) to display.
Jul 17 12:31:53 server node[1651759]: [2026-07-17 06:31:53.882] [LOG]   [MMM-SecondBrain] [MMM-SecondBrain] Publishing 1 item(s) to display.
Jul 17 12:32:43 server node[1651759]: [2026-07-17 06:32:43.104] [LOG]   [MMM-SecondBrain] [MMM-SecondBrain] Publishing 1 item(s) to display.
Jul 17 12:32:54 server node[1651759]: [2026-07-17 06:32:54.148] [LOG]   [MMM-SecondBrain] [MMM-SecondBrain] Publishing 1 item(s) to display.
Jul 17 12:33:43 server node[1651759]: [2026-07-17 06:33:43.360] [LOG]   [MMM-SecondBrain] [MMM-SecondBrain] Publishing 1 item(s) to display.
Jul 17 12:33:54 server node[1651759]: [2026-07-17 06:33:54.912] [LOG]   [MMM-SecondBrain] [MMM-SecondBrain] Publishing 1 item(s) to display.
Jul 17 12:34:43 server node[1651759]: [2026-07-17 06:34:43.008] [LOG]   [MMM-SecondBrain] [MMM-SecondBrain] Publishing 1 item(s) to display.
Jul 17 12:34:55 server node[1651759]: [2026-07-17 06:34:55.284] [LOG]   [MMM-SecondBrain] [MMM-SecondBrain] Publishing 1 item(s) to display.
Jul 17 12:35:43 server node[1651759]: [2026-07-17 06:35:43.072] [LOG]   [MMM-SecondBrain] [MMM-SecondBrain] Publishing 1 item(s) to display.
Jul 17 12:35:54 server node[1651759]: [2026-07-17 06:35:54.645] [LOG]   [MMM-SecondBrain] [MMM-SecondBrain] Publishing 1 item(s) to display.
Jul 17 12:36:43 server node[1651759]: [2026-07-17 06:36:43.364] [LOG]   [MMM-SecondBrain] [MMM-SecondBrain] Publishing 1 item(s) to display.
Jul 17 12:37:08 server node[1651759]: [2026-07-17 06:37:08.436] [LOG]   [MMM-SecondBrain] [MMM-SecondBrain] Publishing 1 item(s) to display.
Jul 17 12:37:43 server node[1651759]: [2026-07-17 06:37:43.288] [LOG]   [MMM-SecondBrain] [MMM-SecondBrain] Publishing 1 item(s) to display.
Jul 17 12:37:54 server node[1651759]: [2026-07-17 06:37:54.038] [LOG]   [MMM-SecondBrain] [MMM-SecondBrain] Publishing 1 item(s) to display.
Jul 17 12:38:56 server node[1651759]: [2026-07-17 06:38:56.904] [ERROR] [lib] [MMM-SecondBrain] Gmail IMAP account personal.json failed: read ECONNRESET
Jul 17 12:38:56 server node[1651759]: [2026-07-17 06:38:56.904] [LOG]   [MMM-SecondBrain] [MMM-SecondBrain] Publishing 1 item(s) to display.
Jul 17 12:39:50 server node[1651759]: [2026-07-17 06:39:50.595] [LOG]   [MMM-SecondBrain] [MMM-SecondBrain] Publishing 1 item(s) to display.
Jul 17 12:40:45 server node[1651759]: [2026-07-17 06:40:45.916] [LOG]   [MMM-SecondBrain] [MMM-SecondBrain] Publishing 1 item(s) to display.
Jul 17 12:41:49 server node[1651759]: [2026-07-17 06:41:49.496] [LOG]   [MMM-SecondBrain] [MMM-SecondBrain] Publishing 1 item(s) to display.
Jul 17 12:42:43 server node[1651759]: [2026-07-17 06:42:43.164] [LOG]   [MMM-SecondBrain] [MMM-SecondBrain] Publishing 1 item(s) to display.
Jul 17 12:42:54 server node[1651759]: [2026-07-17 06:42:54.210] [LOG]   [MMM-SecondBrain] [MMM-SecondBrain] Publishing 1 item(s) to display.
Jul 17 12:43:43 server node[1651759]: [2026-07-17 06:43:43.250] [LOG]   [MMM-SecondBrain] [MMM-SecondBrain] Publishing 1 item(s) to display.
Jul 17 12:43:54 server node[1651759]: [2026-07-17 06:43:54.095] [LOG]   [MMM-SecondBrain] [MMM-SecondBrain] Publishing 1 item(s) to display.
Jul 17 12:44:48 server node[1651759]: [2026-07-17 06:44:48.232] [LOG]   [MMM-SecondBrain] [MMM-SecondBrain] Publishing 1 item(s) to display.
Jul 17 12:46:32 server node[1651759]: [2026-07-17 06:46:32.863] [LOG]   [MMM-SecondBrain] [MMM-SecondBrain] Publishing 1 item(s) to display.
Jul 17 12:46:42 server node[1651759]: [2026-07-17 06:46:42.896] [LOG]   [MMM-SecondBrain] [MMM-SecondBrain] Publishing 1 item(s) to display.
Jul 17 12:46:54 server node[1651759]: [2026-07-17 06:46:54.056] [LOG]   [MMM-SecondBrain] [MMM-SecondBrain] Publishing 1 item(s) to display.
Jul 17 12:47:43 server node[1651759]: [2026-07-17 06:47:43.056] [LOG]   [MMM-SecondBrain] [MMM-SecondBrain] Publishing 1 item(s) to display.
Jul 17 12:47:54 server node[1651759]: [2026-07-17 06:47:54.913] [LOG]   [MMM-SecondBrain] [MMM-SecondBrain] Publishing 1 item(s) to display.
Jul 17 12:48:42 server node[1651759]: [2026-07-17 06:48:42.883] [LOG]   [MMM-SecondBrain] [MMM-SecondBrain] Publishing 1 item(s) to display.
Jul 17 12:48:54 server node[1651759]: [2026-07-17 06:48:54.275] [LOG]   [MMM-SecondBrain] [MMM-SecondBrain] Publishing 1 item(s) to display.
Jul 17 12:49:43 server node[1651759]: [2026-07-17 06:49:43.143] [LOG]   [MMM-SecondBrain] [MMM-SecondBrain] Publishing 1 item(s) to display.
Jul 17 12:49:54 server node[1651759]: [2026-07-17 06:49:54.055] [LOG]   [MMM-SecondBrain] [MMM-SecondBrain] Publishing 1 item(s) to display.
Jul 17 12:50:43 server node[1651759]: [2026-07-17 06:50:43.028] [LOG]   [MMM-SecondBrain] [MMM-SecondBrain] Publishing 1 item(s) to display.
Jul 17 12:50:54 server node[1651759]: [2026-07-17 06:50:54.862] [LOG]   [MMM-SecondBrain] [MMM-SecondBrain] Publishing 1 item(s) to display.
Jul 17 12:51:46 server node[1651759]: [2026-07-17 06:51:46.309] [LOG]   [MMM-SecondBrain] [MMM-SecondBrain] Publishing 1 item(s) to display.
Jul 17 12:51:58 server node[1651759]: [2026-07-17 06:51:58.420] [LOG]   [MMM-SecondBrain] [MMM-SecondBrain] Publishing 1 item(s) to display.
Jul 17 12:52:43 server node[1651759]: [2026-07-17 06:52:43.088] [LOG]   [MMM-SecondBrain] [MMM-SecondBrain] Publishing 1 item(s) to display.
Jul 17 12:52:54 server node[1651759]: [2026-07-17 06:52:54.288] [LOG]   [MMM-SecondBrain] [MMM-SecondBrain] Publishing 1 item(s) to display.
Jul 17 12:53:43 server node[1651759]: [2026-07-17 06:53:43.804] [LOG]   [MMM-SecondBrain] [MMM-SecondBrain] Publishing 1 item(s) to display.
Jul 17 12:53:54 server node[1651759]: [2026-07-17 06:53:54.644] [LOG]   [MMM-SecondBrain] [MMM-SecondBrain] Publishing 1 item(s) to display.
Jul 17 12:54:54 server node[1651759]: [2026-07-17 06:54:54.416] [LOG]   [MMM-SecondBrain] [MMM-SecondBrain] Publishing 1 item(s) to display.
Jul 17 12:55:43 server node[1651759]: [2026-07-17 06:55:43.252] [LOG]   [MMM-SecondBrain] [MMM-SecondBrain] Publishing 1 item(s) to display.
Jul 17 12:55:54 server node[1651759]: [2026-07-17 06:55:54.112] [LOG]   [MMM-SecondBrain] [MMM-SecondBrain] Publishing 1 item(s) to display.
Jul 17 12:56:43 server node[1651759]: [2026-07-17 06:56:43.073] [LOG]   [MMM-SecondBrain] [MMM-SecondBrain] Publishing 1 item(s) to display.
Jul 17 12:57:26 server node[1651759]: [2026-07-17 06:57:26.157] [LOG]   [MMM-SecondBrain] [MMM-SecondBrain] Publishing 1 item(s) to display.
Jul 17 12:57:49 server node[1651759]: [2026-07-17 06:57:49.276] [LOG]   [MMM-SecondBrain] [MMM-SecondBrain] Publishing 1 item(s) to display.
Jul 17 12:58:46 server node[1651759]: [2026-07-17 06:58:46.071] [LOG]   [MMM-SecondBrain] [MMM-SecondBrain] Publishing 1 item(s) to display.
Jul 17 12:58:54 server node[1651759]: [2026-07-17 06:58:54.683] [LOG]   [MMM-SecondBrain] [MMM-SecondBrain] Publishing 1 item(s) to display.
Jul 17 12:59:43 server node[1651759]: [2026-07-17 06:59:43.140] [LOG]   [MMM-SecondBrain] [MMM-SecondBrain] Publishing 1 item(s) to display.
Jul 17 13:00:07 server node[1651759]: [2026-07-17 07:00:07.948] [ERROR] [lib] [MMM-SecondBrain] Gmail IMAP account personal.json failed: read ECONNRESET
Jul 17 13:00:07 server node[1651759]: [2026-07-17 07:00:07.949] [LOG]   [MMM-SecondBrain] [MMM-SecondBrain] Publishing 1 item(s) to display.
Jul 17 13:00:50 server node[1651759]: [2026-07-17 07:00:50.576] [LOG]   [MMM-SecondBrain] [MMM-SecondBrain] Publishing 1 item(s) to display.
Jul 17 13:01:44 server node[1651759]: [2026-07-17 07:01:44.154] [LOG]   [MMM-SecondBrain] [MMM-SecondBrain] Publishing 1 item(s) to display.
Jul 17 13:01:54 server node[1651759]: [2026-07-17 07:01:54.259] [LOG]   [MMM-SecondBrain] [MMM-SecondBrain] Publishing 1 item(s) to display.
Jul 17 13:02:46 server node[1651759]: [2026-07-17 07:02:46.699] [LOG]   [MMM-SecondBrain] [MMM-SecondBrain] Publishing 1 item(s) to display.
Jul 17 13:02:54 server node[1651759]: [2026-07-17 07:02:54.100] [LOG]   [MMM-SecondBrain] [MMM-SecondBrain] Publishing 1 item(s) to display.
Jul 17 13:03:57 server node[1651759]: [2026-07-17 07:03:57.704] [LOG]   [MMM-SecondBrain] [MMM-SecondBrain] Publishing 1 item(s) to display.
Jul 17 13:04:46 server node[1651759]: [2026-07-17 07:04:46.588] [LOG]   [MMM-SecondBrain] [MMM-SecondBrain] Publishing 1 item(s) to display.
Jul 17 13:04:53 server node[1651759]: [2026-07-17 07:04:53.983] [LOG]   [MMM-SecondBrain] [MMM-SecondBrain] Publishing 1 item(s) to display.
Jul 17 13:05:43 server node[1651759]: [2026-07-17 07:05:43.043] [LOG]   [MMM-SecondBrain] [MMM-SecondBrain] Publishing 1 item(s) to display.
Jul 17 13:06:08 server node[1651759]: [2026-07-17 07:06:08.111] [LOG]   [MMM-SecondBrain] [MMM-SecondBrain] Publishing 1 item(s) to display.
Jul 17 13:06:43 server node[1651759]: [2026-07-17 07:06:43.188] [LOG]   [MMM-SecondBrain] [MMM-SecondBrain] Publishing 1 item(s) to display.
Jul 17 13:06:53 server node[1651759]: [2026-07-17 07:06:53.967] [LOG]   [MMM-SecondBrain] [MMM-SecondBrain] Publishing 1 item(s) to display.
Jul 17 13:07:43 server node[1651759]: [2026-07-17 07:07:43.771] [LOG]   [MMM-SecondBrain] [MMM-SecondBrain] Publishing 1 item(s) to display.
Jul 17 13:07:54 server node[1651759]: [2026-07-17 07:07:54.311] [LOG]   [MMM-SecondBrain] [MMM-SecondBrain] Publishing 1 item(s) to display.
Jul 17 13:08:43 server node[1651759]: [2026-07-17 07:08:43.588] [LOG]   [MMM-SecondBrain] [MMM-SecondBrain] Publishing 1 item(s) to display.
Jul 17 13:08:54 server node[1651759]: [2026-07-17 07:08:54.088] [LOG]   [MMM-SecondBrain] [MMM-SecondBrain] Publishing 1 item(s) to display.
Jul 17 13:09:43 server node[1651759]: [2026-07-17 07:09:43.255] [LOG]   [MMM-SecondBrain] [MMM-SecondBrain] Publishing 1 item(s) to display.
Jul 17 13:09:54 server node[1651759]: [2026-07-17 07:09:54.548] [LOG]   [MMM-SecondBrain] [MMM-SecondBrain] Publishing 1 item(s) to display.
Jul 17 13:11:26 server node[1651759]: [2026-07-17 07:11:26.344] [LOG]   [MMM-SecondBrain] [MMM-SecondBrain] Publishing 1 item(s) to display.
Jul 17 13:11:43 server node[1651759]: [2026-07-17 07:11:43.855] [LOG]   [MMM-SecondBrain] [MMM-SecondBrain] Publishing 1 item(s) to display.
Jul 17 13:11:54 server node[1651759]: [2026-07-17 07:11:54.071] [LOG]   [MMM-SecondBrain] [MMM-SecondBrain] Publishing 1 item(s) to display.
Jul 17 13:13:04 server node[1651759]: [2026-07-17 07:13:04.449] [LOG]   [MMM-SecondBrain] [MMM-SecondBrain] Publishing 1 item(s) to display.
Jul 17 13:13:43 server node[1651759]: [2026-07-17 07:13:43.444] [LOG]   [MMM-SecondBrain] [MMM-SecondBrain] Publishing 1 item(s) to display.
Jul 17 13:13:55 server node[1651759]: [2026-07-17 07:13:55.223] [LOG]   [MMM-SecondBrain] [MMM-SecondBrain] Publishing 1 item(s) to display.
Jul 17 13:14:45 server node[1651759]: [2026-07-17 07:14:45.269] [LOG]   [MMM-SecondBrain] [MMM-SecondBrain] Publishing 1 item(s) to display.
Jul 17 13:14:54 server node[1651759]: [2026-07-17 07:14:54.472] [LOG]   [MMM-SecondBrain] [MMM-SecondBrain] Publishing 1 item(s) to display.
Jul 17 13:15:47 server node[1651759]: [2026-07-17 07:15:47.453] [LOG]   [MMM-SecondBrain] [MMM-SecondBrain] Publishing 1 item(s) to display.
Jul 17 13:15:53 server node[1651759]: [2026-07-17 07:15:53.908] [LOG]   [MMM-SecondBrain] [MMM-SecondBrain] Publishing 1 item(s) to display.
Jul 17 13:16:43 server node[1651759]: [2026-07-17 07:16:43.028] [LOG]   [MMM-SecondBrain] [MMM-SecondBrain] Publishing 1 item(s) to display.
Jul 17 13:16:54 server node[1651759]: [2026-07-17 07:16:54.164] [LOG]   [MMM-SecondBrain] [MMM-SecondBrain] Publishing 1 item(s) to display.
Jul 17 13:17:44 server node[1651759]: [2026-07-17 07:17:44.504] [LOG]   [MMM-SecondBrain] [MMM-SecondBrain] Publishing 1 item(s) to display.
Jul 17 13:17:54 server node[1651759]: [2026-07-17 07:17:54.584] [LOG]   [MMM-SecondBrain] [MMM-SecondBrain] Publishing 1 item(s) to display.
Jul 17 13:18:45 server node[1651759]: [2026-07-17 07:18:45.324] [LOG]   [MMM-SecondBrain] [MMM-SecondBrain] Publishing 1 item(s) to display.
Jul 17 13:19:08 server node[1651759]: [2026-07-17 07:19:08.844] [LOG]   [MMM-SecondBrain] [MMM-SecondBrain] Publishing 1 item(s) to display.
Jul 17 13:19:54 server node[1651759]: [2026-07-17 07:19:54.513] [LOG]   [MMM-SecondBrain] [MMM-SecondBrain] Publishing 1 item(s) to display.
Jul 17 13:20:46 server node[1651759]: [2026-07-17 07:20:46.864] [LOG]   [MMM-SecondBrain] [MMM-SecondBrain] Publishing 1 item(s) to display.
Jul 17 13:20:55 server node[1651759]: [2026-07-17 07:20:55.337] [LOG]   [MMM-SecondBrain] [MMM-SecondBrain] Publishing 1 item(s) to display.
Jul 17 13:21:44 server node[1651759]: [2026-07-17 07:21:44.180] [LOG]   [MMM-SecondBrain] [MMM-SecondBrain] Publishing 1 item(s) to display.
Jul 17 13:21:54 server node[1651759]: [2026-07-17 07:21:54.088] [LOG]   [MMM-SecondBrain] [MMM-SecondBrain] Publishing 1 item(s) to display.
Jul 17 13:22:43 server node[1651759]: [2026-07-17 07:22:43.899] [LOG]   [MMM-SecondBrain] [MMM-SecondBrain] Publishing 1 item(s) to display.
Jul 17 13:23:08 server node[1651759]: [2026-07-17 07:23:08.046] [ERROR] [lib] [MMM-SecondBrain] Gmail IMAP account personal.json failed: read ECONNRESET
Jul 17 13:23:08 server node[1651759]: [2026-07-17 07:23:08.047] [LOG]   [MMM-SecondBrain] [MMM-SecondBrain] Publishing 1 item(s) to display.
Jul 17 13:23:43 server node[1651759]: [2026-07-17 07:23:43.053] [LOG]   [MMM-SecondBrain] [MMM-SecondBrain] Publishing 1 item(s) to display.
Jul 17 13:23:54 server node[1651759]: [2026-07-17 07:23:54.848] [LOG]   [MMM-SecondBrain] [MMM-SecondBrain] Publishing 1 item(s) to display.
Jul 17 13:24:50 server node[1651759]: [2026-07-17 07:24:50.417] [LOG]   [MMM-SecondBrain] [MMM-SecondBrain] Publishing 1 item(s) to display.
Jul 17 13:25:54 server node[1651759]: [2026-07-17 07:25:54.436] [LOG]   [MMM-SecondBrain] [MMM-SecondBrain] Publishing 1 item(s) to display.
Jul 17 13:26:43 server node[1651759]: [2026-07-17 07:26:43.128] [LOG]   [MMM-SecondBrain] [MMM-SecondBrain] Publishing 1 item(s) to display.
Jul 17 13:26:54 server node[1651759]: [2026-07-17 07:26:54.452] [LOG]   [MMM-SecondBrain] [MMM-SecondBrain] Publishing 1 item(s) to display.
Jul 17 13:27:42 server node[1651759]: [2026-07-17 07:27:42.837] [LOG]   [MMM-SecondBrain] [MMM-SecondBrain] Publishing 1 item(s) to display.
Jul 17 13:27:56 server node[1651759]: [2026-07-17 07:27:56.912] [LOG]   [MMM-SecondBrain] [MMM-SecondBrain] Publishing 1 item(s) to display.
Jul 17 13:28:43 server node[1651759]: [2026-07-17 07:28:43.625] [LOG]   [MMM-SecondBrain] [MMM-SecondBrain] Publishing 1 item(s) to display.
Jul 17 13:28:54 server node[1651759]: [2026-07-17 07:28:54.042] [LOG]   [MMM-SecondBrain] [MMM-SecondBrain] Publishing 1 item(s) to display.
Jul 17 13:29:43 server node[1651759]: [2026-07-17 07:29:43.468] [LOG]   [MMM-SecondBrain] [MMM-SecondBrain] Publishing 1 item(s) to display.
Jul 17 13:30:05 server node[1651759]: [2026-07-17 07:30:05.177] [LOG]   [MMM-SecondBrain] [MMM-SecondBrain] Publishing 1 item(s) to display.
Jul 17 13:30:56 server node[1651759]: [2026-07-17 07:30:56.782] [ERROR] [lib] [MMM-SecondBrain] Gmail IMAP account personal.json failed: read ECONNRESET
Jul 17 13:30:56 server node[1651759]: [2026-07-17 07:30:56.782] [LOG]   [MMM-SecondBrain] [MMM-SecondBrain] Publishing 1 item(s) to display.
Jul 17 13:31:43 server node[1651759]: [2026-07-17 07:31:43.573] [LOG]   [MMM-SecondBrain] [MMM-SecondBrain] Publishing 1 item(s) to display.
Jul 17 13:31:54 server node[1651759]: [2026-07-17 07:31:54.484] [LOG]   [MMM-SecondBrain] [MMM-SecondBrain] Publishing 1 item(s) to display.
Jul 17 13:32:44 server node[1651759]: [2026-07-17 07:32:44.864] [LOG]   [MMM-SecondBrain] [MMM-SecondBrain] Publishing 1 item(s) to display.
Jul 17 13:33:23 server node[1651759]: [2026-07-17 07:33:23.226] [LOG]   [MMM-SecondBrain] [MMM-SecondBrain] Publishing 1 item(s) to display.
Jul 17 13:33:43 server node[1651759]: [2026-07-17 07:33:43.549] [LOG]   [MMM-SecondBrain] [MMM-SecondBrain] Publishing 1 item(s) to display.
Jul 17 13:33:54 server node[1651759]: [2026-07-17 07:33:54.354] [LOG]   [MMM-SecondBrain] [MMM-SecondBrain] Publishing 1 item(s) to display.
Jul 17 13:34:56 server node[1651759]: [2026-07-17 07:34:56.916] [ERROR] [lib] [MMM-SecondBrain] Gmail IMAP account personal.json failed: read ECONNRESET
Jul 17 13:34:56 server node[1651759]: [2026-07-17 07:34:56.917] [LOG]   [MMM-SecondBrain] [MMM-SecondBrain] Publishing 1 item(s) to display.
Jul 17 13:35:56 server node[1651759]: [2026-07-17 07:35:56.815] [ERROR] [lib] [MMM-SecondBrain] Gmail IMAP account personal.json failed: read ECONNRESET
Jul 17 13:35:56 server node[1651759]: [2026-07-17 07:35:56.815] [LOG]   [MMM-SecondBrain] [MMM-SecondBrain] Publishing 1 item(s) to display.
Jul 17 13:36:43 server node[1651759]: [2026-07-17 07:36:43.087] [LOG]   [MMM-SecondBrain] [MMM-SecondBrain] Publishing 1 item(s) to display.
Jul 17 13:36:54 server node[1651759]: [2026-07-17 07:36:54.079] [LOG]   [MMM-SecondBrain] [MMM-SecondBrain] Publishing 1 item(s) to display.
Jul 17 13:37:43 server node[1651759]: [2026-07-17 07:37:43.092] [LOG]   [MMM-SecondBrain] [MMM-SecondBrain] Publishing 1 item(s) to display.
Jul 17 13:37:54 server node[1651759]: [2026-07-17 07:37:54.504] [LOG]   [MMM-SecondBrain] [MMM-SecondBrain] Publishing 1 item(s) to display.
Jul 17 13:38:57 server node[1651759]: [2026-07-17 07:38:57.047] [ERROR] [lib] [MMM-SecondBrain] Gmail IMAP account personal.json failed: read ECONNRESET
Jul 17 13:38:57 server node[1651759]: [2026-07-17 07:38:57.048] [LOG]   [MMM-SecondBrain] [MMM-SecondBrain] Publishing 1 item(s) to display.
Jul 17 13:39:43 server node[1651759]: [2026-07-17 07:39:43.616] [LOG]   [MMM-SecondBrain] [MMM-SecondBrain] Publishing 1 item(s) to display.
Jul 17 13:39:54 server node[1651759]: [2026-07-17 07:39:54.868] [LOG]   [MMM-SecondBrain] [MMM-SecondBrain] Publishing 1 item(s) to display.
Jul 17 13:40:43 server node[1651759]: [2026-07-17 07:40:43.181] [LOG]   [MMM-SecondBrain] [MMM-SecondBrain] Publishing 1 item(s) to display.
Jul 17 13:40:55 server node[1651759]: [2026-07-17 07:40:55.476] [LOG]   [MMM-SecondBrain] [MMM-SecondBrain] Publishing 1 item(s) to display.
Jul 17 13:41:55 server node[1651759]: [2026-07-17 07:41:55.595] [LOG]   [MMM-SecondBrain] [MMM-SecondBrain] Publishing 1 item(s) to display.
Jul 17 13:42:44 server node[1651759]: [2026-07-17 07:42:44.308] [LOG]   [MMM-SecondBrain] [MMM-SecondBrain] Publishing 1 item(s) to display.
Jul 17 13:42:55 server node[1651759]: [2026-07-17 07:42:55.177] [LOG]   [MMM-SecondBrain] [MMM-SecondBrain] Publishing 1 item(s) to display.
Jul 17 13:43:43 server node[1651759]: [2026-07-17 07:43:43.336] [LOG]   [MMM-SecondBrain] [MMM-SecondBrain] Publishing 1 item(s) to display.
Jul 17 13:43:54 server node[1651759]: [2026-07-17 07:43:54.133] [LOG]   [MMM-SecondBrain] [MMM-SecondBrain] Publishing 1 item(s) to display.
Jul 17 13:44:56 server node[1651759]: [2026-07-17 07:44:56.715] [ERROR] [lib] [MMM-SecondBrain] Gmail IMAP account personal.json failed: read ECONNRESET
Jul 17 13:44:56 server node[1651759]: [2026-07-17 07:44:56.716] [LOG]   [MMM-SecondBrain] [MMM-SecondBrain] Publishing 1 item(s) to display.
Jul 17 13:45:44 server node[1651759]: [2026-07-17 07:45:44.083] [LOG]   [MMM-SecondBrain] [MMM-SecondBrain] Publishing 1 item(s) to display.
Jul 17 13:46:01 server node[1651759]: [2026-07-17 07:46:01.583] [LOG]   [MMM-SecondBrain] [MMM-SecondBrain] Publishing 1 item(s) to display.
Jul 17 13:46:45 server node[1651759]: [2026-07-17 07:46:45.859] [LOG]   [MMM-SecondBrain] [MMM-SecondBrain] Publishing 1 item(s) to display.
Jul 17 13:46:55 server node[1651759]: [2026-07-17 07:46:55.248] [LOG]   [MMM-SecondBrain] [MMM-SecondBrain] Publishing 1 item(s) to display.
Jul 17 13:47:44 server node[1651759]: [2026-07-17 07:47:44.187] [LOG]   [MMM-SecondBrain] [MMM-SecondBrain] Publishing 1 item(s) to display.
Jul 17 13:47:54 server node[1651759]: [2026-07-17 07:47:54.091] [LOG]   [MMM-SecondBrain] [MMM-SecondBrain] Publishing 1 item(s) to display.
Jul 17 13:48:43 server node[1651759]: [2026-07-17 07:48:43.035] [LOG]   [MMM-SecondBrain] [MMM-SecondBrain] Publishing 1 item(s) to display.
Jul 17 13:48:54 server node[1651759]: [2026-07-17 07:48:54.876] [LOG]   [MMM-SecondBrain] [MMM-SecondBrain] Publishing 2 item(s) to display.
Jul 17 13:50:07 server node[1651759]: [2026-07-17 07:50:07.486] [LOG]   [MMM-SecondBrain] [MMM-SecondBrain] Publishing 2 item(s) to display.
Jul 17 13:50:56 server node[1651759]: [2026-07-17 07:50:56.905] [ERROR] [lib] [MMM-SecondBrain] Gmail IMAP account personal.json failed: read ECONNRESET
Jul 17 13:50:56 server node[1651759]: [2026-07-17 07:50:56.905] [LOG]   [MMM-SecondBrain] [MMM-SecondBrain] Publishing 2 item(s) to display.
Jul 17 13:51:45 server node[1651759]: [2026-07-17 07:51:45.030] [LOG]   [MMM-SecondBrain] [MMM-SecondBrain] Publishing 2 item(s) to display.
Jul 17 13:51:55 server node[1651759]: [2026-07-17 07:51:55.694] [LOG]   [MMM-SecondBrain] [MMM-SecondBrain] Publishing 2 item(s) to display.
Jul 17 13:52:43 server node[1651759]: [2026-07-17 07:52:43.026] [LOG]   [MMM-SecondBrain] [MMM-SecondBrain] Publishing 2 item(s) to display.
Jul 17 13:52:55 server node[1651759]: [2026-07-17 07:52:55.143] [LOG]   [MMM-SecondBrain] [MMM-SecondBrain] Publishing 2 item(s) to display.
Jul 17 13:53:43 server node[1651759]: [2026-07-17 07:53:43.483] [LOG]   [MMM-SecondBrain] [MMM-SecondBrain] Publishing 2 item(s) to display.
Jul 17 13:54:00 server node[1651759]: [2026-07-17 07:54:00.364] [LOG]   [MMM-SecondBrain] [MMM-SecondBrain] Publishing 2 item(s) to display.
Jul 17 13:54:44 server node[1651759]: [2026-07-17 07:54:44.291] [LOG]   [MMM-SecondBrain] [MMM-SecondBrain] Publishing 2 item(s) to display.
Jul 17 13:54:55 server node[1651759]: [2026-07-17 07:54:55.052] [LOG]   [MMM-SecondBrain] [MMM-SecondBrain] Publishing 2 item(s) to display.
Jul 17 13:55:43 server node[1651759]: [2026-07-17 07:55:43.919] [LOG]   [MMM-SecondBrain] [MMM-SecondBrain] Publishing 2 item(s) to display.
Jul 17 13:56:07 server node[1651759]: [2026-07-17 07:56:07.946] [ERROR] [lib] [MMM-SecondBrain] Gmail IMAP account personal.json failed: read ECONNRESET
Jul 17 13:56:07 server node[1651759]: [2026-07-17 07:56:07.946] [LOG]   [MMM-SecondBrain] [MMM-SecondBrain] Publishing 2 item(s) to display.
Jul 17 13:56:44 server node[1651759]: [2026-07-17 07:56:44.367] [LOG]   [MMM-SecondBrain] [MMM-SecondBrain] Publishing 2 item(s) to display.
Jul 17 13:56:55 server node[1651759]: [2026-07-17 07:56:55.075] [LOG]   [MMM-SecondBrain] [MMM-SecondBrain] Publishing 2 item(s) to display.
Jul 17 13:57:44 server node[1651759]: [2026-07-17 07:57:44.178] [LOG]   [MMM-SecondBrain] [MMM-SecondBrain] Publishing 2 item(s) to display.
Jul 17 13:57:54 server node[1651759]: [2026-07-17 07:57:54.822] [LOG]   [MMM-SecondBrain] [MMM-SecondBrain] Publishing 2 item(s) to display.
Jul 17 13:58:43 server node[1651759]: [2026-07-17 07:58:43.064] [LOG]   [MMM-SecondBrain] [MMM-SecondBrain] Publishing 2 item(s) to display.
Jul 17 13:58:55 server node[1651759]: [2026-07-17 07:58:55.263] [LOG]   [MMM-SecondBrain] [MMM-SecondBrain] Publishing 2 item(s) to display.
Jul 17 13:59:57 server node[1651759]: [2026-07-17 07:59:57.681] [LOG]   [MMM-SecondBrain] [MMM-SecondBrain] Publishing 2 item(s) to display.
Jul 17 14:00:43 server node[1651759]: [2026-07-17 08:00:43.097] [LOG]   [MMM-SecondBrain] [MMM-SecondBrain] Publishing 2 item(s) to display.
Jul 17 14:00:55 server node[1651759]: [2026-07-17 08:00:55.978] [LOG]   [MMM-SecondBrain] [MMM-SecondBrain] Publishing 2 item(s) to display.
Jul 17 14:01:43 server node[1651759]: [2026-07-17 08:01:43.179] [LOG]   [MMM-SecondBrain] [MMM-SecondBrain] Publishing 2 item(s) to display.
Jul 17 14:01:55 server node[1651759]: [2026-07-17 08:01:55.526] [LOG]   [MMM-SecondBrain] [MMM-SecondBrain] Publishing 2 item(s) to display.
Jul 17 14:02:54 server node[1651759]: [2026-07-17 08:02:54.874] [LOG]   [MMM-SecondBrain] [MMM-SecondBrain] Publishing 2 item(s) to display.
Jul 17 14:03:45 server node[1651759]: [2026-07-17 08:03:45.179] [LOG]   [MMM-SecondBrain] [MMM-SecondBrain] Publishing 2 item(s) to display.
Jul 17 14:04:11 server node[1651759]: [2026-07-17 08:04:11.201] [LOG]   [MMM-SecondBrain] [MMM-SecondBrain] Publishing 2 item(s) to display.
Jul 17 14:04:44 server node[1651759]: [2026-07-17 08:04:44.911] [LOG]   [MMM-SecondBrain] [MMM-SecondBrain] Publishing 2 item(s) to display.
Jul 17 14:05:07 server node[1651759]: [2026-07-17 08:05:07.986] [LOG]   [MMM-SecondBrain] [MMM-SecondBrain] Publishing 2 item(s) to display.
Jul 17 14:05:44 server node[1651759]: [2026-07-17 08:05:44.724] [LOG]   [MMM-SecondBrain] [MMM-SecondBrain] Publishing 2 item(s) to display.
Jul 17 14:05:56 server node[1651759]: [2026-07-17 08:05:56.327] [LOG]   [MMM-SecondBrain] [MMM-SecondBrain] Publishing 2 item(s) to display.
Jul 17 14:06:42 server node[1651759]: [2026-07-17 08:06:42.848] [LOG]   [MMM-SecondBrain] [MMM-SecondBrain] Publishing 2 item(s) to display.
Jul 17 14:06:54 server node[1651759]: [2026-07-17 08:06:54.240] [LOG]   [MMM-SecondBrain] [MMM-SecondBrain] Publishing 2 item(s) to display.
Jul 17 14:07:48 server node[1651759]: [2026-07-17 08:07:48.242] [LOG]   [MMM-SecondBrain] [MMM-SecondBrain] Publishing 2 item(s) to display.
Jul 17 14:07:54 server node[1651759]: [2026-07-17 08:07:54.429] [LOG]   [MMM-SecondBrain] [MMM-SecondBrain] Publishing 2 item(s) to display.
Jul 17 14:08:43 server node[1651759]: [2026-07-17 08:08:43.474] [LOG]   [MMM-SecondBrain] [MMM-SecondBrain] Publishing 2 item(s) to display.
Jul 17 14:08:59 server node[1651759]: [2026-07-17 08:08:59.190] [LOG]   [MMM-SecondBrain] [MMM-SecondBrain] Publishing 2 item(s) to display.
Jul 17 14:09:57 server node[1651759]: [2026-07-17 08:09:57.567] [LOG]   [MMM-SecondBrain] [MMM-SecondBrain] Publishing 2 item(s) to display.
Jul 17 14:10:44 server node[1651759]: [2026-07-17 08:10:44.206] [LOG]   [MMM-SecondBrain] [MMM-SecondBrain] Publishing 2 item(s) to display.
Jul 17 14:10:53 server node[1651759]: [2026-07-17 08:10:53.875] [LOG]   [MMM-SecondBrain] [MMM-SecondBrain] Publishing 2 item(s) to display.
Jul 17 14:11:44 server node[1651759]: [2026-07-17 08:11:44.267] [LOG]   [MMM-SecondBrain] [MMM-SecondBrain] Publishing 2 item(s) to display.
Jul 17 14:12:23 server node[1651759]: [2026-07-17 08:12:23.177] [LOG]   [MMM-SecondBrain] [MMM-SecondBrain] Publishing 2 item(s) to display.
Jul 17 14:12:43 server node[1651759]: [2026-07-17 08:12:43.773] [LOG]   [MMM-SecondBrain] [MMM-SecondBrain] Publishing 2 item(s) to display.
Jul 17 14:12:54 server node[1651759]: [2026-07-17 08:12:54.213] [LOG]   [MMM-SecondBrain] [MMM-SecondBrain] Publishing 2 item(s) to display.
Jul 17 14:13:43 server node[1651759]: [2026-07-17 08:13:43.093] [LOG]   [MMM-SecondBrain] [MMM-SecondBrain] Publishing 2 item(s) to display.
Jul 17 14:14:09 server node[1651759]: [2026-07-17 08:14:09.426] [LOG]   [MMM-SecondBrain] [MMM-SecondBrain] Publishing 2 item(s) to display.
Jul 17 14:14:43 server node[1651759]: [2026-07-17 08:14:43.290] [LOG]   [MMM-SecondBrain] [MMM-SecondBrain] Publishing 2 item(s) to display.
Jul 17 14:14:54 server node[1651759]: [2026-07-17 08:14:54.363] [LOG]   [MMM-SecondBrain] [MMM-SecondBrain] Publishing 2 item(s) to display.
Jul 17 14:15:43 server node[1651759]: [2026-07-17 08:15:43.678] [LOG]   [MMM-SecondBrain] [MMM-SecondBrain] Publishing 2 item(s) to display.
Jul 17 14:15:53 server node[1651759]: [2026-07-17 08:15:53.941] [LOG]   [MMM-SecondBrain] [MMM-SecondBrain] Publishing 2 item(s) to display.
Jul 17 14:16:59 server node[1651759]: [2026-07-17 08:16:59.893] [LOG]   [MMM-SecondBrain] [MMM-SecondBrain] Publishing 2 item(s) to display.
Jul 17 14:17:43 server node[1651759]: [2026-07-17 08:17:43.005] [LOG]   [MMM-SecondBrain] [MMM-SecondBrain] Publishing 2 item(s) to display.
Jul 17 14:17:54 server node[1651759]: [2026-07-17 08:17:54.904] [LOG]   [MMM-SecondBrain] [MMM-SecondBrain] Publishing 2 item(s) to display.
Jul 17 14:18:43 server node[1651759]: [2026-07-17 08:18:43.013] [LOG]   [MMM-SecondBrain] [MMM-SecondBrain] Publishing 2 item(s) to display.
Jul 17 14:18:54 server node[1651759]: [2026-07-17 08:18:54.495] [LOG]   [MMM-SecondBrain] [MMM-SecondBrain] Publishing 2 item(s) to display.
Jul 17 14:19:43 server node[1651759]: [2026-07-17 08:19:43.894] [LOG]   [MMM-SecondBrain] [MMM-SecondBrain] Publishing 2 item(s) to display.
Jul 17 14:20:11 server node[1651759]: [2026-07-17 08:20:11.345] [LOG]   [MMM-SecondBrain] [MMM-SecondBrain] Publishing 2 item(s) to display.
Jul 17 14:20:43 server node[1651759]: [2026-07-17 08:20:43.368] [LOG]   [MMM-SecondBrain] [MMM-SecondBrain] Publishing 2 item(s) to display.
Jul 17 14:20:54 server node[1651759]: [2026-07-17 08:20:54.917] [LOG]   [MMM-SecondBrain] [MMM-SecondBrain] Publishing 2 item(s) to display.
Jul 17 14:21:44 server node[1651759]: [2026-07-17 08:21:44.490] [LOG]   [MMM-SecondBrain] [MMM-SecondBrain] Publishing 2 item(s) to display.
Jul 17 14:21:54 server node[1651759]: [2026-07-17 08:21:54.353] [LOG]   [MMM-SecondBrain] [MMM-SecondBrain] Publishing 2 item(s) to display.
Jul 17 14:23:34 server node[1651759]: [2026-07-17 08:23:34.438] [LOG]   [MMM-SecondBrain] [MMM-SecondBrain] Publishing 2 item(s) to display.
Jul 17 14:23:47 server node[1651759]: [2026-07-17 08:23:47.555] [LOG]   [MMM-SecondBrain] [MMM-SecondBrain] Publishing 2 item(s) to display.
Jul 17 14:23:53 server node[1651759]: [2026-07-17 08:23:53.967] [LOG]   [MMM-SecondBrain] [MMM-SecondBrain] Publishing 2 item(s) to display.
Jul 17 14:24:44 server node[1651759]: [2026-07-17 08:24:44.305] [LOG]   [MMM-SecondBrain] [MMM-SecondBrain] Publishing 2 item(s) to display.
Jul 17 14:24:54 server node[1651759]: [2026-07-17 08:24:54.232] [LOG]   [MMM-SecondBrain] [MMM-SecondBrain] Publishing 2 item(s) to display.
Jul 17 14:25:46 server node[1651759]: [2026-07-17 08:25:46.629] [LOG]   [MMM-SecondBrain] [MMM-SecondBrain] Publishing 2 item(s) to display.
Jul 17 14:25:54 server node[1651759]: [2026-07-17 08:25:54.253] [LOG]   [MMM-SecondBrain] [MMM-SecondBrain] Publishing 2 item(s) to display.
Jul 17 14:26:43 server node[1651759]: [2026-07-17 08:26:43.130] [LOG]   [MMM-SecondBrain] [MMM-SecondBrain] Publishing 2 item(s) to display.
Jul 17 14:26:57 server node[1651759]: [2026-07-17 08:26:57.409] [LOG]   [MMM-SecondBrain] [MMM-SecondBrain] Publishing 2 item(s) to display.
Jul 17 14:27:44 server node[1651759]: [2026-07-17 08:27:44.224] [LOG]   [MMM-SecondBrain] [MMM-SecondBrain] Publishing 2 item(s) to display.
Jul 17 14:27:54 server node[1651759]: [2026-07-17 08:27:54.087] [LOG]   [MMM-SecondBrain] [MMM-SecondBrain] Publishing 2 item(s) to display.
Jul 17 14:28:42 server node[1651759]: [2026-07-17 08:28:42.890] [LOG]   [MMM-SecondBrain] [MMM-SecondBrain] Publishing 2 item(s) to display.
Jul 17 14:28:54 server node[1651759]: [2026-07-17 08:28:54.332] [LOG]   [MMM-SecondBrain] [MMM-SecondBrain] Publishing 2 item(s) to display.
Jul 17 14:29:42 server node[1651759]: [2026-07-17 08:29:42.982] [LOG]   [MMM-SecondBrain] [MMM-SecondBrain] Publishing 2 item(s) to display.
Jul 17 14:30:01 server node[1651759]: [2026-07-17 08:30:01.029] [LOG]   [MMM-SecondBrain] [MMM-SecondBrain] Publishing 2 item(s) to display.
Jul 17 14:30:43 server node[1651759]: [2026-07-17 08:30:43.138] [LOG]   [MMM-SecondBrain] [MMM-SecondBrain] Publishing 2 item(s) to display.
Jul 17 14:31:08 server node[1651759]: [2026-07-17 08:31:08.397] [LOG]   [MMM-SecondBrain] [MMM-SecondBrain] Publishing 2 item(s) to display.
Jul 17 14:31:45 server node[1651759]: [2026-07-17 08:31:45.084] [LOG]   [MMM-SecondBrain] [MMM-SecondBrain] Publishing 2 item(s) to display.
Jul 17 14:31:54 server node[1651759]: [2026-07-17 08:31:54.909] [LOG]   [MMM-SecondBrain] [MMM-SecondBrain] Publishing 2 item(s) to display.
Jul 17 14:32:44 server node[1651759]: [2026-07-17 08:32:44.264] [LOG]   [MMM-SecondBrain] [MMM-SecondBrain] Publishing 2 item(s) to display.
Jul 17 14:32:55 server node[1651759]: [2026-07-17 08:32:55.048] [LOG]   [MMM-SecondBrain] [MMM-SecondBrain] Publishing 2 item(s) to display.
Jul 17 14:33:44 server node[1651759]: [2026-07-17 08:33:44.028] [LOG]   [MMM-SecondBrain] [MMM-SecondBrain] Publishing 2 item(s) to display.
Jul 17 14:34:08 server node[1651759]: [2026-07-17 08:34:08.878] [LOG]   [MMM-SecondBrain] [MMM-SecondBrain] Publishing 2 item(s) to display.
Jul 17 14:34:43 server node[1651759]: [2026-07-17 08:34:43.745] [LOG]   [MMM-SecondBrain] [MMM-SecondBrain] Publishing 2 item(s) to display.
Jul 17 14:34:54 server node[1651759]: [2026-07-17 08:34:54.090] [LOG]   [MMM-SecondBrain] [MMM-SecondBrain] Publishing 2 item(s) to display.
Jul 17 14:35:43 server node[1651759]: [2026-07-17 08:35:43.253] [LOG]   [MMM-SecondBrain] [MMM-SecondBrain] Publishing 2 item(s) to display.
Jul 17 14:36:05 server node[1651759]: [2026-07-17 08:36:05.740] [LOG]   [MMM-SecondBrain] [MMM-SecondBrain] Publishing 2 item(s) to display.
Jul 17 14:36:43 server node[1651759]: [2026-07-17 08:36:43.292] [LOG]   [MMM-SecondBrain] [MMM-SecondBrain] Publishing 2 item(s) to display.
Jul 17 14:36:50 server systemd[1]: Stopping magicmirror.service - MagicMirror wall dashboard...
Jul 17 14:36:50 server systemd[1]: magicmirror.service: Deactivated successfully.
Jul 17 14:36:50 server systemd[1]: Stopped magicmirror.service - MagicMirror wall dashboard.
Jul 17 14:36:50 server systemd[1]: magicmirror.service: Consumed 2min 48.974s CPU time, 147.6M memory peak, 0B memory swap peak.
Jul 17 14:36:50 server systemd[1]: Started magicmirror.service - MagicMirror wall dashboard.
Jul 17 14:36:50 server systemd[1]: Stopping lightdm.service - Light Display Manager...
Jul 17 14:36:51 server lightdm[1651921]: pam_unix(lightdm-autologin:session): session closed for user calendar-display
Jul 17 14:36:51 server systemd[1232893]: snap.chromium.chromium-d20659b0-261c-420f-8a10-145b649747d6.scope: Consumed 11min 2.687s CPU time.
Jul 17 14:36:51 server systemd[1]: lightdm.service: Deactivated successfully.
Jul 17 14:36:51 server systemd[1]: Stopped lightdm.service - Light Display Manager.
Jul 17 14:36:51 server systemd[1]: lightdm.service: Consumed 1h 24min 21.190s CPU time, 285.0M memory peak, 0B memory swap peak.
Jul 17 14:36:52 server systemd[1]: Starting lightdm.service - Light Display Manager...
Jul 17 14:36:53 server systemd[1]: Started lightdm.service - Light Display Manager.
Jul 17 14:36:55 server node[2358710]: [2026-07-17 08:36:55.535] [LOG]   [app] Starting MagicMirror: v2.37.0
Jul 17 14:36:55 server node[2358710]: [2026-07-17 08:36:55.563] [INFO]  [utils] Checking config file /opt/MagicMirror/config/config.js ...
Jul 17 14:36:56 server node[2358710]: [2026-07-17 08:36:56.231] [LOG]   [app] No helper found for module: clock.
Jul 17 14:36:58 server lightdm[2358915]: pam_unix(lightdm-autologin:session): session opened for user calendar-display(uid=1001) by (uid=0)
Jul 17 14:37:01 server node[2358710]: [2026-07-17 08:37:01.168] [LOG]   [node_helper] Module helper loaded: MMM-SecondBrain
Jul 17 14:37:01 server node[2358710]: [2026-07-17 08:37:01.251] [LOG]   [node_helper] Connecting socket for: MMM-SecondBrain
Jul 17 14:37:03 server systemd[1232893]: Started snap.chromium.chromium-98a29138-e05a-484d-9176-4a3e2178746d.scope.
Jul 17 14:37:06 server kernel: audit: type=1326 audit<REDACTED_PHONE>.022:1269): auid=<REDACTED_PHONE> uid=1001 gid=1003 ses=<REDACTED_PHONE> subj=snap.chromium.chromium pid=2359301 comm="chrome" exe="/snap/chromium/3491/usr/lib/chromium-browser/chrome" sig=0 arch=c000003e syscall=330 compat=0 ip=0x73a4f965532b code=0x50000
Jul 17 14:37:06 server kernel: audit: type=1326 audit<REDACTED_PHONE>.022:1270): auid=<REDACTED_PHONE> uid=1001 gid=1003 ses=<REDACTED_PHONE> subj=snap.chromium.chromium pid=2359300 comm="chrome" exe="/snap/chromium/3491/usr/lib/chromium-browser/chrome" sig=0 arch=c000003e syscall=330 compat=0 ip=0x73cd7b94332b code=0x50000
Jul 17 14:37:06 server dbus-daemon[1487191]: apparmor="DENIED" operation="dbus_method_call"  bus="accessibility" path="/org/a11y/atspi/accessible/root" interface="org.a11y.atspi.Socket" member="Embed" mask="send" name="org.a11y.atspi.Registry" pid=2359147 label="snap.chromium.chromium"
Jul 17 14:37:06 server dbus-daemon[1487191]: apparmor="DENIED" operation="dbus_method_call"  bus="accessibility" path="/org/a11y/atspi/registry" interface="org.a11y.atspi.Registry" member="GetRegisteredEvents" mask="send" name="org.a11y.atspi.Registry" pid=2359147 label="snap.chromium.chromium"
Jul 17 14:37:06 server dbus-daemon[1487191]: apparmor="DENIED" operation="dbus_method_call"  bus="accessibility" path="/org/a11y/atspi/registry/deviceeventcontroller" interface="org.a11y.atspi.DeviceEventController" member="GetKeystrokeListeners" mask="send" name="org.a11y.atspi.Registry" pid=2359147 label="snap.chromium.chromium"
Jul 17 14:37:06 server dbus-daemon[1233126]: apparmor="DENIED" operation="dbus_method_call"  bus="session" path="/org/freedesktop/DBus" interface="org.freedesktop.DBus" member="ListActivatableNames" mask="send" name="org.freedesktop.DBus" pid=2359147 label="snap.chromium.chromium" peer_label="unconfined"
Jul 17 14:37:06 server dbus-daemon[1233126]: apparmor="DENIED" operation="dbus_method_call"  bus="session" path="/org/freedesktop/DBus" interface="org.freedesktop.DBus" member="ListActivatableNames" mask="send" name="org.freedesktop.DBus" pid=2359147 label="snap.chromium.chromium" peer_label="unconfined"
Jul 17 14:37:07 server kernel: audit: type=1400 audit<REDACTED_PHONE>.075:1271): apparmor="DENIED" operation="open" class="file" profile="snap.chromium.chromium" name="/etc/vulkan/implicit_layer.d/" pid=2359336 comm="chrome" requested_mask="r" denied_mask="r" fsuid=1001 ouid=0
Jul 17 14:37:07 server kernel: audit: type=1400 audit<REDACTED_PHONE>.075:1272): apparmor="DENIED" operation="open" class="file" profile="snap.chromium.chromium" name="/etc/vulkan/implicit_layer.d/" pid=2359336 comm="chrome" requested_mask="r" denied_mask="r" fsuid=1001 ouid=0
Jul 17 14:37:07 server kernel: audit: type=1400 audit<REDACTED_PHONE>.075:1273): apparmor="DENIED" operation="open" class="file" profile="snap.chromium.chromium" name="/etc/vulkan/icd.d/" pid=2359336 comm="chrome" requested_mask="r" denied_mask="r" fsuid=1001 ouid=0
Jul 17 14:37:07 server node[2358710]: [2026-07-17 08:37:07.985] [LOG]   [weather] Loading provider from: /opt/MagicMirror/defaultmodules/weather/providers/openmeteo.js
Jul 17 14:37:08 server node[2358710]: [2026-07-17 08:37:08.003] [LOG]   [weather] Loading provider from: /opt/MagicMirror/defaultmodules/weather/providers/openmeteo.js
Jul 17 14:37:08 server kernel: audit: type=1400 audit<REDACTED_PHONE>.331:1274): apparmor="DENIED" operation="open" class="file" profile="snap.chromium.chromium" name="/etc/vulkan/icd.d/" pid=2359336 comm="chrome" requested_mask="r" denied_mask="r" fsuid=1001 ouid=0
Jul 17 14:37:08 server kernel: audit: type=1400 audit<REDACTED_PHONE>.590:1275): apparmor="DENIED" operation="open" class="file" profile="snap.chromium.chromium" name="/etc/vulkan/implicit_layer.d/" pid=2359336 comm="chrome" requested_mask="r" denied_mask="r" fsuid=1001 ouid=0
Jul 17 14:37:08 server kernel: audit: type=1400 audit<REDACTED_PHONE>.591:1276): apparmor="DENIED" operation="open" class="file" profile="snap.chromium.chromium" name="/etc/vulkan/implicit_layer.d/" pid=2359336 comm="chrome" requested_mask="r" denied_mask="r" fsuid=1001 ouid=0
Jul 17 14:37:08 server kernel: audit: type=1400 audit<REDACTED_PHONE>.591:1277): apparmor="DENIED" operation="open" class="file" profile="snap.chromium.chromium" name="/etc/vulkan/icd.d/" pid=2359336 comm="chrome" requested_mask="r" denied_mask="r" fsuid=1001 ouid=0
Jul 17 14:37:08 server kernel: audit: type=1400 audit<REDACTED_PHONE>.594:1278): apparmor="DENIED" operation="open" class="file" profile="snap.chromium.chromium" name="/etc/vulkan/implicit_layer.d/" pid=2359336 comm="chrome" requested_mask="r" denied_mask="r" fsuid=1001 ouid=0
Jul 17 14:37:14 server node[2358710]: [2026-07-17 08:37:14.643] [LOG]   [MMM-SecondBrain] [MMM-SecondBrain] Publishing 2 item(s) to display.
Jul 17 14:38:49 server node[2358710]: [2026-07-17 08:38:49.995] [INFO]  [lib] [MMM-SecondBrain] Loaded 49 Nextcloud phone entries.
Jul 17 14:38:50 server node[2358710]: [2026-07-17 08:38:50.301] [LOG]   [MMM-SecondBrain] [MMM-SecondBrain] Publishing 3 item(s) to display.
Jul 17 14:39:27 server node[2358710]: [2026-07-17 08:39:27.626] [ERROR] [lib] [MMM-SecondBrain] Gmail IMAP account personal.json failed: read ECONNRESET
Jul 17 14:39:27 server node[2358710]: [2026-07-17 08:39:27.626] [LOG]   [MMM-SecondBrain] [MMM-SecondBrain] Publishing 2 item(s) to display.
Jul 17 14:40:14 server node[2358710]: [2026-07-17 08:40:14.866] [LOG]   [MMM-SecondBrain] [MMM-SecondBrain] Publishing 3 item(s) to display.
Jul 17 14:41:27 server node[2358710]: [2026-07-17 08:41:27.944] [ERROR] [lib] [MMM-SecondBrain] Gmail IMAP account personal.json failed: read ECONNRESET
Jul 17 14:41:27 server node[2358710]: [2026-07-17 08:41:27.944] [LOG]   [MMM-SecondBrain] [MMM-SecondBrain] Publishing 2 item(s) to display.
Jul 17 14:42:14 server node[2358710]: [2026-07-17 08:42:14.301] [LOG]   [MMM-SecondBrain] [MMM-SecondBrain] Publishing 3 item(s) to display.
Jul 17 14:43:14 server node[2358710]: [2026-07-17 08:43:14.184] [LOG]   [MMM-SecondBrain] [MMM-SecondBrain] Publishing 3 item(s) to display.
Jul 17 14:44:14 server node[2358710]: [2026-07-17 08:44:14.405] [LOG]   [MMM-SecondBrain] [MMM-SecondBrain] Publishing 3 item(s) to display.
Jul 17 14:45:14 server node[2358710]: [2026-07-17 08:45:14.173] [LOG]   [MMM-SecondBrain] [MMM-SecondBrain] Publishing 3 item(s) to display.
Jul 17 14:46:14 server node[2358710]: [2026-07-17 08:46:14.531] [LOG]   [MMM-SecondBrain] [MMM-SecondBrain] Publishing 3 item(s) to display.
Jul 17 14:47:14 server node[2358710]: [2026-07-17 08:47:14.308] [LOG]   [MMM-SecondBrain] [MMM-SecondBrain] Publishing 3 item(s) to display.
Jul 17 14:48:14 server node[2358710]: [2026-07-17 08:48:14.052] [LOG]   [MMM-SecondBrain] [MMM-SecondBrain] Publishing 3 item(s) to display.
Jul 17 14:49:26 server node[2358710]: [2026-07-17 08:49:26.056] [LOG]   [MMM-SecondBrain] [MMM-SecondBrain] Publishing 3 item(s) to display.
Jul 17 14:50:14 server node[2358710]: [2026-07-17 08:50:14.556] [LOG]   [MMM-SecondBrain] [MMM-SecondBrain] Publishing 3 item(s) to display.
Jul 17 14:51:27 server node[2358710]: [2026-07-17 08:51:27.665] [LOG]   [MMM-SecondBrain] [MMM-SecondBrain] Publishing 3 item(s) to display.
Jul 17 14:52:14 server node[2358710]: [2026-07-17 08:52:14.090] [LOG]   [MMM-SecondBrain] [MMM-SecondBrain] Publishing 3 item(s) to display.
Jul 17 14:53:13 server node[2358710]: [2026-07-17 08:53:13.581] [LOG]   [MMM-SecondBrain] [MMM-SecondBrain] Publishing 3 item(s) to display.
Jul 17 14:54:26 server node[2358710]: [2026-07-17 08:54:26.686] [INFO]  [lib] [MMM-SecondBrain] Loaded 49 Nextcloud phone entries.
Jul 17 14:54:26 server node[2358710]: [2026-07-17 08:54:26.991] [LOG]   [MMM-SecondBrain] [MMM-SecondBrain] Publishing 3 item(s) to display.
Jul 17 14:55:13 server node[2358710]: [2026-07-17 08:55:13.592] [LOG]   [MMM-SecondBrain] [MMM-SecondBrain] Publishing 3 item(s) to display.
Jul 17 14:56:15 server node[2358710]: [2026-07-17 08:56:15.536] [LOG]   [MMM-SecondBrain] [MMM-SecondBrain] Publishing 3 item(s) to display.
Jul 17 14:58:08 server node[2358710]: [2026-07-17 08:58:08.948] [LOG]   [MMM-SecondBrain] [MMM-SecondBrain] Publishing 3 item(s) to display.
Jul 17 14:59:27 server node[2358710]: [2026-07-17 08:59:27.753] [ERROR] [lib] [MMM-SecondBrain] Gmail IMAP account personal.json failed: read ECONNRESET
Jul 17 14:59:27 server node[2358710]: [2026-07-17 08:59:27.754] [LOG]   [MMM-SecondBrain] [MMM-SecondBrain] Publishing 2 item(s) to display.
Jul 17 15:00:13 server node[2358710]: [2026-07-17 09:00:13.930] [LOG]   [MMM-SecondBrain] [MMM-SecondBrain] Publishing 3 item(s) to display.
Jul 17 15:01:15 server node[2358710]: [2026-07-17 09:01:15.215] [LOG]   [MMM-SecondBrain] [MMM-SecondBrain] Publishing 3 item(s) to display.
Jul 17 15:02:14 server node[2358710]: [2026-07-17 09:02:14.534] [LOG]   [MMM-SecondBrain] [MMM-SecondBrain] Publishing 3 item(s) to display.
Jul 17 15:03:17 server node[2358710]: [2026-07-17 09:03:17.702] [LOG]   [MMM-SecondBrain] [MMM-SecondBrain] Publishing 3 item(s) to display.
Jul 17 15:04:28 server node[2358710]: [2026-07-17 09:04:28.914] [LOG]   [MMM-SecondBrain] [MMM-SecondBrain] Publishing 3 item(s) to display.
Jul 17 15:05:39 server node[2358710]: [2026-07-17 09:05:39.043] [LOG]   [MMM-SecondBrain] [MMM-SecondBrain] Publishing 3 item(s) to display.
Jul 17 15:06:14 server node[2358710]: [2026-07-17 09:06:14.383] [LOG]   [MMM-SecondBrain] [MMM-SecondBrain] Publishing 3 item(s) to display.
Jul 17 15:07:15 server node[2358710]: [2026-07-17 09:07:15.376] [LOG]   [MMM-SecondBrain] [MMM-SecondBrain] Publishing 3 item(s) to display.
Jul 17 15:08:14 server node[2358710]: [2026-07-17 09:08:14.041] [LOG]   [MMM-SecondBrain] [MMM-SecondBrain] Publishing 3 item(s) to display.
Jul 17 15:09:38 server node[2358710]: [2026-07-17 09:09:38.169] [INFO]  [lib] [MMM-SecondBrain] Loaded 49 Nextcloud phone entries.
Jul 17 15:09:38 server node[2358710]: [2026-07-17 09:09:38.692] [LOG]   [MMM-SecondBrain] [MMM-SecondBrain] Publishing 3 item(s) to display.
Jul 17 15:10:13 server node[2358710]: [2026-07-17 09:10:13.589] [LOG]   [MMM-SecondBrain] [MMM-SecondBrain] Publishing 3 item(s) to display.
Jul 17 15:11:23 server node[2358710]: [2026-07-17 09:11:23.439] [LOG]   [MMM-SecondBrain] [MMM-SecondBrain] Publishing 3 item(s) to display.
Jul 17 15:12:14 server node[2358710]: [2026-07-17 09:12:14.099] [LOG]   [MMM-SecondBrain] [MMM-SecondBrain] Publishing 3 item(s) to display.
Jul 17 15:13:27 server node[2358710]: [2026-07-17 09:13:27.175] [LOG]   [MMM-SecondBrain] [MMM-SecondBrain] Publishing 3 item(s) to display.
Jul 17 15:14:14 server node[2358710]: [2026-07-17 09:14:14.908] [LOG]   [MMM-SecondBrain] [MMM-SecondBrain] Publishing 3 item(s) to display.
Jul 17 15:15:14 server node[2358710]: [2026-07-17 09:15:14.455] [LOG]   [MMM-SecondBrain] [MMM-SecondBrain] Publishing 3 item(s) to display.
Jul 17 15:16:14 server node[2358710]: [2026-07-17 09:16:14.066] [LOG]   [MMM-SecondBrain] [MMM-SecondBrain] Publishing 3 item(s) to display.
Jul 17 15:17:23 server node[2358710]: [2026-07-17 09:17:23.507] [ERROR] [lib] [MMM-SecondBrain] Gmail IMAP account personal.json failed: Unexpected close
Jul 17 15:17:23 server node[2358710]: [2026-07-17 09:17:23.507] [LOG]   [MMM-SecondBrain] [MMM-SecondBrain] Publishing 2 item(s) to display.
Jul 17 15:18:14 server node[2358710]: [2026-07-17 09:18:14.090] [LOG]   [MMM-SecondBrain] [MMM-SecondBrain] Publishing 3 item(s) to display.
Jul 17 15:19:13 server node[2358710]: [2026-07-17 09:19:13.606] [LOG]   [MMM-SecondBrain] [MMM-SecondBrain] Publishing 3 item(s) to display.
Jul 17 15:20:14 server node[2358710]: [2026-07-17 09:20:14.331] [LOG]   [MMM-SecondBrain] [MMM-SecondBrain] Publishing 3 item(s) to display.
Jul 17 15:21:25 server node[2358710]: [2026-07-17 09:21:25.903] [LOG]   [MMM-SecondBrain] [MMM-SecondBrain] Publishing 3 item(s) to display.
Jul 17 15:22:31 server node[2358710]: [2026-07-17 09:22:31.744] [LOG]   [MMM-SecondBrain] [MMM-SecondBrain] Publishing 3 item(s) to display.
Jul 17 15:23:13 server node[2358710]: [2026-07-17 09:23:13.478] [LOG]   [MMM-SecondBrain] [MMM-SecondBrain] Publishing 3 item(s) to display.
Jul 17 15:24:14 server node[2358710]: [2026-07-17 09:24:14.274] [LOG]   [MMM-SecondBrain] [MMM-SecondBrain] Publishing 3 item(s) to display.
Jul 17 15:25:19 server node[2358710]: [2026-07-17 09:25:19.951] [INFO]  [lib] [MMM-SecondBrain] Loaded 49 Nextcloud phone entries.
Jul 17 15:25:34 server node[2358710]: [2026-07-17 09:25:34.409] [LOG]   [MMM-SecondBrain] [MMM-SecondBrain] Publishing 3 item(s) to display.
Jul 17 15:26:16 server node[2358710]: [2026-07-17 09:26:16.319] [LOG]   [MMM-SecondBrain] [MMM-SecondBrain] Publishing 3 item(s) to display.
Jul 17 15:27:13 server node[2358710]: [2026-07-17 09:27:13.770] [LOG]   [MMM-SecondBrain] [MMM-SecondBrain] Publishing 3 item(s) to display.
Jul 17 15:28:30 server node[2358710]: [2026-07-17 09:28:30.056] [LOG]   [MMM-SecondBrain] [MMM-SecondBrain] Publishing 3 item(s) to display.
Jul 17 15:29:13 server node[2358710]: [2026-07-17 09:29:13.721] [LOG]   [MMM-SecondBrain] [MMM-SecondBrain] Publishing 3 item(s) to display.
Jul 17 15:30:14 server node[2358710]: [2026-07-17 09:30:14.860] [LOG]   [MMM-SecondBrain] [MMM-SecondBrain] Publishing 3 item(s) to display.
Jul 17 15:31:14 server node[2358710]: [2026-07-17 09:31:14.193] [LOG]   [MMM-SecondBrain] [MMM-SecondBrain] Publishing 3 item(s) to display.
Jul 17 15:32:13 server node[2358710]: [2026-07-17 09:32:13.718] [LOG]   [MMM-SecondBrain] [MMM-SecondBrain] Publishing 3 item(s) to display.
Jul 17 15:33:28 server node[2358710]: [2026-07-17 09:33:28.323] [LOG]   [MMM-SecondBrain] [MMM-SecondBrain] Publishing 3 item(s) to display.
Jul 17 15:34:13 server node[2358710]: [2026-07-17 09:34:13.501] [LOG]   [MMM-SecondBrain] [MMM-SecondBrain] Publishing 3 item(s) to display.
Jul 17 15:35:14 server node[2358710]: [2026-07-17 09:35:14.662] [LOG]   [MMM-SecondBrain] [MMM-SecondBrain] Publishing 3 item(s) to display.
Jul 17 15:36:14 server node[2358710]: [2026-07-17 09:36:14.939] [LOG]   [MMM-SecondBrain] [MMM-SecondBrain] Publishing 4 item(s) to display.
Jul 17 15:37:18 server node[2358710]: [2026-07-17 09:37:18.030] [LOG]   [MMM-SecondBrain] [MMM-SecondBrain] Publishing 4 item(s) to display.
Jul 17 15:38:21 server node[2358710]: [2026-07-17 09:38:21.847] [LOG]   [MMM-SecondBrain] [MMM-SecondBrain] Publishing 4 item(s) to display.
Jul 17 15:39:27 server node[2358710]: [2026-07-17 09:39:27.748] [ERROR] [lib] [MMM-SecondBrain] Gmail IMAP account personal.json failed: read ECONNRESET
Jul 17 15:39:27 server node[2358710]: [2026-07-17 09:39:27.749] [LOG]   [MMM-SecondBrain] [MMM-SecondBrain] Publishing 2 item(s) to display.
Jul 17 15:40:33 server node[2358710]: [2026-07-17 09:40:33.076] [ERROR] [lib] [MMM-SecondBrain] Nextcloud contacts failed: CardDAV REPORT returned HTTP 500
Jul 17 15:40:33 server node[2358710]: [2026-07-17 09:40:33.416] [LOG]   [MMM-SecondBrain] [MMM-SecondBrain] Publishing 4 item(s) to display.
Jul 17 15:41:22 server node[2358710]: [2026-07-17 09:41:22.779] [INFO]  [lib] [MMM-SecondBrain] Loaded 49 Nextcloud phone entries.
Jul 17 15:41:58 server node[2358710]: [2026-07-17 09:41:58.412] [LOG]   [MMM-SecondBrain] [MMM-SecondBrain] Publishing 4 item(s) to display.
Jul 17 15:42:16 server node[2358710]: [2026-07-17 09:42:16.086] [LOG]   [MMM-SecondBrain] [MMM-SecondBrain] Publishing 4 item(s) to display.
Jul 17 15:43:19 server node[2358710]: [2026-07-17 09:43:19.445] [LOG]   [MMM-SecondBrain] [MMM-SecondBrain] Publishing 4 item(s) to display.
Jul 17 15:44:14 server node[2358710]: [2026-07-17 09:44:14.650] [LOG]   [MMM-SecondBrain] [MMM-SecondBrain] Publishing 4 item(s) to display.
Jul 17 15:45:14 server node[2358710]: [2026-07-17 09:45:14.767] [LOG]   [MMM-SecondBrain] [MMM-SecondBrain] Publishing 4 item(s) to display.
Jul 17 15:46:15 server node[2358710]: [2026-07-17 09:46:15.229] [LOG]   [MMM-SecondBrain] [MMM-SecondBrain] Publishing 4 item(s) to display.
Jul 17 15:47:26 server node[2358710]: [2026-07-17 09:47:26.491] [LOG]   [MMM-SecondBrain] [MMM-SecondBrain] Publishing 4 item(s) to display.
Jul 17 15:48:14 server node[2358710]: [2026-07-17 09:48:14.897] [LOG]   [MMM-SecondBrain] [MMM-SecondBrain] Publishing 4 item(s) to display.
Jul 17 15:49:14 server node[2358710]: [2026-07-17 09:49:14.743] [LOG]   [MMM-SecondBrain] [MMM-SecondBrain] Publishing 4 item(s) to display.
Jul 17 15:50:14 server node[2358710]: [2026-07-17 09:50:14.644] [LOG]   [MMM-SecondBrain] [MMM-SecondBrain] Publishing 4 item(s) to display.
Jul 17 15:51:17 server node[2358710]: [2026-07-17 09:51:17.608] [LOG]   [MMM-SecondBrain] [MMM-SecondBrain] Publishing 4 item(s) to display.
Jul 17 15:52:15 server node[2358710]: [2026-07-17 09:52:15.073] [LOG]   [MMM-SecondBrain] [MMM-SecondBrain] Publishing 4 item(s) to display.
Jul 17 15:53:15 server node[2358710]: [2026-07-17 09:53:15.314] [LOG]   [MMM-SecondBrain] [MMM-SecondBrain] Publishing 4 item(s) to display.
Jul 17 15:54:15 server node[2358710]: [2026-07-17 09:54:15.379] [LOG]   [MMM-SecondBrain] [MMM-SecondBrain] Publishing 4 item(s) to display.
Jul 17 15:55:16 server node[2358710]: [2026-07-17 09:55:16.352] [LOG]   [MMM-SecondBrain] [MMM-SecondBrain] Publishing 4 item(s) to display.
Jul 17 15:56:15 server node[2358710]: [2026-07-17 09:56:15.359] [LOG]   [MMM-SecondBrain] [MMM-SecondBrain] Publishing 4 item(s) to display.
Jul 17 15:57:17 server node[2358710]: [2026-07-17 09:57:17.657] [ERROR] [lib] [MMM-SecondBrain] Nextcloud contacts failed: CardDAV REPORT returned HTTP 500
Jul 17 15:57:17 server node[2358710]: [2026-07-17 09:57:17.950] [LOG]   [MMM-SecondBrain] [MMM-SecondBrain] Publishing 4 item(s) to display.
Jul 17 15:58:19 server node[2358710]: [2026-07-17 09:58:19.877] [INFO]  [lib] [MMM-SecondBrain] Loaded 49 Nextcloud phone entries.
Jul 17 15:58:20 server node[2358710]: [2026-07-17 09:58:20.174] [LOG]   [MMM-SecondBrain] [MMM-SecondBrain] Publishing 4 item(s) to display.
Jul 17 15:59:28 server node[2358710]: [2026-07-17 09:59:28.551] [LOG]   [MMM-SecondBrain] [MMM-SecondBrain] Publishing 4 item(s) to display.
Jul 17 16:00:14 server node[2358710]: [2026-07-17 10:00:14.582] [LOG]   [MMM-SecondBrain] [MMM-SecondBrain] Publishing 4 item(s) to display.
Jul 17 16:01:20 server node[2358710]: [2026-07-17 10:01:20.382] [LOG]   [MMM-SecondBrain] [MMM-SecondBrain] Publishing 4 item(s) to display.
Jul 17 16:02:19 server node[2358710]: [2026-07-17 10:02:19.110] [LOG]   [MMM-SecondBrain] [MMM-SecondBrain] Publishing 4 item(s) to display.
Jul 17 16:03:15 server node[2358710]: [2026-07-17 10:03:15.315] [LOG]   [MMM-SecondBrain] [MMM-SecondBrain] Publishing 4 item(s) to display.
Jul 17 16:04:14 server node[2358710]: [2026-07-17 10:04:14.784] [LOG]   [MMM-SecondBrain] [MMM-SecondBrain] Publishing 4 item(s) to display.
Jul 17 16:05:30 server node[2358710]: [2026-07-17 10:05:30.527] [LOG]   [MMM-SecondBrain] [MMM-SecondBrain] Publishing 4 item(s) to display.
Jul 17 16:06:14 server node[2358710]: [2026-07-17 10:06:14.724] [LOG]   [MMM-SecondBrain] [MMM-SecondBrain] Publishing 4 item(s) to display.
Jul 17 16:07:15 server node[2358710]: [2026-07-17 10:07:15.728] [LOG]   [MMM-SecondBrain] [MMM-SecondBrain] Publishing 4 item(s) to display.
Jul 17 16:08:14 server node[2358710]: [2026-07-17 10:08:14.872] [LOG]   [MMM-SecondBrain] [MMM-SecondBrain] Publishing 4 item(s) to display.
Jul 17 16:09:27 server node[2358710]: [2026-07-17 10:09:27.688] [ERROR] [lib] [MMM-SecondBrain] Gmail IMAP account personal.json failed: read ECONNRESET
Jul 17 16:09:27 server node[2358710]: [2026-07-17 10:09:27.689] [LOG]   [MMM-SecondBrain] [MMM-SecondBrain] Publishing 2 item(s) to display.
Jul 17 16:10:14 server node[2358710]: [2026-07-17 10:10:14.784] [LOG]   [MMM-SecondBrain] [MMM-SecondBrain] Publishing 4 item(s) to display.
Jul 17 16:11:14 server node[2358710]: [2026-07-17 10:11:14.897] [LOG]   [MMM-SecondBrain] [MMM-SecondBrain] Publishing 4 item(s) to display.
Jul 17 16:12:22 server node[2358710]: [2026-07-17 10:12:22.249] [LOG]   [MMM-SecondBrain] [MMM-SecondBrain] Publishing 4 item(s) to display.
Jul 17 16:12:45 server snapd[1168]: storehelpers.go:919: cannot refresh: snap has no updates available: "bare", "chromium", "core22", "core24", "cups", "gnome-46-2404", "gtk-common-themes", "libation", "mesa-2404", "snapd"
Jul 17 16:13:14 server node[2358710]: [2026-07-17 10:13:14.834] [LOG]   [MMM-SecondBrain] [MMM-SecondBrain] Publishing 4 item(s) to display.
Jul 17 16:14:31 server node[2358710]: [2026-07-17 10:14:31.927] [INFO]  [lib] [MMM-SecondBrain] Loaded 49 Nextcloud phone entries.
Jul 17 16:14:32 server node[2358710]: [2026-07-17 10:14:32.370] [LOG]   [MMM-SecondBrain] [MMM-SecondBrain] Publishing 4 item(s) to display.
Jul 17 16:15:16 server node[2358710]: [2026-07-17 10:15:16.786] [LOG]   [MMM-SecondBrain] [MMM-SecondBrain] Publishing 4 item(s) to display.
Jul 17 16:16:14 server node[2358710]: [2026-07-17 10:16:14.824] [LOG]   [MMM-SecondBrain] [MMM-SecondBrain] Publishing 4 item(s) to display.
Jul 17 16:17:18 server node[2358710]: [2026-07-17 10:17:18.823] [LOG]   [MMM-SecondBrain] [MMM-SecondBrain] Publishing 4 item(s) to display.
Jul 17 16:18:22 server node[2358710]: [2026-07-17 10:18:22.893] [LOG]   [MMM-SecondBrain] [MMM-SecondBrain] Publishing 4 item(s) to display.
Jul 17 16:19:14 server node[2358710]: [2026-07-17 10:19:14.671] [LOG]   [MMM-SecondBrain] [MMM-SecondBrain] Publishing 4 item(s) to display.
Jul 17 16:20:29 server node[2358710]: [2026-07-17 10:20:29.230] [LOG]   [MMM-SecondBrain] [MMM-SecondBrain] Publishing 4 item(s) to display.
Jul 17 16:21:14 server node[2358710]: [2026-07-17 10:21:14.761] [LOG]   [MMM-SecondBrain] [MMM-SecondBrain] Publishing 4 item(s) to display.
Jul 17 16:22:15 server node[2358710]: [2026-07-17 10:22:15.212] [LOG]   [MMM-SecondBrain] [MMM-SecondBrain] Publishing 4 item(s) to display.
Jul 17 16:23:14 server node[2358710]: [2026-07-17 10:23:14.966] [LOG]   [MMM-SecondBrain] [MMM-SecondBrain] Publishing 4 item(s) to display.
Jul 17 16:24:23 server node[2358710]: [2026-07-17 10:24:23.705] [LOG]   [MMM-SecondBrain] [MMM-SecondBrain] Publishing 4 item(s) to display.
Jul 17 16:25:15 server node[2358710]: [2026-07-17 10:25:15.815] [LOG]   [MMM-SecondBrain] [MMM-SecondBrain] Publishing 4 item(s) to display.
Jul 17 16:26:15 server node[2358710]: [2026-07-17 10:26:15.131] [LOG]   [MMM-SecondBrain] [MMM-SecondBrain] Publishing 4 item(s) to display.
Jul 17 16:27:25 server node[2358710]: [2026-07-17 10:27:25.585] [LOG]   [MMM-SecondBrain] [MMM-SecondBrain] Publishing 4 item(s) to display.
Jul 17 16:28:27 server node[2358710]: [2026-07-17 10:28:27.912] [ERROR] [lib] [MMM-SecondBrain] Gmail IMAP account personal.json failed: read ECONNRESET
Jul 17 16:28:27 server node[2358710]: [2026-07-17 10:28:27.913] [LOG]   [MMM-SecondBrain] [MMM-SecondBrain] Publishing 2 item(s) to display.
Jul 17 16:29:14 server node[2358710]: [2026-07-17 10:29:14.856] [LOG]   [MMM-SecondBrain] [MMM-SecondBrain] Publishing 4 item(s) to display.
Jul 17 16:30:20 server node[2358710]: [2026-07-17 10:30:20.703] [INFO]  [lib] [MMM-SecondBrain] Loaded 49 Nextcloud phone entries.
Jul 17 16:30:21 server node[2358710]: [2026-07-17 10:30:21.026] [LOG]   [MMM-SecondBrain] [MMM-SecondBrain] Publishing 4 item(s) to display.
Jul 17 16:31:14 server node[2358710]: [2026-07-17 10:31:14.992] [LOG]   [MMM-SecondBrain] [MMM-SecondBrain] Publishing 4 item(s) to display.
Jul 17 16:32:17 server node[2358710]: [2026-07-17 10:32:17.619] [LOG]   [MMM-SecondBrain] [MMM-SecondBrain] Publishing 4 item(s) to display.
Jul 17 16:33:14 server node[2358710]: [2026-07-17 10:33:14.669] [LOG]   [MMM-SecondBrain] [MMM-SecondBrain] Publishing 4 item(s) to display.
Jul 17 16:34:17 server node[2358710]: [2026-07-17 10:34:17.924] [LOG]   [MMM-SecondBrain] [MMM-SecondBrain] Publishing 4 item(s) to display.
Jul 17 16:35:16 server node[2358710]: [2026-07-17 10:35:16.836] [LOG]   [MMM-SecondBrain] [MMM-SecondBrain] Publishing 4 item(s) to display.
Jul 17 16:36:15 server node[2358710]: [2026-07-17 10:36:15.753] [LOG]   [MMM-SecondBrain] [MMM-SecondBrain] Publishing 4 item(s) to display.
Jul 17 16:37:16 server node[2358710]: [2026-07-17 10:37:16.463] [LOG]   [MMM-SecondBrain] [MMM-SecondBrain] Publishing 4 item(s) to display.
Jul 17 16:38:15 server node[2358710]: [2026-07-17 10:38:15.148] [LOG]   [MMM-SecondBrain] [MMM-SecondBrain] Publishing 4 item(s) to display.
Jul 17 16:39:16 server node[2358710]: [2026-07-17 10:39:16.276] [LOG]   [MMM-SecondBrain] [MMM-SecondBrain] Publishing 4 item(s) to display.
Jul 17 16:40:15 server node[2358710]: [2026-07-17 10:40:15.397] [LOG]   [MMM-SecondBrain] [MMM-SecondBrain] Publishing 4 item(s) to display.
Jul 17 16:41:15 server node[2358710]: [2026-07-17 10:41:15.764] [LOG]   [MMM-SecondBrain] [MMM-SecondBrain] Publishing 4 item(s) to display.
Jul 17 16:42:30 server node[2358710]: [2026-07-17 10:42:30.763] [LOG]   [MMM-SecondBrain] [MMM-SecondBrain] Publishing 4 item(s) to display.
Jul 17 16:43:15 server node[2358710]: [2026-07-17 10:43:15.741] [LOG]   [MMM-SecondBrain] [MMM-SecondBrain] Publishing 4 item(s) to display.
Jul 17 16:44:16 server node[2358710]: [2026-07-17 10:44:16.533] [LOG]   [MMM-SecondBrain] [MMM-SecondBrain] Publishing 4 item(s) to display.
Jul 17 16:45:18 server node[2358710]: [2026-07-17 10:45:18.819] [LOG]   [MMM-SecondBrain] [MMM-SecondBrain] Publishing 4 item(s) to display.
Jul 17 16:46:20 server node[2358710]: [2026-07-17 10:46:20.353] [INFO]  [lib] [MMM-SecondBrain] Loaded 49 Nextcloud phone entries.
Jul 17 16:46:20 server node[2358710]: [2026-07-17 10:46:20.649] [LOG]   [MMM-SecondBrain] [MMM-SecondBrain] Publishing 4 item(s) to display.
Jul 17 16:47:28 server node[2358710]: [2026-07-17 10:47:28.925] [LOG]   [MMM-SecondBrain] [MMM-SecondBrain] Publishing 4 item(s) to display.
Jul 17 16:48:16 server node[2358710]: [2026-07-17 10:48:16.437] [LOG]   [MMM-SecondBrain] [MMM-SecondBrain] Publishing 4 item(s) to display.
Jul 17 16:49:22 server node[2358710]: [2026-07-17 10:49:22.672] [LOG]   [MMM-SecondBrain] [MMM-SecondBrain] Publishing 4 item(s) to display.
Jul 17 16:50:16 server node[2358710]: [2026-07-17 10:50:16.488] [LOG]   [MMM-SecondBrain] [MMM-SecondBrain] Publishing 4 item(s) to display.
Jul 17 16:51:22 server node[2358710]: [2026-07-17 10:51:22.469] [LOG]   [MMM-SecondBrain] [MMM-SecondBrain] Publishing 4 item(s) to display.
Jul 17 16:52:15 server node[2358710]: [2026-07-17 10:52:15.091] [LOG]   [MMM-SecondBrain] [MMM-SecondBrain] Publishing 4 item(s) to display.
Jul 17 16:53:15 server node[2358710]: [2026-07-17 10:53:15.220] [LOG]   [MMM-SecondBrain] [MMM-SecondBrain] Publishing 4 item(s) to display.
Jul 17 16:54:15 server node[2358710]: [2026-07-17 10:54:15.635] [LOG]   [MMM-SecondBrain] [MMM-SecondBrain] Publishing 4 item(s) to display.
Jul 17 16:55:43 server node[2358710]: [2026-07-17 10:55:43.548] [LOG]   [MMM-SecondBrain] [MMM-SecondBrain] Publishing 4 item(s) to display.
Jul 17 16:56:17 server node[2358710]: [2026-07-17 10:56:17.305] [LOG]   [MMM-SecondBrain] [MMM-SecondBrain] Publishing 4 item(s) to display.
Jul 17 16:57:17 server node[2358710]: [2026-07-17 10:57:17.751] [LOG]   [MMM-SecondBrain] [MMM-SecondBrain] Publishing 4 item(s) to display.
Jul 17 16:58:27 server node[2358710]: [2026-07-17 10:58:27.575] [LOG]   [MMM-SecondBrain] [MMM-SecondBrain] Publishing 4 item(s) to display.
Jul 17 16:59:15 server node[2358710]: [2026-07-17 10:59:15.640] [LOG]   [MMM-SecondBrain] [MMM-SecondBrain] Publishing 4 item(s) to display.
Jul 17 17:00:22 server node[2358710]: [2026-07-17 11:00:22.798] [LOG]   [MMM-SecondBrain] [MMM-SecondBrain] Publishing 4 item(s) to display.
Jul 17 17:01:15 server node[2358710]: [2026-07-17 11:01:15.455] [LOG]   [MMM-SecondBrain] [MMM-SecondBrain] Publishing 4 item(s) to display.
Jul 17 17:02:21 server node[2358710]: [2026-07-17 11:02:21.768] [INFO]  [lib] [MMM-SecondBrain] Loaded 49 Nextcloud phone entries.
Jul 17 17:02:22 server node[2358710]: [2026-07-17 11:02:22.071] [LOG]   [MMM-SecondBrain] [MMM-SecondBrain] Publishing 4 item(s) to display.
Jul 17 17:03:20 server node[2358710]: [2026-07-17 11:03:20.132] [LOG]   [MMM-SecondBrain] [MMM-SecondBrain] Publishing 4 item(s) to display.
Jul 17 17:04:29 server node[2358710]: [2026-07-17 11:04:29.057] [LOG]   [MMM-SecondBrain] [MMM-SecondBrain] Publishing 4 item(s) to display.
Jul 17 17:05:14 server node[2358710]: [2026-07-17 11:05:14.364] [LOG]   [MMM-SecondBrain] [MMM-SecondBrain] Publishing 4 item(s) to display.
Jul 17 17:06:14 server node[2358710]: [2026-07-17 11:06:14.172] [LOG]   [MMM-SecondBrain] [MMM-SecondBrain] Publishing 4 item(s) to display.
Jul 17 17:07:18 server node[2358710]: [2026-07-17 11:07:18.108] [LOG]   [MMM-SecondBrain] [MMM-SecondBrain] Publishing 4 item(s) to display.
Jul 17 17:08:13 server node[2358710]: [2026-07-17 11:08:13.908] [LOG]   [MMM-SecondBrain] [MMM-SecondBrain] Publishing 4 item(s) to display.
Jul 17 17:09:14 server node[2358710]: [2026-07-17 11:09:14.056] [LOG]   [MMM-SecondBrain] [MMM-SecondBrain] Publishing 4 item(s) to display.
Jul 17 17:10:27 server node[2358710]: [2026-07-17 11:10:27.880] [LOG]   [MMM-SecondBrain] [MMM-SecondBrain] Publishing 4 item(s) to display.
Jul 17 17:11:13 server node[2358710]: [2026-07-17 11:11:13.772] [LOG]   [MMM-SecondBrain] [MMM-SecondBrain] Publishing 4 item(s) to display.
Jul 17 17:12:13 server node[2358710]: [2026-07-17 11:12:13.813] [LOG]   [MMM-SecondBrain] [MMM-SecondBrain] Publishing 4 item(s) to display.
Jul 17 17:13:14 server node[2358710]: [2026-07-17 11:13:14.056] [LOG]   [MMM-SecondBrain] [MMM-SecondBrain] Publishing 4 item(s) to display.
Jul 17 17:14:14 server node[2358710]: [2026-07-17 11:14:14.580] [LOG]   [MMM-SecondBrain] [MMM-SecondBrain] Publishing 4 item(s) to display.
Jul 17 17:15:13 server node[2358710]: [2026-07-17 11:15:13.856] [LOG]   [MMM-SecondBrain] [MMM-SecondBrain] Publishing 4 item(s) to display.
Jul 17 17:16:13 server node[2358710]: [2026-07-17 11:16:13.868] [LOG]   [MMM-SecondBrain] [MMM-SecondBrain] Publishing 4 item(s) to display.
Jul 17 17:17:14 server node[2358710]: [2026-07-17 11:17:14.336] [LOG]   [MMM-SecondBrain] [MMM-SecondBrain] Publishing 4 item(s) to display.
Jul 17 17:18:27 server node[2358710]: [2026-07-17 11:18:27.975] [ERROR] [lib] [MMM-SecondBrain] Gmail IMAP account personal.json failed: read ECONNRESET
Jul 17 17:18:27 server node[2358710]: [2026-07-17 11:18:27.975] [LOG]   [MMM-SecondBrain] [MMM-SecondBrain] Publishing 3 item(s) to display.
Jul 17 17:19:18 server node[2358710]: [2026-07-17 11:19:18.586] [INFO]  [lib] [MMM-SecondBrain] Loaded 49 Nextcloud phone entries.
Jul 17 17:19:18 server node[2358710]: [2026-07-17 11:19:18.758] [LOG]   [MMM-SecondBrain] [MMM-SecondBrain] Publishing 4 item(s) to display.
Jul 17 17:20:27 server node[2358710]: [2026-07-17 11:20:27.573] [LOG]   [MMM-SecondBrain] [MMM-SecondBrain] Publishing 4 item(s) to display.
Jul 17 17:21:28 server node[2358710]: [2026-07-17 11:21:28.758] [LOG]   [MMM-SecondBrain] [MMM-SecondBrain] Publishing 4 item(s) to display.
Jul 17 17:22:14 server node[2358710]: [2026-07-17 11:22:14.306] [LOG]   [MMM-SecondBrain] [MMM-SecondBrain] Publishing 4 item(s) to display.
Jul 17 17:23:14 server node[2358710]: [2026-07-17 11:23:14.748] [LOG]   [MMM-SecondBrain] [MMM-SecondBrain] Publishing 4 item(s) to display.
Jul 17 17:24:16 server node[2358710]: [2026-07-17 11:24:16.403] [LOG]   [MMM-SecondBrain] [MMM-SecondBrain] Publishing 4 item(s) to display.
Jul 17 17:25:17 server node[2358710]: [2026-07-17 11:25:17.124] [LOG]   [MMM-SecondBrain] [MMM-SecondBrain] Publishing 4 item(s) to display.
Jul 17 17:26:15 server node[2358710]: [2026-07-17 11:26:15.560] [LOG]   [MMM-SecondBrain] [MMM-SecondBrain] Publishing 4 item(s) to display.
Jul 17 17:27:15 server node[2358710]: [2026-07-17 11:27:15.830] [LOG]   [MMM-SecondBrain] [MMM-SecondBrain] Publishing 4 item(s) to display.
Jul 17 17:28:19 server node[2358710]: [2026-07-17 11:28:19.055] [LOG]   [MMM-SecondBrain] [MMM-SecondBrain] Publishing 4 item(s) to display.
Jul 17 17:29:27 server node[2358710]: [2026-07-17 11:29:27.688] [ERROR] [lib] [MMM-SecondBrain] Gmail IMAP account personal.json failed: read ECONNRESET
Jul 17 17:29:27 server node[2358710]: [2026-07-17 11:29:27.689] [LOG]   [MMM-SecondBrain] [MMM-SecondBrain] Publishing 3 item(s) to display.
Jul 17 17:30:16 server node[2358710]: [2026-07-17 11:30:16.403] [LOG]   [MMM-SecondBrain] [MMM-SecondBrain] Publishing 4 item(s) to display.
Jul 17 17:31:16 server node[2358710]: [2026-07-17 11:31:16.479] [LOG]   [MMM-SecondBrain] [MMM-SecondBrain] Publishing 4 item(s) to display.
Jul 17 17:32:16 server node[2358710]: [2026-07-17 11:32:16.839] [LOG]   [MMM-SecondBrain] [MMM-SecondBrain] Publishing 4 item(s) to display.
Jul 17 17:33:15 server node[2358710]: [2026-07-17 11:33:15.656] [LOG]   [MMM-SecondBrain] [MMM-SecondBrain] Publishing 4 item(s) to display.
Jul 17 17:34:25 server node[2358710]: [2026-07-17 11:34:25.833] [INFO]  [lib] [MMM-SecondBrain] Loaded 49 Nextcloud phone entries.
Jul 17 17:34:26 server node[2358710]: [2026-07-17 11:34:26.169] [LOG]   [MMM-SecondBrain] [MMM-SecondBrain] Publishing 4 item(s) to display.
Jul 17 17:35:31 server node[2358710]: [2026-07-17 11:35:31.500] [LOG]   [MMM-SecondBrain] [MMM-SecondBrain] Publishing 4 item(s) to display.
Jul 17 17:36:16 server node[2358710]: [2026-07-17 11:36:16.686] [LOG]   [MMM-SecondBrain] [MMM-SecondBrain] Publishing 4 item(s) to display.
Jul 17 17:37:15 server node[2358710]: [2026-07-17 11:37:15.475] [LOG]   [MMM-SecondBrain] [MMM-SecondBrain] Publishing 4 item(s) to display.
Jul 17 17:38:15 server node[2358710]: [2026-07-17 11:38:15.636] [LOG]   [MMM-SecondBrain] [MMM-SecondBrain] Publishing 4 item(s) to display.
Jul 17 17:39:19 server node[2358710]: [2026-07-17 11:39:19.746] [LOG]   [MMM-SecondBrain] [MMM-SecondBrain] Publishing 4 item(s) to display.
Jul 17 17:40:30 server node[2358710]: [2026-07-17 11:40:30.285] [LOG]   [MMM-SecondBrain] [MMM-SecondBrain] Publishing 4 item(s) to display.
Jul 17 17:41:23 server node[2358710]: [2026-07-17 11:41:23.868] [LOG]   [MMM-SecondBrain] [MMM-SecondBrain] Publishing 4 item(s) to display.
Jul 17 17:42:27 server node[2358710]: [2026-07-17 11:42:27.980] [ERROR] [lib] [MMM-SecondBrain] Gmail IMAP account personal.json failed: read ECONNRESET
Jul 17 17:42:28 server node[2358710]: [2026-07-17 11:42:27.981] [LOG]   [MMM-SecondBrain] [MMM-SecondBrain] Publishing 3 item(s) to display.
Jul 17 17:43:16 server node[2358710]: [2026-07-17 11:43:16.179] [LOG]   [MMM-SecondBrain] [MMM-SecondBrain] Publishing 4 item(s) to display.
Jul 17 17:44:19 server node[2358710]: [2026-07-17 11:44:19.481] [LOG]   [MMM-SecondBrain] [MMM-SecondBrain] Publishing 4 item(s) to display.
Jul 17 17:45:20 server node[2358710]: [2026-07-17 11:45:20.203] [LOG]   [MMM-SecondBrain] [MMM-SecondBrain] Publishing 4 item(s) to display.
Jul 17 17:46:36 server node[2358710]: [2026-07-17 11:46:36.011] [LOG]   [MMM-SecondBrain] [MMM-SecondBrain] Publishing 4 item(s) to display.
Jul 17 17:47:15 server node[2358710]: [2026-07-17 11:47:15.571] [LOG]   [MMM-SecondBrain] [MMM-SecondBrain] Publishing 4 item(s) to display.
Jul 17 17:48:22 server node[2358710]: [2026-07-17 11:48:22.873] [LOG]   [MMM-SecondBrain] [MMM-SecondBrain] Publishing 4 item(s) to display.
Jul 17 17:49:27 server node[2358710]: [2026-07-17 11:49:27.817] [ERROR] [lib] [MMM-SecondBrain] Gmail IMAP account personal.json failed: read ECONNRESET
Jul 17 17:49:27 server node[2358710]: [2026-07-17 11:49:27.818] [LOG]   [MMM-SecondBrain] [MMM-SecondBrain] Publishing 3 item(s) to display.
Jul 17 17:49:32 server systemd[1]: Stopping magicmirror.service - MagicMirror wall dashboard...
Jul 17 17:49:32 server systemd[1]: magicmirror.service: Deactivated successfully.
Jul 17 17:49:32 server systemd[1]: Stopped magicmirror.service - MagicMirror wall dashboard.
Jul 17 17:49:32 server systemd[1]: magicmirror.service: Consumed 41.970s CPU time.
Jul 17 17:49:32 server systemd[1]: Started magicmirror.service - MagicMirror wall dashboard.
Jul 17 17:49:32 server systemd[1232893]: snap.chromium.chromium-98a29138-e05a-484d-9176-4a3e2178746d.scope: Consumed 3min 33.182s CPU time.
Jul 17 17:49:33 server node[2595261]: [2026-07-17 11:49:33.169] [LOG]   [app] Starting MagicMirror: v2.37.0
Jul 17 17:49:33 server node[2595261]: [2026-07-17 11:49:33.176] [INFO]  [utils] Checking config file /opt/MagicMirror/config/config.js ...
Jul 17 17:49:33 server node[2595261]: [2026-07-17 11:49:33.303] [LOG]   [app] No helper found for module: clock.
Jul 17 17:49:33 server node[2595261]: [2026-07-17 11:49:33.518] [LOG]   [node_helper] Module helper loaded: MMM-SecondBrain
Jul 17 17:49:33 server node[2595261]: [2026-07-17 11:49:33.568] [LOG]   [node_helper] Connecting socket for: MMM-SecondBrain
Jul 17 17:49:35 server systemd[1232893]: Started snap.chromium.chromium-f9798efb-96dc-4d17-a2c7-04a7caab6923.scope.
Jul 17 17:49:36 server kernel: audit: type=1326 audit<REDACTED_PHONE>.639:1286): auid=<REDACTED_PHONE> uid=1001 gid=1003 ses=<REDACTED_PHONE> subj=snap.chromium.chromium pid=2595625 comm="chrome" exe="/snap/chromium/3491/usr/lib/chromium-browser/chrome" sig=0 arch=c000003e syscall=330 compat=0 ip=0x78c1dbc0e32b code=0x50000
Jul 17 17:49:36 server kernel: audit: type=1326 audit<REDACTED_PHONE>.639:1285): auid=<REDACTED_PHONE> uid=1001 gid=1003 ses=<REDACTED_PHONE> subj=snap.chromium.chromium pid=2595624 comm="chrome" exe="/snap/chromium/3491/usr/lib/chromium-browser/chrome" sig=0 arch=c000003e syscall=330 compat=0 ip=0x706de453332b code=0x50000
Jul 17 17:49:36 server kernel: audit: type=1400 audit<REDACTED_PHONE>.864:1287): apparmor="DENIED" operation="open" class="file" profile="snap.chromium.chromium" name="/etc/vulkan/implicit_layer.d/" pid=2595681 comm="chrome" requested_mask="r" denied_mask="r" fsuid=1001 ouid=0
Jul 17 17:49:36 server kernel: audit: type=1400 audit<REDACTED_PHONE>.864:1288): apparmor="DENIED" operation="open" class="file" profile="snap.chromium.chromium" name="/etc/vulkan/implicit_layer.d/" pid=2595681 comm="chrome" requested_mask="r" denied_mask="r" fsuid=1001 ouid=0
Jul 17 17:49:36 server kernel: audit: type=1400 audit<REDACTED_PHONE>.865:1289): apparmor="DENIED" operation="open" class="file" profile="snap.chromium.chromium" name="/etc/vulkan/icd.d/" pid=2595681 comm="chrome" requested_mask="r" denied_mask="r" fsuid=1001 ouid=0
Jul 17 17:49:36 server dbus-daemon[1487191]: apparmor="DENIED" operation="dbus_method_call"  bus="accessibility" path="/org/a11y/atspi/accessible/root" interface="org.a11y.atspi.Socket" member="Embed" mask="send" name="org.a11y.atspi.Registry" pid=2595518 label="snap.chromium.chromium"
Jul 17 17:49:36 server dbus-daemon[1487191]: apparmor="DENIED" operation="dbus_method_call"  bus="accessibility" path="/org/a11y/atspi/registry" interface="org.a11y.atspi.Registry" member="GetRegisteredEvents" mask="send" name="org.a11y.atspi.Registry" pid=2595518 label="snap.chromium.chromium"
Jul 17 17:49:36 server dbus-daemon[1487191]: apparmor="DENIED" operation="dbus_method_call"  bus="accessibility" path="/org/a11y/atspi/registry/deviceeventcontroller" interface="org.a11y.atspi.DeviceEventController" member="GetKeystrokeListeners" mask="send" name="org.a11y.atspi.Registry" pid=2595518 label="snap.chromium.chromium"
Jul 17 17:49:36 server dbus-daemon[1233126]: apparmor="DENIED" operation="dbus_method_call"  bus="session" path="/org/freedesktop/DBus" interface="org.freedesktop.DBus" member="ListActivatableNames" mask="send" name="org.freedesktop.DBus" pid=2595518 label="snap.chromium.chromium" peer_label="unconfined"
Jul 17 17:49:36 server dbus-daemon[1233126]: apparmor="DENIED" operation="dbus_method_call"  bus="session" path="/org/freedesktop/DBus" interface="org.freedesktop.DBus" member="ListActivatableNames" mask="send" name="org.freedesktop.DBus" pid=2595518 label="snap.chromium.chromium" peer_label="unconfined"
Jul 17 17:49:37 server kernel: audit: type=1400 audit<REDACTED_PHONE>.970:1290): apparmor="DENIED" operation="open" class="file" profile="snap.chromium.chromium" name="/etc/vulkan/icd.d/" pid=2595681 comm="chrome" requested_mask="r" denied_mask="r" fsuid=1001 ouid=0
Jul 17 17:49:37 server kernel: audit: type=1400 audit<REDACTED_PHONE>.970:1291): apparmor="DENIED" operation="open" class="file" profile="snap.chromium.chromium" name="/etc/vulkan/implicit_layer.d/" pid=2595681 comm="chrome" requested_mask="r" denied_mask="r" fsuid=1001 ouid=0
Jul 17 17:49:37 server kernel: audit: type=1400 audit<REDACTED_PHONE>.971:1292): apparmor="DENIED" operation="open" class="file" profile="snap.chromium.chromium" name="/etc/vulkan/implicit_layer.d/" pid=2595681 comm="chrome" requested_mask="r" denied_mask="r" fsuid=1001 ouid=0
Jul 17 17:49:37 server kernel: audit: type=1400 audit<REDACTED_PHONE>.971:1293): apparmor="DENIED" operation="open" class="file" profile="snap.chromium.chromium" name="/etc/vulkan/icd.d/" pid=2595681 comm="chrome" requested_mask="r" denied_mask="r" fsuid=1001 ouid=0
Jul 17 17:49:37 server kernel: audit: type=1400 audit<REDACTED_PHONE>.971:1294): apparmor="DENIED" operation="open" class="file" profile="snap.chromium.chromium" name="/etc/vulkan/implicit_layer.d/" pid=2595681 comm="chrome" requested_mask="r" denied_mask="r" fsuid=1001 ouid=0
Jul 17 17:49:38 server node[2595261]: [2026-07-17 11:49:38.169] [LOG]   [weather] Loading provider from: /opt/MagicMirror/defaultmodules/weather/providers/openmeteo.js
Jul 17 17:49:38 server node[2595261]: [2026-07-17 11:49:38.204] [LOG]   [weather] Loading provider from: /opt/MagicMirror/defaultmodules/weather/providers/openmeteo.js
Jul 17 17:50:05 server node[2595261]: [2026-07-17 11:50:05.075] [INFO]  [lib] [MMM-SecondBrain] Loaded 49 Nextcloud phone entries.
Jul 17 17:50:05 server node[2595261]: [2026-07-17 11:50:05.597] [LOG]   [MMM-SecondBrain] [MMM-SecondBrain] Publishing 4 item(s) to display.
Jul 17 17:50:45 server node[2595261]: [2026-07-17 11:50:45.863] [LOG]   [MMM-SecondBrain] [MMM-SecondBrain] Publishing 4 item(s) to display.
Jul 17 17:50:48 server systemd[1]: Stopping magicmirror.service - MagicMirror wall dashboard...
Jul 17 17:50:48 server systemd[1]: magicmirror.service: Deactivated successfully.
Jul 17 17:50:48 server systemd[1]: Stopped magicmirror.service - MagicMirror wall dashboard.
Jul 17 17:50:48 server systemd[1]: magicmirror.service: Consumed 3.748s CPU time.
Jul 17 17:50:48 server systemd[1]: Started magicmirror.service - MagicMirror wall dashboard.
Jul 17 17:50:48 server systemd[1]: Stopping lightdm.service - Light Display Manager...
Jul 17 17:50:48 server systemd[1232893]: snap.chromium.chromium-f9798efb-96dc-4d17-a2c7-04a7caab6923.scope: Consumed 3.928s CPU time.
Jul 17 17:50:49 server node[2597709]: [2026-07-17 11:50:49.090] [LOG]   [app] Starting MagicMirror: v2.37.0
Jul 17 17:50:49 server node[2597709]: [2026-07-17 11:50:49.096] [INFO]  [utils] Checking config file /opt/MagicMirror/config/config.js ...
Jul 17 17:50:49 server systemd[1]: lightdm.service: Deactivated successfully.
Jul 17 17:50:49 server systemd[1]: Stopped lightdm.service - Light Display Manager.
Jul 17 17:50:49 server systemd[1]: lightdm.service: Consumed 28min 55.661s CPU time.
Jul 17 17:50:49 server node[2597709]: [2026-07-17 11:50:49.202] [LOG]   [app] No helper found for module: clock.
Jul 17 17:50:49 server node[2597709]: [2026-07-17 11:50:49.321] [LOG]   [node_helper] Module helper loaded: MMM-SecondBrain
Jul 17 17:50:49 server node[2597709]: [2026-07-17 11:50:49.333] [LOG]   [node_helper] Connecting socket for: MMM-SecondBrain
Jul 17 17:50:49 server systemd[1]: Starting lightdm.service - Light Display Manager...
Jul 17 17:50:49 server systemd[1]: Started lightdm.service - Light Display Manager.
Jul 17 17:50:51 server lightdm[2597953]: pam_unix(lightdm-autologin:session): session opened for user calendar-display(uid=1001) by (uid=0)
Jul 17 17:50:52 server systemd[1232893]: Started snap.chromium.chromium-943ee2a1-b202-40c3-941c-e0f29ca8b2bd.scope.
Jul 17 17:50:52 server kernel: audit: type=1326 audit<REDACTED_PHONE>.842:1301): auid=<REDACTED_PHONE> uid=1001 gid=1003 ses=<REDACTED_PHONE> subj=snap.chromium.chromium pid=2598138 comm="chrome" exe="/snap/chromium/3491/usr/lib/chromium-browser/chrome" sig=0 arch=c000003e syscall=330 compat=0 ip=0x7fe721d9032b code=0x50000
Jul 17 17:50:52 server kernel: audit: type=1326 audit<REDACTED_PHONE>.842:1302): auid=<REDACTED_PHONE> uid=1001 gid=1003 ses=<REDACTED_PHONE> subj=snap.chromium.chromium pid=2598139 comm="chrome" exe="/snap/chromium/3491/usr/lib/chromium-browser/chrome" sig=0 arch=c000003e syscall=330 compat=0 ip=0x713539f4632b code=0x50000
Jul 17 17:50:53 server kernel: audit: type=1400 audit<REDACTED_PHONE>.004:1303): apparmor="DENIED" operation="open" class="file" profile="snap.chromium.chromium" name="/etc/vulkan/implicit_layer.d/" pid=2598179 comm="chrome" requested_mask="r" denied_mask="r" fsuid=1001 ouid=0
Jul 17 17:50:53 server kernel: audit: type=1400 audit<REDACTED_PHONE>.004:1304): apparmor="DENIED" operation="open" class="file" profile="snap.chromium.chromium" name="/etc/vulkan/implicit_layer.d/" pid=2598179 comm="chrome" requested_mask="r" denied_mask="r" fsuid=1001 ouid=0
Jul 17 17:50:53 server kernel: audit: type=1400 audit<REDACTED_PHONE>.004:1305): apparmor="DENIED" operation="open" class="file" profile="snap.chromium.chromium" name="/etc/vulkan/icd.d/" pid=2598179 comm="chrome" requested_mask="r" denied_mask="r" fsuid=1001 ouid=0
Jul 17 17:50:53 server kernel: audit: type=1400 audit<REDACTED_PHONE>.073:1306): apparmor="DENIED" operation="open" class="file" profile="snap.chromium.chromium" name="/etc/vulkan/icd.d/" pid=2598179 comm="chrome" requested_mask="r" denied_mask="r" fsuid=1001 ouid=0
Jul 17 17:50:53 server kernel: audit: type=1400 audit<REDACTED_PHONE>.073:1307): apparmor="DENIED" operation="open" class="file" profile="snap.chromium.chromium" name="/etc/vulkan/implicit_layer.d/" pid=2598179 comm="chrome" requested_mask="r" denied_mask="r" fsuid=1001 ouid=0
Jul 17 17:50:53 server kernel: audit: type=1400 audit<REDACTED_PHONE>.074:1308): apparmor="DENIED" operation="open" class="file" profile="snap.chromium.chromium" name="/etc/vulkan/implicit_layer.d/" pid=2598179 comm="chrome" requested_mask="r" denied_mask="r" fsuid=1001 ouid=0
Jul 17 17:50:53 server kernel: audit: type=1400 audit<REDACTED_PHONE>.074:1309): apparmor="DENIED" operation="open" class="file" profile="snap.chromium.chromium" name="/etc/vulkan/icd.d/" pid=2598179 comm="chrome" requested_mask="r" denied_mask="r" fsuid=1001 ouid=0
Jul 17 17:50:53 server kernel: audit: type=1400 audit<REDACTED_PHONE>.074:1310): apparmor="DENIED" operation="open" class="file" profile="snap.chromium.chromium" name="/etc/vulkan/implicit_layer.d/" pid=2598179 comm="chrome" requested_mask="r" denied_mask="r" fsuid=1001 ouid=0
Jul 17 17:50:53 server dbus-daemon[1487191]: apparmor="DENIED" operation="dbus_method_call"  bus="accessibility" path="/org/a11y/atspi/accessible/root" interface="org.a11y.atspi.Socket" member="Embed" mask="send" name="org.a11y.atspi.Registry" pid=2598047 label="snap.chromium.chromium"
Jul 17 17:50:53 server dbus-daemon[1487191]: apparmor="DENIED" operation="dbus_method_call"  bus="accessibility" path="/org/a11y/atspi/registry" interface="org.a11y.atspi.Registry" member="GetRegisteredEvents" mask="send" name="org.a11y.atspi.Registry" pid=2598047 label="snap.chromium.chromium"
Jul 17 17:50:53 server dbus-daemon[1487191]: apparmor="DENIED" operation="dbus_method_call"  bus="accessibility" path="/org/a11y/atspi/registry/deviceeventcontroller" interface="org.a11y.atspi.DeviceEventController" member="GetKeystrokeListeners" mask="send" name="org.a11y.atspi.Registry" pid=2598047 label="snap.chromium.chromium"
Jul 17 17:50:53 server dbus-daemon[1233126]: apparmor="DENIED" operation="dbus_method_call"  bus="session" path="/org/freedesktop/DBus" interface="org.freedesktop.DBus" member="ListActivatableNames" mask="send" name="org.freedesktop.DBus" pid=2598047 label="snap.chromium.chromium" peer_label="unconfined"
Jul 17 17:50:53 server dbus-daemon[1233126]: apparmor="DENIED" operation="dbus_method_call"  bus="session" path="/org/freedesktop/DBus" interface="org.freedesktop.DBus" member="ListActivatableNames" mask="send" name="org.freedesktop.DBus" pid=2598047 label="snap.chromium.chromium" peer_label="unconfined"
Jul 17 17:50:53 server node[2597709]: [2026-07-17 11:50:53.517] [LOG]   [weather] Loading provider from: /opt/MagicMirror/defaultmodules/weather/providers/openmeteo.js
Jul 17 17:50:53 server node[2597709]: [2026-07-17 11:50:53.544] [LOG]   [weather] Loading provider from: /opt/MagicMirror/defaultmodules/weather/providers/openmeteo.js
Jul 17 17:51:06 server node[2597709]: [2026-07-17 11:51:06.647] [INFO]  [lib] [MMM-SecondBrain] Loaded 49 Nextcloud phone entries.
Jul 17 17:51:06 server node[2597709]: [2026-07-17 11:51:06.977] [LOG]   [MMM-SecondBrain] [MMM-SecondBrain] Publishing 4 item(s) to display.
Jul 17 17:52:01 server node[2597709]: [2026-07-17 11:52:01.110] [LOG]   [MMM-SecondBrain] [MMM-SecondBrain] Publishing 4 item(s) to display.
Jul 17 17:52:17 server node[2597709]: [2026-07-17 11:52:17.511] [LOG]   [MMM-SecondBrain] [MMM-SecondBrain] Publishing 4 item(s) to display.
Jul 17 17:53:01 server node[2597709]: [2026-07-17 11:53:01.412] [LOG]   [MMM-SecondBrain] [MMM-SecondBrain] Publishing 4 item(s) to display.
Jul 17 17:53:11 server node[2597709]: [2026-07-17 11:53:11.183] [LOG]   [MMM-SecondBrain] [MMM-SecondBrain] Publishing 4 item(s) to display.
Jul 17 17:54:01 server node[2597709]: [2026-07-17 11:54:01.680] [LOG]   [MMM-SecondBrain] [MMM-SecondBrain] Publishing 4 item(s) to display.
Jul 17 17:54:11 server node[2597709]: [2026-07-17 11:54:11.364] [LOG]   [MMM-SecondBrain] [MMM-SecondBrain] Publishing 4 item(s) to display.
Jul 17 17:55:05 server node[2597709]: [2026-07-17 11:55:05.032] [LOG]   [MMM-SecondBrain] [MMM-SecondBrain] Publishing 4 item(s) to display.
Jul 17 17:56:01 server node[2597709]: [2026-07-17 11:56:01.463] [LOG]   [MMM-SecondBrain] [MMM-SecondBrain] Publishing 4 item(s) to display.
Jul 17 17:56:15 server systemd[1]: Started snap.chromium.chromium-a6096aee-38e8-41b7-b985-2ef6c23fd3da.scope.
Jul 17 17:56:15 server kernel: audit: type=1400 audit<REDACTED_PHONE>.336:1317): apparmor="DENIED" operation="capable" class="cap" profile="snap.chromium.chromium" pid=2605077 comm="gpu-2404-wrappe" capability=2  capname="dac_read_search"
Jul 17 17:56:15 server kernel: audit: type=1400 audit<REDACTED_PHONE>.336:1318): apparmor="DENIED" operation="capable" class="cap" profile="snap.chromium.chromium" pid=2605077 comm="gpu-2404-wrappe" capability=1  capname="dac_override"
Jul 17 17:56:15 server kernel: audit: type=1400 audit<REDACTED_PHONE>.337:1319): apparmor="DENIED" operation="capable" class="cap" profile="snap.chromium.chromium" pid=2605108 comm="gpu-2404-wrappe" capability=2  capname="dac_read_search"
Jul 17 17:56:15 server kernel: audit: type=1400 audit<REDACTED_PHONE>.337:1320): apparmor="DENIED" operation="capable" class="cap" profile="snap.chromium.chromium" pid=2605108 comm="gpu-2404-wrappe" capability=1  capname="dac_override"
Jul 17 17:56:15 server kernel: audit: type=1400 audit<REDACTED_PHONE>.338:1321): apparmor="DENIED" operation="capable" class="cap" profile="snap.chromium.chromium" pid=2605110 comm="gpu-2404-wrappe" capability=2  capname="dac_read_search"
Jul 17 17:56:15 server kernel: audit: type=1400 audit<REDACTED_PHONE>.338:1322): apparmor="DENIED" operation="capable" class="cap" profile="snap.chromium.chromium" pid=2605110 comm="gpu-2404-wrappe" capability=1  capname="dac_override"
Jul 17 17:56:15 server kernel: audit: type=1400 audit<REDACTED_PHONE>.340:1323): apparmor="DENIED" operation="capable" class="cap" profile="snap.chromium.chromium" pid=2605112 comm="gpu-2404-wrappe" capability=2  capname="dac_read_search"
Jul 17 17:56:15 server kernel: audit: type=1400 audit<REDACTED_PHONE>.340:1324): apparmor="DENIED" operation="capable" class="cap" profile="snap.chromium.chromium" pid=2605112 comm="gpu-2404-wrappe" capability=1  capname="dac_override"
Jul 17 17:56:15 server kernel: audit: type=1400 audit<REDACTED_PHONE>.439:1325): apparmor="DENIED" operation="mkdir" class="file" profile="snap.chromium.chromium" name="/run/user/0/" pid=2605130 comm="mkdir" requested_mask="c" denied_mask="c" fsuid=0 ouid=0
Jul 17 17:56:16 server kernel: audit: type=1400 audit<REDACTED_PHONE>.189:1326): apparmor="DENIED" operation="capable" class="cap" profile="snap.chromium.chromium" pid=2605077 comm="chrome" capability=23  capname="sys_nice"
Jul 17 17:56:16 server systemd[1]: snap.chromium.chromium-a6096aee-38e8-41b7-b985-2ef6c23fd3da.scope: Deactivated successfully.
